season,round,driver,event_name,country,location,date,is_street_circuit,total_race_laps,driver_number,driver_abbrev,team,grid_position,final_position,points_scored,laps_completed,status,dnf,is_wet_race,num_pit_stops,first_stint_compound,tire_strategy,first_stint_len,safety_car_deployed,vsc_deployed,red_flag,avg_air_temp,avg_track_temp,median_lap_time,clean_pace,race_median,race_clean,pace_delta,clean_pace_delta,teammate_pace_delta,driver_rolling_avg_3,driver_rolling_avg_5,driver_dnf_rate_season,constructor_rolling_avg_points_3,constructor_season_points,compound_encoded,team_encoded,driver_encoded
2022,1,ALB,Bahrain Grand Prix,Bahrain,Sakhir,2022-03-20,False,57.0,23,ALB,Williams,14.0,13.0,0.0,57.0,Finished,False,False,3,SOFT,SOFT→MEDIUM→MEDIUM→SOFT,13.0,True,False,False,22.887719298245614,27.322807017543862,100.736,98.826,99.32,97.1255,1.416000000000011,1.700499999999991,-0.29999999999998295,,,,,,0,9,0
2022,1,ALO,Bahrain Grand Prix,Bahrain,Sakhir,2022-03-20,False,57.0,14,ALO,Alpine,8.0,9.0,2.0,57.0,Finished,False,False,3,SOFT,SOFT→MEDIUM→HARD→SOFT,11.0,True,False,False,22.896491228070175,27.322807017543862,99.74449999999999,97.59,99.32,97.1255,0.42449999999999477,0.464500000000001,0.5589999999999691,,,,,,0,0,1
2022,1,BOT,Bahrain Grand Prix,Bahrain,Sakhir,2022-03-20,False,57.0,77,BOT,Kick Sauber,6.0,6.0,8.0,57.0,Finished,False,False,3,SOFT,SOFT→MEDIUM→MEDIUM→SOFT,14.0,True,False,False,22.896491228070175,27.32456140350877,99.6945,97.067,99.32,97.1255,0.3745000000000118,-0.05850000000000932,-0.11949999999998795,,,,,,0,4,5
2022,1,GAS,Bahrain Grand Prix,Bahrain,Sakhir,2022-03-20,False,57.0,10,GAS,RB,10.0,20.0,0.0,44.0,Power Unit,True,False,2,SOFT,SOFT→MEDIUM→HARD,14.0,False,False,False,23.015555555555558,27.564444444444447,99.513,98.221,99.32,97.1255,0.19300000000001205,1.0955000000000013,0.4440000000000168,,,,,,0,7,9
2022,1,HAM,Bahrain Grand Prix,Bahrain,Sakhir,2022-03-20,False,57.0,44,HAM,Mercedes,5.0,3.0,15.0,57.0,Finished,False,False,3,SOFT,SOFT→HARD→MEDIUM→SOFT,11.0,True,False,False,22.898245614035087,27.331578947368424,98.368,96.487,99.32,97.1255,-0.9519999999999982,-0.6385000000000076,-0.45350000000001955,,,,,,0,6,11
2022,1,HUL,Bahrain Grand Prix,Bahrain,Sakhir,2022-03-20,False,57.0,27,HUL,Aston Martin,17.0,17.0,0.0,57.0,Finished,False,False,3,SOFT,SOFT→SOFT→MEDIUM→SOFT,19.0,True,False,False,22.88421052631579,27.312280701754386,100.658,98.599,99.32,97.1255,1.338000000000008,1.4735000000000014,0.26300000000000523,,,,,,0,1,12
2022,1,LAT,Bahrain Grand Prix,Bahrain,Sakhir,2022-03-20,False,57.0,6,LAT,Williams,20.0,16.0,0.0,57.0,Finished,False,False,3,SOFT,SOFT→SOFT→MEDIUM→SOFT,14.0,True,False,False,22.882456140350875,27.31578947368421,101.036,99.119,99.32,97.1255,1.7160000000000082,1.9934999999999974,0.30000000000001137,,,,,,0,9,13
2022,1,LEC,Bahrain Grand Prix,Bahrain,Sakhir,2022-03-20,False,57.0,16,LEC,Ferrari,1.0,1.0,26.0,57.0,Finished,False,False,3,SOFT,SOFT→SOFT→MEDIUM→SOFT,15.0,True,False,False,22.9,27.33859649122807,97.634,95.429,99.32,97.1255,-1.6859999999999928,-1.6965000000000003,-0.42499999999998295,,,,,,0,2,15
2022,1,MAG,Bahrain Grand Prix,Bahrain,Sakhir,2022-03-20,False,57.0,20,MAG,Haas F1 Team,7.0,5.0,10.0,57.0,Finished,False,False,3,SOFT,SOFT→SOFT→MEDIUM→SOFT,14.0,True,False,False,22.894736842105264,27.32456140350877,99.0255,96.96,99.32,97.1255,-0.2944999999999993,-0.16550000000000864,-1.4875000000000114,,,,,,0,3,16
2022,1,MSC,Bahrain Grand Prix,Bahrain,Sakhir,2022-03-20,False,57.0,47,MSC,Haas F1 Team,12.0,11.0,0.0,57.0,Finished,False,False,2,SOFT,SOFT→MEDIUM→SOFT,12.0,True,False,False,22.892982456140352,27.31578947368421,100.513,97.957,99.32,97.1255,1.193000000000012,0.8314999999999912,1.4875000000000114,,,,,,0,3,17
2022,1,NOR,Bahrain Grand Prix,Bahrain,Sakhir,2022-03-20,False,57.0,4,NOR,McLaren,13.0,15.0,0.0,57.0,Finished,False,False,3,MEDIUM,MEDIUM→HARD→SOFT→SOFT,24.0,True,False,False,22.885964912280702,27.31578947368421,101.459,98.018,99.32,97.1255,2.13900000000001,0.8924999999999983,0.9379999999999882,,,,,,1,5,18
2022,1,OCO,Bahrain Grand Prix,Bahrain,Sakhir,2022-03-20,False,57.0,31,OCO,Alpine,11.0,7.0,6.0,57.0,Finished,False,False,3,SOFT,SOFT→MEDIUM→HARD→SOFT,14.0,True,False,False,22.896491228070175,27.32456140350877,99.1855,97.52350000000001,99.32,97.1255,-0.13449999999998852,0.39800000000001035,-0.5589999999999975,,,,,,0,0,19
2022,1,PER,Bahrain Grand Prix,Bahrain,Sakhir,2022-03-20,False,57.0,11,PER,Red Bull Racing,4.0,18.0,0.0,56.0,Fuel pressure,True,False,3,SOFT,SOFT→MEDIUM→SOFT→SOFT,15.0,True,False,False,22.901754385964914,27.340350877192986,98.155,96.3455,99.32,97.1255,-1.164999999999992,-0.7800000000000011,0.06400000000002137,,,,,,0,8,20
2022,1,RIC,Bahrain Grand Prix,Bahrain,Sakhir,2022-03-20,False,57.0,3,RIC,McLaren,18.0,14.0,0.0,57.0,Finished,False,False,3,MEDIUM,MEDIUM→SOFT→HARD→SOFT,17.0,True,False,False,22.88421052631579,27.31578947368421,100.521,98.639,99.32,97.1255,1.2010000000000076,1.5134999999999934,-0.9380000000000166,,,,,,1,5,22
2022,1,RUS,Bahrain Grand Prix,Bahrain,Sakhir,2022-03-20,False,57.0,63,RUS,Mercedes,9.0,4.0,12.0,57.0,Finished,False,False,3,SOFT,SOFT→HARD→MEDIUM→SOFT,15.0,True,False,False,22.892982456140352,27.328070175438597,98.8215,96.592,99.32,97.1255,-0.49849999999999284,-0.5335000000000036,0.45349999999999113,,,,,,0,6,23
2022,1,SAI,Bahrain Grand Prix,Bahrain,Sakhir,2022-03-20,False,57.0,55,SAI,Ferrari,3.0,2.0,18.0,57.0,Finished,False,False,3,SOFT,SOFT→SOFT→MEDIUM→SOFT,14.0,True,False,False,22.901754385964914,27.33859649122807,98.059,96.075,99.32,97.1255,-1.2609999999999957,-1.0504999999999995,0.42500000000001137,,,,,,0,2,24
2022,1,STR,Bahrain Grand Prix,Bahrain,Sakhir,2022-03-20,False,57.0,18,STR,Aston Martin,19.0,12.0,0.0,57.0,Finished,False,False,3,SOFT,SOFT→SOFT→MEDIUM→SOFT,18.0,True,False,False,22.887719298245614,27.321052631578947,100.395,98.127,99.32,97.1255,1.0750000000000028,1.001499999999993,-0.26300000000000523,,,,,,0,1,26
2022,1,TSU,Bahrain Grand Prix,Bahrain,Sakhir,2022-03-20,False,57.0,22,TSU,RB,16.0,8.0,4.0,57.0,Finished,False,False,3,SOFT,SOFT→MEDIUM→SOFT→SOFT,15.0,True,False,False,22.894736842105264,27.326315789473682,99.069,97.565,99.32,97.1255,-0.25099999999999056,0.43949999999999534,-0.4439999999999884,,,,,,0,7,27
2022,1,VER,Bahrain Grand Prix,Bahrain,Sakhir,2022-03-20,False,57.0,1,VER,Red Bull Racing,2.0,19.0,0.0,54.0,Fuel pressure,True,False,4,SOFT,SOFT→SOFT→MEDIUM→SOFT,14.0,True,False,False,22.93148148148148,27.3962962962963,98.091,96.137,99.32,97.1255,-1.2289999999999992,-0.9885000000000019,-0.06399999999999295,,,,,,0,8,28
2022,1,ZHO,Bahrain Grand Prix,Bahrain,Sakhir,2022-03-20,False,57.0,24,ZHO,Kick Sauber,15.0,10.0,1.0,57.0,Finished,False,False,3,SOFT,SOFT→MEDIUM→MEDIUM→SOFT,15.0,True,False,False,22.896491228070175,27.322807017543862,99.814,97.154,99.32,97.1255,0.4939999999999998,0.028499999999993975,0.11949999999998795,,,,,,0,4,30
2022,2,ALB,Saudi Arabian Grand Prix,Saudi Arabia,Jeddah,2022-03-27,True,50.0,23,ALB,Williams,16.0,14.0,0.0,47.0,Collision damage,True,False,1,MEDIUM,MEDIUM→HARD,13.0,True,True,False,25.462500000000002,27.881249999999998,96.4175,94.606,95.173,93.0325,1.2445000000000022,1.5734999999999957,-1.7435000000000116,13.0,13.0,0.0,0.0,0.0,1,9,0
2022,2,ALO,Saudi Arabian Grand Prix,Saudi Arabia,Jeddah,2022-03-27,True,50.0,14,ALO,Alpine,7.0,16.0,0.0,35.0,Water pump,True,False,1,MEDIUM,MEDIUM→HARD,16.0,True,False,False,25.483333333333334,28.047222222222224,96.113,94.202,95.173,93.0325,0.9399999999999977,1.1694999999999993,0.8810000000000002,9.0,9.0,0.0,8.0,8.0,1,0,1
2022,2,BOT,Saudi Arabian Grand Prix,Saudi Arabia,Jeddah,2022-03-27,True,50.0,77,BOT,Kick Sauber,8.0,15.0,0.0,36.0,Cooling system,True,False,3,MEDIUM,MEDIUM→HARD→MEDIUM,16.0,True,False,False,25.483333333333334,28.047222222222224,96.14150000000001,94.498,95.173,93.0325,0.9685000000000059,1.4655000000000058,0.10450000000000159,6.0,6.0,0.0,9.0,9.0,1,4,5
2022,2,GAS,Saudi Arabian Grand Prix,Saudi Arabia,Jeddah,2022-03-27,True,50.0,10,GAS,RB,9.0,8.0,4.0,50.0,Finished,False,False,1,MEDIUM,MEDIUM→HARD,15.0,True,True,False,25.462,27.864,95.7575,93.67150000000001,95.173,93.0325,0.5844999999999914,0.63900000000001,0.0,20.0,20.0,1.0,4.0,4.0,1,7,9
2022,2,HAM,Saudi Arabian Grand Prix,Saudi Arabia,Jeddah,2022-03-27,True,50.0,44,HAM,Mercedes,15.0,10.0,1.0,50.0,Finished,False,False,1,HARD,HARD→MEDIUM,40.0,True,True,False,25.458000000000002,27.862,95.2775,93.5625,95.173,93.0325,0.10450000000000159,0.5300000000000011,1.194500000000005,3.0,3.0,0.0,27.0,27.0,2,6,11
2022,2,HUL,Saudi Arabian Grand Prix,Saudi Arabia,Jeddah,2022-03-27,True,50.0,27,HUL,Aston Martin,17.0,12.0,0.0,50.0,Finished,False,False,1,HARD,HARD→MEDIUM,37.0,True,True,False,25.464000000000002,27.855999999999998,96.447,94.257,95.173,93.0325,1.274000000000001,1.2245000000000061,0.18299999999999272,17.0,17.0,0.0,0.0,0.0,2,1,12
2022,2,LAT,Saudi Arabian Grand Prix,Saudi Arabia,Jeddah,2022-03-27,True,50.0,6,LAT,Williams,18.0,18.0,0.0,14.0,Accident,True,False,0,MEDIUM,MEDIUM,15.0,False,False,False,25.513333333333332,28.373333333333335,98.161,97.54400000000001,95.173,93.0325,2.9879999999999995,4.511500000000012,1.7434999999999832,16.0,16.0,0.0,0.0,0.0,1,9,13
2022,2,LEC,Saudi Arabian Grand Prix,Saudi Arabia,Jeddah,2022-03-27,True,50.0,16,LEC,Ferrari,2.0,2.0,19.0,50.0,Finished,False,False,1,MEDIUM,MEDIUM→HARD,16.0,True,True,False,25.468000000000004,27.872,93.39150000000001,92.2145,95.173,93.0325,-1.781499999999994,-0.8179999999999978,-0.1869999999999834,1.0,1.0,0.0,44.0,44.0,1,2,15
2022,2,MAG,Saudi Arabian Grand Prix,Saudi Arabia,Jeddah,2022-03-27,True,50.0,20,MAG,Haas F1 Team,10.0,9.0,2.0,50.0,Finished,False,False,1,HARD,HARD→MEDIUM,37.0,True,True,False,25.462,27.87,95.2795,93.1425,95.173,93.0325,0.10649999999999693,0.10999999999999943,0.0,5.0,5.0,0.0,10.0,10.0,2,3,16
2022,2,NOR,Saudi Arabian Grand Prix,Saudi Arabia,Jeddah,2022-03-27,True,50.0,4,NOR,McLaren,11.0,7.0,6.0,50.0,Finished,False,False,1,MEDIUM,MEDIUM→HARD,16.0,True,True,False,25.46,27.858,95.606,93.24549999999999,95.173,93.0325,0.4329999999999927,0.21299999999999386,-0.3009999999999877,15.0,15.0,0.0,0.0,0.0,1,5,18
2022,2,OCO,Saudi Arabian Grand Prix,Saudi Arabia,Jeddah,2022-03-27,True,50.0,31,OCO,Alpine,5.0,6.0,8.0,50.0,Finished,False,False,1,MEDIUM,MEDIUM→HARD,16.0,True,True,False,25.46,27.862,95.232,93.4795,95.173,93.0325,0.0589999999999975,0.44700000000000273,-0.8810000000000002,7.0,7.0,0.0,8.0,8.0,1,0,19
2022,2,PER,Saudi Arabian Grand Prix,Saudi Arabia,Jeddah,2022-03-27,True,50.0,11,PER,Red Bull Racing,1.0,4.0,12.0,50.0,Finished,False,False,1,MEDIUM,MEDIUM→HARD,15.0,True,True,False,25.462,27.878,93.608,92.205,95.173,93.0325,-1.5649999999999977,-0.8275000000000006,0.305499999999995,18.0,18.0,1.0,0.0,0.0,1,8,20
2022,2,RIC,Saudi Arabian Grand Prix,Saudi Arabia,Jeddah,2022-03-27,True,50.0,3,RIC,McLaren,14.0,17.0,0.0,35.0,Gearbox,True,False,2,MEDIUM,MEDIUM→HARD,8.0,True,False,False,25.483333333333334,28.041666666666668,95.907,94.701,95.173,93.0325,0.7339999999999947,1.6684999999999945,0.30100000000001614,14.0,14.0,0.0,0.0,0.0,1,5,22
2022,2,RUS,Saudi Arabian Grand Prix,Saudi Arabia,Jeddah,2022-03-27,True,50.0,63,RUS,Mercedes,6.0,5.0,10.0,50.0,Finished,False,False,1,MEDIUM,MEDIUM→HARD,16.0,True,True,False,25.462,27.874000000000002,94.083,93.142,95.173,93.0325,-1.0900000000000034,0.10949999999999704,-1.194500000000005,4.0,4.0,0.0,27.0,27.0,1,6,23
2022,2,SAI,Saudi Arabian Grand Prix,Saudi Arabia,Jeddah,2022-03-27,True,50.0,55,SAI,Ferrari,3.0,3.0,15.0,50.0,Finished,False,False,1,MEDIUM,MEDIUM→HARD,16.0,True,True,False,25.465999999999998,27.87,93.57849999999999,92.2705,95.173,93.0325,-1.5945000000000107,-0.7620000000000005,0.1869999999999834,2.0,2.0,0.0,44.0,44.0,1,2,24
2022,2,STR,Saudi Arabian Grand Prix,Saudi Arabia,Jeddah,2022-03-27,True,50.0,18,STR,Aston Martin,13.0,13.0,0.0,49.0,+1 Lap,False,False,1,MEDIUM,MEDIUM→HARD,13.0,True,True,False,25.461224489795917,27.877551020408163,96.26400000000001,94.81,95.173,93.0325,1.0910000000000082,1.7775000000000034,-0.18299999999999272,12.0,12.0,0.0,0.0,0.0,1,1,26
2022,2,VER,Saudi Arabian Grand Prix,Saudi Arabia,Jeddah,2022-03-27,True,50.0,1,VER,Red Bull Racing,4.0,1.0,25.0,50.0,Finished,False,False,1,MEDIUM,MEDIUM→HARD,16.0,True,True,False,25.468000000000004,27.872,93.30250000000001,92.071,95.173,93.0325,-1.8704999999999927,-0.9615000000000009,-0.305499999999995,19.0,19.0,1.0,0.0,0.0,1,8,28
2022,2,ZHO,Saudi Arabian Grand Prix,Saudi Arabia,Jeddah,2022-03-27,True,50.0,24,ZHO,Kick Sauber,12.0,11.0,0.0,50.0,Finished,False,False,2,MEDIUM,MEDIUM→HARD→HARD,16.0,True,True,False,25.464000000000002,27.86,96.037,94.116,95.173,93.0325,0.8640000000000043,1.0835000000000008,-0.10450000000000159,10.0,10.0,0.0,9.0,9.0,1,4,30
2022,3,ALB,Australian Grand Prix,Australia,Melbourne,2022-04-10,True,58.0,23,ALB,Williams,20.0,10.0,1.0,58.0,Finished,False,False,1,HARD,HARD→SOFT,57.0,True,False,False,26.944827586206895,36.11379310344827,84.71,82.758,84.51,82.4245,0.19999999999998863,0.3335000000000008,-0.3889999999999816,13.5,13.5,0.5,0.0,0.0,2,9,0
2022,3,ALO,Australian Grand Prix,Australia,Melbourne,2022-04-10,True,58.0,14,ALO,Alpine,10.0,17.0,0.0,57.0,+1 Lap,False,False,2,HARD,HARD→MEDIUM→MEDIUM,39.0,True,False,False,26.93859649122807,36.13508771929824,84.83250000000001,83.6545,84.51,82.4245,0.3225000000000051,1.230000000000004,0.32550000000000523,12.5,12.5,0.5,8.0,16.0,2,0,1
2022,3,BOT,Australian Grand Prix,Australia,Melbourne,2022-04-10,True,58.0,77,BOT,Kick Sauber,12.0,8.0,4.0,58.0,Finished,False,False,1,MEDIUM,MEDIUM→HARD,22.0,True,False,False,26.943103448275863,36.101724137931036,84.5995,82.539,84.51,82.4245,0.08950000000000102,0.11450000000000671,-0.24549999999999272,10.5,10.5,0.5,4.5,9.0,1,4,5
2022,3,GAS,Australian Grand Prix,Australia,Melbourne,2022-04-10,True,58.0,10,GAS,RB,11.0,9.0,2.0,58.0,Finished,False,False,1,MEDIUM,MEDIUM→HARD,21.0,True,False,False,26.943103448275863,36.10344827586207,84.66,83.302,84.51,82.4245,0.14999999999999147,0.8775000000000119,-0.3545000000000016,14.0,14.0,0.5,4.0,8.0,1,7,9
2022,3,HAM,Australian Grand Prix,Australia,Melbourne,2022-04-10,True,58.0,44,HAM,Mercedes,5.0,4.0,12.0,58.0,Finished,False,False,1,MEDIUM,MEDIUM→HARD,22.0,True,False,False,26.943103448275863,36.1,83.24199999999999,81.965,84.51,82.4245,-1.268000000000015,-0.45949999999999136,-0.34600000000000364,6.5,6.5,0.0,19.0,38.0,1,6,11
2022,3,LAT,Australian Grand Prix,Australia,Melbourne,2022-04-10,True,58.0,6,LAT,Williams,18.0,16.0,0.0,57.0,+1 Lap,False,False,2,MEDIUM,MEDIUM→HARD→HARD,13.0,True,False,False,26.94035087719298,36.150877192982456,85.09899999999999,83.9975,84.51,82.4245,0.5889999999999844,1.5730000000000075,0.38900000000001,17.0,17.0,0.5,0.0,0.0,1,9,13
2022,3,LEC,Australian Grand Prix,Australia,Melbourne,2022-04-10,True,58.0,16,LEC,Ferrari,1.0,1.0,26.0,58.0,Finished,False,False,1,MEDIUM,MEDIUM→HARD,22.0,True,False,False,26.932758620689658,36.11724137931035,82.26050000000001,81.291,84.51,82.4245,-2.2494999999999976,-1.133499999999998,0.0,1.5,1.5,0.0,39.0,78.0,1,2,15
2022,3,MAG,Australian Grand Prix,Australia,Melbourne,2022-04-10,True,58.0,20,MAG,Haas F1 Team,16.0,14.0,0.0,57.0,+1 Lap,False,False,1,HARD,HARD→MEDIUM,39.0,True,False,False,26.93684210526316,36.142105263157895,85.06,83.435,84.51,82.4245,0.5499999999999972,1.0105000000000075,0.522500000000008,7.0,7.0,0.0,6.0,12.0,2,3,16
2022,3,MSC,Australian Grand Prix,Australia,Melbourne,2022-04-10,True,58.0,47,MSC,Haas F1 Team,15.0,13.0,0.0,57.0,+1 Lap,False,False,1,MEDIUM,MEDIUM→HARD,14.0,True,False,False,26.93684210526316,36.150877192982456,84.5375,83.631,84.51,82.4245,0.0274999999999892,1.2065000000000055,-0.522500000000008,11.0,11.0,0.0,6.0,12.0,1,3,17
2022,3,NOR,Australian Grand Prix,Australia,Melbourne,2022-04-10,True,58.0,4,NOR,McLaren,4.0,5.0,10.0,58.0,Finished,False,False,1,MEDIUM,MEDIUM→HARD,20.0,True,False,False,26.944827586206895,36.101724137931036,84.459,82.459,84.51,82.4245,-0.05100000000000193,0.03450000000000841,0.22100000000000364,11.0,11.0,0.0,3.0,6.0,1,5,18
2022,3,OCO,Australian Grand Prix,Australia,Melbourne,2022-04-10,True,58.0,31,OCO,Alpine,8.0,7.0,6.0,58.0,Finished,False,False,1,MEDIUM,MEDIUM→HARD,17.0,True,False,False,26.943103448275863,36.1,84.507,82.936,84.51,82.4245,-0.0030000000000001137,0.5115000000000123,-0.32550000000000523,6.5,6.5,0.0,8.0,16.0,1,0,19
2022,3,PER,Australian Grand Prix,Australia,Melbourne,2022-04-10,True,58.0,11,PER,Red Bull Racing,3.0,2.0,18.0,58.0,Finished,False,False,1,MEDIUM,MEDIUM→HARD,20.0,True,False,False,26.941379310344825,36.10344827586207,82.805,81.791,84.51,82.4245,-1.7049999999999983,-0.633499999999998,-0.9490000000000123,11.0,11.0,0.5,18.5,37.0,1,8,20
2022,3,RIC,Australian Grand Prix,Australia,Melbourne,2022-04-10,True,58.0,3,RIC,McLaren,7.0,6.0,8.0,58.0,Finished,False,False,1,MEDIUM,MEDIUM→HARD,21.0,True,False,False,26.944827586206895,36.1,84.238,82.689,84.51,82.4245,-0.27200000000000557,0.2644999999999982,-0.22100000000000364,15.5,15.5,0.5,3.0,6.0,1,5,22
2022,3,RUS,Australian Grand Prix,Australia,Melbourne,2022-04-10,True,58.0,63,RUS,Mercedes,6.0,3.0,15.0,58.0,Finished,False,False,1,MEDIUM,MEDIUM→HARD,23.0,True,False,False,26.943103448275863,36.1051724137931,83.588,81.887,84.51,82.4245,-0.9220000000000113,-0.5374999999999943,0.34600000000000364,4.5,4.5,0.0,19.0,38.0,1,6,23
2022,3,SAI,Australian Grand Prix,Australia,Melbourne,2022-04-10,True,58.0,55,SAI,Ferrari,9.0,20.0,0.0,1.0,Spun off,True,False,0,HARD,HARD,2.0,False,False,False,26.6,38.849999999999994,,,84.51,82.4245,,,0.0,2.5,2.5,0.0,39.0,78.0,2,2,24
2022,3,STR,Australian Grand Prix,Australia,Melbourne,2022-04-10,True,58.0,18,STR,Aston Martin,19.0,12.0,0.0,58.0,Finished,False,False,3,HARD,HARD→MEDIUM→HARD→HARD,3.0,True,False,False,26.94137931034483,36.11206896551724,84.966,83.801,84.51,82.4245,0.45599999999998886,1.3765000000000072,-1.108000000000004,12.5,12.5,0.0,0.0,0.0,2,1,26
2022,3,TSU,Australian Grand Prix,Australia,Melbourne,2022-04-10,True,58.0,22,TSU,RB,13.0,15.0,0.0,57.0,+1 Lap,False,False,1,MEDIUM,MEDIUM→HARD,18.0,True,False,False,26.935087719298245,36.1438596491228,85.0145,83.803,84.51,82.4245,0.5044999999999931,1.3785000000000025,0.3545000000000016,8.0,8.0,0.0,4.0,8.0,1,7,27
2022,3,VER,Australian Grand Prix,Australia,Melbourne,2022-04-10,True,58.0,1,VER,Red Bull Racing,2.0,18.0,0.0,38.0,Fuel leak,True,False,1,MEDIUM,MEDIUM→HARD,18.0,True,False,False,26.84102564102564,36.67948717948718,83.754,82.46,84.51,82.4245,-0.7560000000000002,0.03549999999999898,0.9489999999999839,10.0,10.0,0.5,18.5,37.0,1,8,28
2022,3,VET,Australian Grand Prix,Australia,Melbourne,2022-04-10,True,58.0,5,VET,Aston Martin,17.0,19.0,0.0,22.0,Accident,True,False,0,HARD,HARD,23.0,True,False,False,26.660869565217393,37.047826086956526,86.074,85.367,84.51,82.4245,1.563999999999993,2.9425000000000097,1.108000000000004,,,,0.0,0.0,2,1,29
2022,3,ZHO,Australian Grand Prix,Australia,Melbourne,2022-04-10,True,58.0,24,ZHO,Kick Sauber,14.0,11.0,0.0,58.0,Finished,False,False,1,MEDIUM,MEDIUM→HARD,21.0,True,False,False,26.94137931034483,36.1051724137931,84.845,83.153,84.51,82.4245,0.33499999999999375,0.728500000000011,0.24549999999999272,10.5,10.5,0.0,4.5,9.0,1,4,30
2022,4,ALB,Emilia Romagna Grand Prix,Italy,Imola,2022-04-24,False,63.0,23,ALB,Williams,18.0,11.0,0.0,62.0,+1 Lap,False,False,1,INTERMEDIATE,INTERMEDIATE→MEDIUM,17.0,True,False,False,13.437096774193549,16.648387096774194,82.41149999999999,82.029,82.162,80.915,0.2494999999999834,1.11399999999999,-0.31100000000000705,12.333333333333334,12.333333333333334,0.3333333333333333,0.3333333333333333,1.0,3,9,0
2022,4,ALO,Emilia Romagna Grand Prix,Italy,Imola,2022-04-24,False,63.0,14,ALO,Alpine,9.0,19.0,0.0,6.0,Collision damage,True,False,1,INTERMEDIATE,INTERMEDIATE,6.0,True,False,False,13.066666666666668,17.616666666666667,99.685,99.685,82.162,80.915,17.522999999999996,18.769999999999996,17.392499999999984,14.0,14.0,0.3333333333333333,7.333333333333333,22.0,3,0,1
2022,4,BOT,Emilia Romagna Grand Prix,Italy,Imola,2022-04-24,False,63.0,77,BOT,Kick Sauber,7.0,5.0,10.0,63.0,Finished,False,False,1,INTERMEDIATE,INTERMEDIATE→MEDIUM,18.0,True,False,False,13.438095238095238,16.658730158730158,81.617,80.892,82.162,80.915,-0.5450000000000017,-0.023000000000010346,-0.8414999999999964,9.666666666666666,9.666666666666666,0.3333333333333333,4.333333333333333,13.0,3,4,5
2022,4,GAS,Emilia Romagna Grand Prix,Italy,Imola,2022-04-24,False,63.0,10,GAS,RB,17.0,12.0,0.0,62.0,+1 Lap,False,False,1,INTERMEDIATE,INTERMEDIATE→MEDIUM,17.0,True,False,False,13.437096774193549,16.656451612903226,82.46350000000001,81.939,82.162,80.915,0.3015000000000043,1.0239999999999867,0.7975000000000136,12.333333333333334,12.333333333333334,0.3333333333333333,3.3333333333333335,10.0,3,7,9
2022,4,HAM,Emilia Romagna Grand Prix,Italy,Imola,2022-04-24,False,63.0,44,HAM,Mercedes,14.0,13.0,0.0,62.0,+1 Lap,False,False,1,INTERMEDIATE,INTERMEDIATE→MEDIUM,18.0,True,False,False,13.435483870967742,16.656451612903226,82.5635,81.854,82.162,80.915,0.40149999999999864,0.938999999999993,0.7404999999999973,5.666666666666667,5.666666666666667,0.0,21.666666666666668,65.0,3,6,11
2022,4,LAT,Emilia Romagna Grand Prix,Italy,Imola,2022-04-24,False,63.0,6,LAT,Williams,19.0,16.0,0.0,62.0,+1 Lap,False,False,1,INTERMEDIATE,INTERMEDIATE→MEDIUM,18.0,True,False,False,13.441935483870967,16.65806451612903,82.7225,81.532,82.162,80.915,0.5604999999999905,0.6169999999999902,0.31100000000000705,16.666666666666668,16.666666666666668,0.3333333333333333,0.3333333333333333,1.0,3,9,13
2022,4,LEC,Emilia Romagna Grand Prix,Italy,Imola,2022-04-24,False,63.0,16,LEC,Ferrari,2.0,6.0,8.0,63.0,Finished,False,False,3,INTERMEDIATE,INTERMEDIATE→MEDIUM→SOFT→SOFT,19.0,True,False,False,13.442857142857143,16.65714285714286,81.085,79.1165,82.162,80.915,-1.0770000000000124,-1.7985000000000042,0.0,1.3333333333333333,1.3333333333333333,0.0,34.666666666666664,104.0,3,2,15
2022,4,MAG,Emilia Romagna Grand Prix,Italy,Imola,2022-04-24,False,63.0,20,MAG,Haas F1 Team,8.0,9.0,2.0,63.0,Finished,False,False,1,INTERMEDIATE,INTERMEDIATE→MEDIUM,18.0,True,False,False,13.442857142857143,16.652380952380952,82.158,81.435,82.162,80.915,-0.0040000000000048885,0.519999999999996,-0.0030000000000143245,9.333333333333334,9.333333333333334,0.0,4.0,12.0,3,3,16
2022,4,MSC,Emilia Romagna Grand Prix,Italy,Imola,2022-04-24,False,63.0,47,MSC,Haas F1 Team,10.0,17.0,0.0,62.0,+1 Lap,False,False,2,INTERMEDIATE,INTERMEDIATE→MEDIUM→SOFT,18.0,True,False,False,13.446774193548388,16.654838709677417,82.161,80.0315,82.162,80.915,-0.0010000000000047748,-0.8835000000000122,0.002999999999985903,12.0,12.0,0.0,4.0,12.0,3,3,17
2022,4,NOR,Emilia Romagna Grand Prix,Italy,Imola,2022-04-24,False,63.0,4,NOR,McLaren,5.0,3.0,15.0,63.0,Finished,False,False,1,INTERMEDIATE,INTERMEDIATE→MEDIUM,19.0,True,False,False,13.43968253968254,16.665079365079368,81.768,81.128,82.162,80.915,-0.39400000000000546,0.21299999999999386,-1.2959999999999923,9.0,9.0,0.0,8.0,24.0,3,5,18
2022,4,OCO,Emilia Romagna Grand Prix,Italy,Imola,2022-04-24,False,63.0,31,OCO,Alpine,16.0,14.0,0.0,62.0,+1 Lap,False,False,1,INTERMEDIATE,INTERMEDIATE→MEDIUM,18.0,True,False,False,13.435483870967742,16.651612903225807,82.2925,81.973,82.162,80.915,0.13049999999999784,1.0579999999999927,-17.392500000000013,6.666666666666667,6.666666666666667,0.0,7.333333333333333,22.0,3,0,19
2022,4,PER,Emilia Romagna Grand Prix,Italy,Imola,2022-04-24,False,63.0,11,PER,Red Bull Racing,3.0,2.0,18.0,63.0,Finished,False,False,2,INTERMEDIATE,INTERMEDIATE→MEDIUM→SOFT,18.0,True,False,False,13.436507936507937,16.660317460317458,81.181,79.881,82.162,80.915,-0.9810000000000088,-1.034000000000006,0.3710000000000093,8.0,8.0,0.3333333333333333,18.333333333333332,55.0,3,8,20
2022,4,RIC,Emilia Romagna Grand Prix,Italy,Imola,2022-04-24,False,63.0,3,RIC,McLaren,6.0,18.0,0.0,62.0,+1 Lap,False,False,3,INTERMEDIATE,INTERMEDIATE→INTERMEDIATE→MEDIUM→HARD,2.0,True,False,False,13.446774193548388,16.65,83.064,81.8175,82.162,80.915,0.9019999999999868,0.9024999999999892,1.2959999999999923,12.333333333333334,12.333333333333334,0.3333333333333333,8.0,24.0,3,5,22
2022,4,RUS,Emilia Romagna Grand Prix,Italy,Imola,2022-04-24,False,63.0,63,RUS,Mercedes,11.0,4.0,12.0,63.0,Finished,False,False,1,INTERMEDIATE,INTERMEDIATE→MEDIUM,18.0,True,False,False,13.44126984126984,16.658730158730158,81.823,81.275,82.162,80.915,-0.33900000000001285,0.35999999999999943,-0.7405000000000257,4.0,4.0,0.0,21.666666666666668,65.0,3,6,23
2022,4,SAI,Emilia Romagna Grand Prix,Italy,Imola,2022-04-24,False,63.0,55,SAI,Ferrari,4.0,20.0,0.0,0.0,Collision,True,False,0,INTERMEDIATE,INTERMEDIATE,1.0,False,False,False,12.9,17.9,,,82.162,80.915,,,0.0,8.333333333333334,8.333333333333334,0.3333333333333333,34.666666666666664,104.0,3,2,24
2022,4,STR,Emilia Romagna Grand Prix,Italy,Imola,2022-04-24,False,63.0,18,STR,Aston Martin,15.0,10.0,1.0,62.0,+1 Lap,False,False,1,INTERMEDIATE,INTERMEDIATE→MEDIUM,18.0,True,False,False,13.433870967741935,16.651612903225807,82.3015,81.853,82.162,80.915,0.13949999999999818,0.9379999999999882,0.1564999999999941,12.333333333333334,12.333333333333334,0.0,0.0,0.0,3,1,26
2022,4,TSU,Emilia Romagna Grand Prix,Italy,Imola,2022-04-24,False,63.0,22,TSU,RB,12.0,7.0,6.0,63.0,Finished,False,False,1,INTERMEDIATE,INTERMEDIATE→MEDIUM,18.0,True,False,False,13.442857142857143,16.649206349206352,81.666,80.734,82.162,80.915,-0.4960000000000093,-0.1810000000000116,-0.7975000000000136,11.5,11.5,0.0,3.3333333333333335,10.0,3,7,27
2022,4,VER,Emilia Romagna Grand Prix,Italy,Imola,2022-04-24,False,63.0,1,VER,Red Bull Racing,1.0,1.0,26.0,63.0,Finished,False,False,2,INTERMEDIATE,INTERMEDIATE→MEDIUM→SOFT,19.0,True,False,False,13.428571428571429,16.65714285714286,80.81,79.841,82.162,80.915,-1.3520000000000039,-1.0740000000000123,-0.3709999999999809,12.666666666666666,12.666666666666666,0.6666666666666666,18.333333333333332,55.0,3,8,28
2022,4,VET,Emilia Romagna Grand Prix,Italy,Imola,2022-04-24,False,63.0,5,VET,Aston Martin,13.0,8.0,4.0,63.0,Finished,False,False,1,INTERMEDIATE,INTERMEDIATE→MEDIUM,17.0,True,False,False,13.44126984126984,16.646031746031746,82.145,81.432,82.162,80.915,-0.017000000000010118,0.5169999999999959,-0.1565000000000225,19.0,19.0,1.0,0.0,0.0,3,1,29
2022,4,ZHO,Emilia Romagna Grand Prix,Italy,Imola,2022-04-24,False,63.0,24,ZHO,Kick Sauber,21.0,15.0,0.0,62.0,+1 Lap,False,False,1,INTERMEDIATE,INTERMEDIATE→MEDIUM,18.0,True,False,False,13.437096774193549,16.65806451612903,82.4585,81.436,82.162,80.915,0.29649999999999466,0.5210000000000008,0.8414999999999964,10.666666666666666,10.666666666666666,0.0,4.333333333333333,13.0,3,4,30
2022,5,ALB,Miami Grand Prix,United States,Miami,2022-05-08,True,57.0,23,ALB,Williams,18.0,9.0,2.0,57.0,Finished,False,False,1,MEDIUM,MEDIUM→HARD,16.0,True,False,False,30.103508771929825,42.7,95.026,93.693,94.8395,93.205,0.18649999999999523,0.48799999999999955,-1.4545000000000243,11.666666666666666,12.0,0.25,0.3333333333333333,1.0,1,9,0
2022,5,ALO,Miami Grand Prix,United States,Miami,2022-05-08,True,57.0,14,ALO,Alpine,11.0,11.0,0.0,57.0,Finished,False,False,1,MEDIUM,MEDIUM→HARD,15.0,True,False,False,30.098245614035086,42.719298245614034,94.929,93.884,94.8395,93.205,0.08950000000000102,0.679000000000002,-0.015999999999991132,17.333333333333332,15.25,0.5,4.666666666666667,22.0,1,0,1
2022,5,BOT,Miami Grand Prix,United States,Miami,2022-05-08,True,57.0,77,BOT,Kick Sauber,5.0,7.0,6.0,57.0,Finished,False,False,1,MEDIUM,MEDIUM→HARD,26.0,True,False,False,30.087719298245613,42.67894736842105,94.368,93.516,94.8395,93.205,-0.471500000000006,0.31100000000000705,-1.9370000000000118,9.333333333333334,8.5,0.25,4.666666666666667,23.0,1,4,5
2022,5,GAS,Miami Grand Prix,United States,Miami,2022-05-08,True,57.0,10,GAS,RB,7.0,18.0,0.0,45.0,Suspension,True,False,3,MEDIUM,MEDIUM→HARD→SOFT,16.0,True,False,False,30.224444444444444,43.55555555555556,95.238,94.552,94.8395,93.205,0.3984999999999985,1.3470000000000084,-0.11199999999999477,9.666666666666666,12.25,0.25,4.0,16.0,1,7,9
2022,5,HAM,Miami Grand Prix,United States,Miami,2022-05-08,True,57.0,44,HAM,Mercedes,6.0,6.0,8.0,57.0,Finished,False,False,1,MEDIUM,MEDIUM→HARD,22.0,True,False,False,30.087719298245613,42.69824561403509,94.201,93.16,94.8395,93.205,-0.6385000000000076,-0.045000000000001705,-0.21800000000001774,9.0,7.5,0.0,16.666666666666668,77.0,1,6,11
2022,5,LAT,Miami Grand Prix,United States,Miami,2022-05-08,True,57.0,6,LAT,Williams,19.0,14.0,0.0,57.0,Finished,False,False,1,HARD,HARD→MEDIUM,34.0,True,False,False,30.089473684210525,42.68245614035088,96.4805,94.575,94.8395,93.205,1.6410000000000053,1.3700000000000045,1.454499999999996,16.666666666666668,16.5,0.25,0.3333333333333333,1.0,2,9,13
2022,5,LEC,Miami Grand Prix,United States,Miami,2022-05-08,True,57.0,16,LEC,Ferrari,1.0,2.0,18.0,57.0,Finished,False,False,1,MEDIUM,MEDIUM→HARD,24.0,True,False,False,30.101754385964913,42.77543859649123,93.148,91.981,94.8395,93.205,-1.6915000000000049,-1.2240000000000038,-0.7144999999999868,3.0,2.5,0.0,22.666666666666668,112.0,1,2,15
2022,5,MAG,Miami Grand Prix,United States,Miami,2022-05-08,True,57.0,20,MAG,Haas F1 Team,16.0,16.0,0.0,56.0,Front wing,True,False,3,MEDIUM,MEDIUM→HARD→MEDIUM,12.0,True,False,False,30.098245614035086,42.74736842105263,95.089,93.924,94.8395,93.205,0.2494999999999976,0.7190000000000083,0.16100000000000136,10.666666666666666,9.25,0.0,1.3333333333333333,14.0,1,3,16
2022,5,MSC,Miami Grand Prix,United States,Miami,2022-05-08,True,57.0,47,MSC,Haas F1 Team,15.0,15.0,0.0,57.0,Finished,False,False,2,MEDIUM,MEDIUM→HARD→MEDIUM,14.0,True,False,False,30.103508771929825,42.733333333333334,94.928,93.88,94.8395,93.205,0.08849999999999625,0.6749999999999972,-0.16100000000000136,13.666666666666666,13.666666666666666,0.0,1.3333333333333333,14.0,1,3,17
2022,5,NOR,Miami Grand Prix,United States,Miami,2022-05-08,True,57.0,4,NOR,McLaren,8.0,19.0,0.0,39.0,Collision,True,False,1,MEDIUM,MEDIUM→HARD,18.0,False,False,False,30.294999999999998,43.9525,95.416,94.19,94.8395,93.205,0.5764999999999958,0.9849999999999994,0.060000000000002274,5.0,7.5,0.0,13.0,39.0,1,5,18
2022,5,OCO,Miami Grand Prix,United States,Miami,2022-05-08,True,57.0,31,OCO,Alpine,20.0,8.0,4.0,57.0,Finished,False,False,1,HARD,HARD→SOFT,41.0,True,False,False,30.1,42.694736842105264,94.945,93.704,94.8395,93.205,0.10549999999999216,0.4989999999999952,0.015999999999991132,9.0,8.5,0.0,4.666666666666667,22.0,2,0,19
2022,5,PER,Miami Grand Prix,United States,Miami,2022-05-08,True,57.0,11,PER,Red Bull Racing,4.0,4.0,12.0,57.0,Finished,False,False,2,MEDIUM,MEDIUM→HARD→MEDIUM,27.0,True,False,False,30.09298245614035,42.73684210526316,93.918,92.601,94.8395,93.205,-0.9214999999999947,-0.6039999999999992,0.6855000000000189,2.6666666666666665,6.5,0.25,33.0,99.0,1,8,20
2022,5,RIC,Miami Grand Prix,United States,Miami,2022-05-08,True,57.0,3,RIC,McLaren,14.0,13.0,0.0,57.0,Finished,False,False,2,MEDIUM,MEDIUM→HARD→SOFT,30.0,True,False,False,30.098245614035086,42.70175438596491,95.356,93.738,94.8395,93.205,0.5164999999999935,0.5330000000000013,-0.060000000000002274,13.666666666666666,13.75,0.25,13.0,39.0,1,5,22
2022,5,RUS,Miami Grand Prix,United States,Miami,2022-05-08,True,57.0,63,RUS,Mercedes,12.0,5.0,10.0,57.0,Finished,False,False,1,HARD,HARD→MEDIUM,40.0,True,False,False,30.094736842105263,42.69122807017544,94.419,92.771,94.8395,93.205,-0.4205000000000041,-0.4339999999999975,0.2179999999999893,4.0,4.0,0.0,16.666666666666668,77.0,2,6,23
2022,5,SAI,Miami Grand Prix,United States,Miami,2022-05-08,True,57.0,55,SAI,Ferrari,2.0,3.0,15.0,57.0,Finished,False,False,1,MEDIUM,MEDIUM→HARD,27.0,True,False,False,30.098245614035086,42.75263157894737,93.8625,92.225,94.8395,93.205,-0.9770000000000039,-0.980000000000004,0.7145000000000152,14.333333333333334,11.25,0.5,22.666666666666668,112.0,1,2,24
2022,5,STR,Miami Grand Prix,United States,Miami,2022-05-08,True,57.0,18,STR,Aston Martin,21.0,10.0,1.0,57.0,Finished,False,False,1,HARD,HARD→MEDIUM,40.0,True,False,False,30.098245614035086,42.75263157894737,95.175,93.84,94.8395,93.205,0.33549999999999613,0.6350000000000051,-0.11299999999999955,11.666666666666666,11.75,0.0,1.6666666666666667,5.0,2,1,26
2022,5,TSU,Miami Grand Prix,United States,Miami,2022-05-08,True,57.0,22,TSU,RB,9.0,12.0,0.0,57.0,Finished,False,False,2,MEDIUM,MEDIUM→HARD→SOFT,11.0,True,False,False,30.085964912280705,42.67368421052632,95.35,93.451,94.8395,93.205,0.5104999999999933,0.2459999999999951,0.11199999999999477,10.0,10.0,0.0,4.0,16.0,1,7,27
2022,5,VER,Miami Grand Prix,United States,Miami,2022-05-08,True,57.0,1,VER,Red Bull Racing,3.0,1.0,26.0,57.0,Finished,False,False,1,MEDIUM,MEDIUM→HARD,26.0,True,False,False,30.101754385964913,42.80701754385965,93.23249999999999,91.75,94.8395,93.205,-1.6070000000000135,-1.4549999999999983,-0.6855000000000189,6.666666666666667,9.75,0.5,33.0,99.0,1,8,28
2022,5,VET,Miami Grand Prix,United States,Miami,2022-05-08,True,57.0,5,VET,Aston Martin,21.0,17.0,0.0,54.0,Collision,True,False,2,HARD,HARD→MEDIUM,41.0,True,False,False,30.125925925925927,42.92777777777778,95.288,93.944,94.8395,93.205,0.4484999999999957,0.7390000000000043,0.11299999999999955,13.5,13.5,0.5,1.6666666666666667,5.0,2,1,29
2022,5,ZHO,Miami Grand Prix,United States,Miami,2022-05-08,True,57.0,24,ZHO,Kick Sauber,17.0,20.0,0.0,6.0,Water leak,True,False,1,MEDIUM,MEDIUM,6.0,False,False,False,30.933333333333334,43.833333333333336,96.305,95.731,94.8395,93.205,1.4655000000000058,2.5259999999999962,1.9370000000000118,12.333333333333334,11.75,0.0,4.666666666666667,23.0,1,4,30
2022,6,ALB,Spanish Grand Prix,Spain,Barcelona,2022-05-22,False,66.0,23,ALB,Williams,18.0,18.0,0.0,64.0,+2 Laps,False,False,4,SOFT,SOFT→MEDIUM→SOFT→MEDIUM→SOFT,11.0,False,False,False,36.79375,49.0703125,90.495,89.229,88.878,86.96549999999999,1.6170000000000044,2.2635000000000076,0.44299999999998363,10.0,11.4,0.2,1.0,3.0,0,9,0
2022,6,ALO,Spanish Grand Prix,Spain,Barcelona,2022-05-22,False,66.0,14,ALO,Alpine,20.0,9.0,2.0,65.0,+1 Lap,False,False,3,SOFT,SOFT→MEDIUM→SOFT→SOFT,10.0,False,False,False,36.7876923076923,49.09230769230769,88.614,86.926,88.878,86.96549999999999,-0.2639999999999958,-0.039499999999989654,-0.23099999999999454,15.666666666666666,14.4,0.4,3.3333333333333335,26.0,0,0,1
2022,6,BOT,Spanish Grand Prix,Spain,Barcelona,2022-05-22,False,66.0,77,BOT,Kick Sauber,7.0,6.0,8.0,66.0,Finished,False,False,2,SOFT,SOFT→MEDIUM→MEDIUM,14.0,False,False,False,36.78787878787879,49.07272727272728,88.563,87.6515,88.878,86.96549999999999,-0.3149999999999977,0.686000000000007,-1.5105000000000075,6.666666666666667,8.2,0.2,6.666666666666667,29.0,0,4,5
2022,6,GAS,Spanish Grand Prix,Spain,Barcelona,2022-05-22,False,66.0,10,GAS,RB,14.0,13.0,0.0,65.0,+1 Lap,False,False,3,SOFT,SOFT→MEDIUM→SOFT→SOFT,10.0,False,False,False,36.786153846153844,49.07076923076923,89.368,87.243,88.878,86.96549999999999,0.4899999999999949,0.2775000000000034,0.6359999999999957,13.0,13.4,0.4,2.6666666666666665,16.0,0,7,9
2022,6,HAM,Spanish Grand Prix,Spain,Barcelona,2022-05-22,False,66.0,44,HAM,Mercedes,6.0,5.0,10.0,66.0,Finished,False,False,3,MEDIUM,MEDIUM→SOFT→MEDIUM→SOFT,1.0,False,False,False,36.79090909090909,49.06818181818182,87.3895,85.81700000000001,88.878,86.96549999999999,-1.488500000000002,-1.1484999999999843,-0.7334999999999923,7.666666666666667,7.2,0.0,19.0,95.0,1,6,11
2022,6,LAT,Spanish Grand Prix,Spain,Barcelona,2022-05-22,False,66.0,6,LAT,Williams,19.0,16.0,0.0,64.0,+2 Laps,False,False,3,SOFT,SOFT→MEDIUM→SOFT→SOFT,12.0,False,False,False,36.7890625,49.08125,90.052,88.671,88.878,86.96549999999999,1.1740000000000066,1.705500000000015,-0.44300000000001205,15.333333333333334,16.0,0.2,1.0,3.0,0,9,13
2022,6,LEC,Spanish Grand Prix,Spain,Barcelona,2022-05-22,False,66.0,16,LEC,Ferrari,1.0,20.0,0.0,27.0,Turbo,True,False,2,SOFT,SOFT→MEDIUM,21.0,False,False,False,36.91851851851852,49.5,88.099,87.197,88.878,86.96549999999999,-0.7789999999999964,0.23150000000001114,0.04099999999999682,3.0,2.4,0.0,22.333333333333332,145.0,0,2,15
2022,6,MAG,Spanish Grand Prix,Spain,Barcelona,2022-05-22,False,66.0,20,MAG,Haas F1 Team,8.0,17.0,0.0,64.0,+2 Laps,False,False,2,SOFT,SOFT→MEDIUM→HARD,1.0,False,False,False,36.7828125,49.08125,89.785,88.17,88.878,86.96549999999999,0.9069999999999965,1.2045000000000101,0.05299999999999727,13.0,10.6,0.2,0.6666666666666666,14.0,0,3,16
2022,6,MSC,Spanish Grand Prix,Spain,Barcelona,2022-05-22,False,66.0,47,MSC,Haas F1 Team,10.0,14.0,0.0,65.0,+1 Lap,False,False,2,SOFT,SOFT→SOFT→MEDIUM,12.0,False,False,False,36.78923076923077,49.081538461538464,89.732,88.65199999999999,88.878,86.96549999999999,0.8539999999999992,1.6864999999999952,-0.05299999999999727,15.0,14.0,0.0,0.6666666666666666,14.0,0,3,17
2022,6,NOR,Spanish Grand Prix,Spain,Barcelona,2022-05-22,False,66.0,4,NOR,McLaren,11.0,8.0,4.0,66.0,Finished,False,False,3,SOFT,SOFT→MEDIUM→SOFT→SOFT,12.0,False,False,False,36.78636363636364,49.07424242424243,89.122,86.746,88.878,86.96549999999999,0.24399999999999977,-0.21949999999999648,-0.11600000000001387,9.0,9.8,0.2,11.0,39.0,0,5,18
2022,6,OCO,Spanish Grand Prix,Spain,Barcelona,2022-05-22,False,66.0,31,OCO,Alpine,12.0,7.0,6.0,66.0,Finished,False,False,3,SOFT,SOFT→MEDIUM→SOFT→SOFT,13.0,False,False,False,36.78939393939394,49.07424242424243,88.845,87.027,88.878,86.96549999999999,-0.03300000000000125,0.061500000000009436,0.23099999999999454,9.666666666666666,8.4,0.0,3.3333333333333335,26.0,0,0,19
2022,6,PER,Spanish Grand Prix,Spain,Barcelona,2022-05-22,False,66.0,11,PER,Red Bull Racing,5.0,2.0,19.0,66.0,Finished,False,False,3,SOFT,SOFT→MEDIUM→MEDIUM→SOFT,17.0,False,False,False,36.78181818181818,49.07424242424243,87.722,86.026,88.878,86.96549999999999,-1.156000000000006,-0.9394999999999953,0.5169999999999959,2.6666666666666665,6.0,0.2,33.333333333333336,137.0,0,8,20
2022,6,RIC,Spanish Grand Prix,Spain,Barcelona,2022-05-22,False,66.0,3,RIC,McLaren,9.0,12.0,0.0,65.0,+1 Lap,False,False,3,SOFT,SOFT→SOFT→MEDIUM→SOFT,11.0,False,False,False,36.784615384615385,49.07230769230769,89.238,87.956,88.878,86.96549999999999,0.35999999999999943,0.9905000000000115,0.11599999999998545,12.333333333333334,13.6,0.2,11.0,39.0,0,5,22
2022,6,RUS,Spanish Grand Prix,Spain,Barcelona,2022-05-22,False,66.0,63,RUS,Mercedes,4.0,3.0,15.0,66.0,Finished,False,False,3,SOFT,SOFT→MEDIUM→MEDIUM→SOFT,13.0,False,False,False,36.78181818181818,49.07121212121212,88.123,86.691,88.878,86.96549999999999,-0.7549999999999955,-0.2744999999999891,0.7335000000000207,4.0,4.2,0.0,19.0,95.0,0,6,23
2022,6,SAI,Spanish Grand Prix,Spain,Barcelona,2022-05-22,False,66.0,55,SAI,Ferrari,3.0,4.0,12.0,66.0,Finished,False,False,3,SOFT,SOFT→MEDIUM→MEDIUM→SOFT,10.0,False,False,False,36.78484848484849,49.07727272727273,88.058,86.281,88.878,86.96549999999999,-0.8199999999999932,-0.6844999999999857,-0.04099999999999682,14.333333333333334,9.6,0.4,22.333333333333332,145.0,0,2,24
2022,6,STR,Spanish Grand Prix,Spain,Barcelona,2022-05-22,False,66.0,18,STR,Aston Martin,17.0,15.0,0.0,65.0,+1 Lap,False,False,3,SOFT,SOFT→SOFT→MEDIUM→SOFT,14.0,False,False,False,36.786153846153844,49.06307692307692,89.087,87.943,88.878,86.96549999999999,0.20900000000000318,0.9775000000000063,-0.23699999999999477,10.666666666666666,11.4,0.0,2.0,6.0,0,1,26
2022,6,TSU,Spanish Grand Prix,Spain,Barcelona,2022-05-22,False,66.0,22,TSU,RB,13.0,10.0,1.0,65.0,+1 Lap,False,False,3,SOFT,SOFT→MEDIUM→SOFT→SOFT,11.0,False,False,False,36.7876923076923,49.08615384615384,88.732,87.151,88.878,86.96549999999999,-0.1460000000000008,0.18550000000000466,-0.6359999999999957,11.333333333333334,10.5,0.0,2.6666666666666665,16.0,0,7,27
2022,6,VER,Spanish Grand Prix,Spain,Barcelona,2022-05-22,False,66.0,1,VER,Red Bull Racing,2.0,1.0,25.0,66.0,Finished,False,False,3,SOFT,SOFT→MEDIUM→SOFT→MEDIUM,13.0,False,False,False,36.78181818181818,49.084848484848486,87.205,86.242,88.878,86.96549999999999,-1.6730000000000018,-0.7234999999999872,-0.5169999999999959,6.666666666666667,8.0,0.4,33.333333333333336,137.0,0,8,28
2022,6,VET,Spanish Grand Prix,Spain,Barcelona,2022-05-22,False,66.0,5,VET,Aston Martin,16.0,11.0,0.0,65.0,+1 Lap,False,False,2,SOFT,SOFT→SOFT→MEDIUM,21.0,False,False,False,36.792307692307695,49.08615384615384,89.324,88.1695,88.878,86.96549999999999,0.44599999999999795,1.2040000000000077,0.23699999999999477,14.666666666666666,14.666666666666666,0.6666666666666666,2.0,6.0,0,1,29
2022,6,ZHO,Spanish Grand Prix,Spain,Barcelona,2022-05-22,False,66.0,24,ZHO,Kick Sauber,15.0,19.0,0.0,28.0,Power loss,True,False,2,SOFT,SOFT→MEDIUM,10.0,False,False,False,36.96071428571429,49.496428571428574,90.0735,89.304,88.878,86.96549999999999,1.1954999999999956,2.3385000000000105,1.510499999999979,15.333333333333334,13.4,0.2,6.666666666666667,29.0,0,4,30
2022,7,ALB,Monaco Grand Prix,Monaco,Monaco,2022-05-29,True,64.0,23,ALB,Williams,16.0,18.0,0.0,48.0,Mechanical,True,True,4,WET,WET→HARD→MEDIUM→MEDIUM,18.0,True,False,False,22.06122448979592,28.283673469387757,87.149,78.289,81.62,77.496,5.528999999999996,0.7930000000000064,6.020499999999998,12.666666666666666,12.4,0.16666666666666666,0.6666666666666666,3.0,4,9,0
2022,7,ALO,Monaco Grand Prix,Monaco,Monaco,2022-05-29,True,64.0,14,ALO,Alpine,7.0,7.0,6.0,64.0,Finished,False,True,2,WET,WET→HARD→MEDIUM,21.0,True,False,False,22.1359375,28.496875,81.602,77.5075,81.62,77.496,-0.018000000000000682,0.011499999999998067,0.19650000000001455,13.0,14.4,0.3333333333333333,4.0,34.0,4,0,1
2022,7,BOT,Monaco Grand Prix,Monaco,Monaco,2022-05-29,True,64.0,77,BOT,Kick Sauber,12.0,9.0,2.0,64.0,Finished,False,True,2,WET,WET→HARD→HARD,20.0,True,False,False,22.1375,28.475,81.51750000000001,77.94200000000001,81.62,77.496,-0.10249999999999204,0.44600000000001216,-0.5394999999999754,6.0,8.2,0.16666666666666666,8.0,37.0,4,4,5
2022,7,GAS,Monaco Grand Prix,Monaco,Monaco,2022-05-29,True,64.0,10,GAS,RB,17.0,11.0,0.0,64.0,Finished,False,True,3,INTERMEDIATE,INTERMEDIATE→INTERMEDIATE→HARD→HARD,2.0,True,False,False,22.1375,28.48125,81.62,77.9185,81.62,77.496,0.0,0.42249999999999943,-0.7860000000000014,14.333333333333334,12.0,0.3333333333333333,2.3333333333333335,17.0,3,7,9
2022,7,HAM,Monaco Grand Prix,Monaco,Monaco,2022-05-29,True,64.0,44,HAM,Mercedes,8.0,8.0,4.0,64.0,Finished,False,True,3,WET,WET→INTERMEDIATE→HARD→MEDIUM,15.0,True,False,False,22.13125,28.4859375,80.779,78.0515,81.62,77.496,-0.8410000000000082,0.5555000000000092,1.688999999999993,8.0,7.6,0.0,18.333333333333332,120.0,4,6,11
2022,7,LAT,Monaco Grand Prix,Monaco,Monaco,2022-05-29,True,64.0,6,LAT,Williams,19.0,15.0,0.0,63.0,+1 Lap,False,True,4,WET,WET→INTERMEDIATE→HARD→MEDIUM,1.0,True,False,False,22.136507936507936,28.482539682539684,81.1285,78.947,81.62,77.496,-0.49150000000000205,1.4510000000000076,-6.020499999999998,15.333333333333334,16.0,0.16666666666666666,0.6666666666666666,3.0,4,9,13
2022,7,LEC,Monaco Grand Prix,Monaco,Monaco,2022-05-29,True,64.0,16,LEC,Ferrari,1.0,4.0,12.0,64.0,Finished,False,True,3,WET,WET→INTERMEDIATE→HARD→HARD,18.0,True,False,False,22.128125,28.4921875,78.988,76.792,81.62,77.496,-2.632000000000005,-0.7039999999999935,0.043000000000006366,9.333333333333334,6.2,0.16666666666666666,17.666666666666668,157.0,4,2,15
2022,7,MAG,Monaco Grand Prix,Monaco,Monaco,2022-05-29,True,64.0,20,MAG,Haas F1 Team,13.0,20.0,0.0,19.0,Water pressure,True,True,1,WET,WET,20.0,False,False,False,21.765,27.75,98.426,94.853,81.62,77.496,16.805999999999997,17.357,1.5854999999999961,14.0,13.0,0.16666666666666666,0.6666666666666666,14.0,4,3,16
2022,7,MSC,Monaco Grand Prix,Monaco,Monaco,2022-05-29,True,64.0,47,MSC,Haas F1 Team,15.0,19.0,0.0,24.0,Accident,True,True,2,WET,WET→INTERMEDIATE→HARD,4.0,False,False,False,21.851999999999997,27.756,96.8405,87.542,81.62,77.496,15.220500000000001,10.046000000000006,-1.5854999999999961,15.333333333333334,14.0,0.0,0.6666666666666666,14.0,4,3,17
2022,7,NOR,Monaco Grand Prix,Monaco,Monaco,2022-05-29,True,64.0,4,NOR,McLaren,5.0,6.0,9.0,64.0,Finished,False,True,4,WET,WET→INTERMEDIATE→HARD→HARD→MEDIUM,17.0,True,False,False,22.1328125,28.4859375,78.62049999999999,75.3925,81.62,77.496,-2.999500000000012,-2.103499999999997,-3.122000000000014,10.0,8.4,0.16666666666666666,6.333333333333333,43.0,4,5,18
2022,7,OCO,Monaco Grand Prix,Monaco,Monaco,2022-05-29,True,64.0,31,OCO,Alpine,10.0,12.0,0.0,64.0,Finished,False,True,2,WET,WET→HARD→MEDIUM,21.0,True,False,False,22.1375,28.4828125,81.40549999999999,78.0645,81.62,77.496,-0.21450000000001523,0.5685000000000002,-0.19650000000001455,9.666666666666666,8.4,0.0,4.0,34.0,4,0,19
2022,7,PER,Monaco Grand Prix,Monaco,Monaco,2022-05-29,True,64.0,11,PER,Red Bull Racing,3.0,1.0,25.0,64.0,Finished,False,True,3,WET,WET→INTERMEDIATE→HARD→MEDIUM,16.0,True,False,False,22.134375,28.5,78.977,76.476,81.62,77.496,-2.6430000000000007,-1.019999999999996,0.011500000000012278,2.6666666666666665,2.8,0.16666666666666666,42.0,181.0,4,8,20
2022,7,RIC,Monaco Grand Prix,Monaco,Monaco,2022-05-29,True,64.0,3,RIC,McLaren,14.0,13.0,0.0,64.0,Finished,False,True,2,WET,WET→HARD→HARD,19.0,True,False,False,22.1421875,28.490625,81.7425,77.809,81.62,77.496,0.12250000000000227,0.3130000000000024,3.122000000000014,14.333333333333334,13.2,0.16666666666666666,6.333333333333333,43.0,4,5,22
2022,7,RUS,Monaco Grand Prix,Monaco,Monaco,2022-05-29,True,64.0,63,RUS,Mercedes,6.0,5.0,10.0,64.0,Finished,False,True,2,WET,WET→HARD→MEDIUM,21.0,True,False,False,22.1328125,28.4921875,79.09,77.0275,81.62,77.496,-2.530000000000001,-0.4684999999999917,-1.688999999999993,4.0,4.0,0.0,18.333333333333332,120.0,4,6,23
2022,7,SAI,Monaco Grand Prix,Monaco,Monaco,2022-05-29,True,64.0,55,SAI,Ferrari,2.0,2.0,18.0,64.0,Finished,False,True,2,WET,WET→HARD→HARD,21.0,True,False,False,22.128125,28.4953125,78.945,76.6705,81.62,77.496,-2.6750000000000114,-0.825499999999991,-0.043000000000006366,9.0,10.0,0.3333333333333333,17.666666666666668,157.0,4,2,24
2022,7,STR,Monaco Grand Prix,Monaco,Monaco,2022-05-29,True,64.0,18,STR,Aston Martin,18.0,14.0,0.0,64.0,Finished,False,True,4,WET,WET→WET→INTERMEDIATE→HARD→HARD,1.0,True,False,False,22.134375,28.4921875,81.703,78.03399999999999,81.62,77.496,0.08299999999999841,0.5379999999999967,0.6370000000000005,11.666666666666666,12.0,0.0,2.0,6.0,4,1,26
2022,7,TSU,Monaco Grand Prix,Monaco,Monaco,2022-05-29,True,64.0,22,TSU,RB,11.0,17.0,0.0,63.0,+1 Lap,False,True,4,WET,WET→INTERMEDIATE→HARD→MEDIUM→SOFT,6.0,True,False,False,22.13015873015873,28.485714285714284,82.406,77.66,81.62,77.496,0.7860000000000014,0.16400000000000148,0.7860000000000014,9.666666666666666,10.4,0.0,2.3333333333333335,17.0,4,7,27
2022,7,VER,Monaco Grand Prix,Monaco,Monaco,2022-05-29,True,64.0,1,VER,Red Bull Racing,4.0,3.0,15.0,64.0,Finished,False,True,3,WET,WET→INTERMEDIATE→HARD→MEDIUM,18.0,True,False,False,22.128125,28.490625,78.96549999999999,76.7595,81.62,77.496,-2.654500000000013,-0.7364999999999924,-0.011500000000012278,1.0,4.4,0.3333333333333333,42.0,181.0,4,8,28
2022,7,VET,Monaco Grand Prix,Monaco,Monaco,2022-05-29,True,64.0,5,VET,Aston Martin,9.0,10.0,1.0,64.0,Finished,False,True,3,WET,WET→INTERMEDIATE→HARD→HARD,6.0,True,False,False,22.1421875,28.4859375,81.066,77.826,81.62,77.496,-0.554000000000002,0.3299999999999983,-0.6370000000000005,12.0,13.75,0.5,2.0,6.0,4,1,29
2022,7,ZHO,Monaco Grand Prix,Monaco,Monaco,2022-05-29,True,64.0,24,ZHO,Kick Sauber,20.0,16.0,0.0,63.0,+1 Lap,False,True,2,WET,WET→HARD→MEDIUM,19.0,True,False,False,22.126984126984127,28.47301587301587,82.057,79.09,81.62,77.496,0.4369999999999976,1.5940000000000083,0.5395000000000039,18.0,15.2,0.3333333333333333,8.0,37.0,4,4,30
2022,8,ALB,Azerbaijan Grand Prix,Azerbaijan,Baku,2022-06-12,True,51.0,23,ALB,Williams,17.0,12.0,0.0,50.0,+1 Lap,False,False,2,MEDIUM,MEDIUM→HARD→HARD,9.0,False,True,False,25.304000000000002,46.068000000000005,110.071,108.0935,109.69550000000001,107.9065,0.3754999999999882,0.18700000000001182,-1.1204999999999927,15.0,13.2,0.2857142857142857,0.6666666666666666,3.0,1,9,0
2022,8,ALO,Azerbaijan Grand Prix,Azerbaijan,Baku,2022-06-12,True,51.0,14,ALO,Alpine,10.0,7.0,6.0,51.0,Finished,False,False,1,MEDIUM,MEDIUM→HARD,18.0,False,False,False,25.3,46.01372549019607,109.464,108.3755,109.69550000000001,107.9065,-0.23150000000001114,0.4690000000000083,-1.2005000000000052,9.0,12.6,0.2857142857142857,6.0,40.0,1,0,1
2022,8,BOT,Azerbaijan Grand Prix,Azerbaijan,Baku,2022-06-12,True,51.0,77,BOT,Kick Sauber,15.0,11.0,0.0,50.0,+1 Lap,False,False,1,HARD,HARD→MEDIUM,33.0,False,False,False,25.304000000000002,46.05,110.542,108.434,109.69550000000001,107.9065,0.8464999999999918,0.5275000000000034,0.057999999999992724,7.333333333333333,7.0,0.14285714285714285,5.333333333333333,39.0,2,4,5
2022,8,GAS,Azerbaijan Grand Prix,Azerbaijan,Baku,2022-06-12,True,51.0,10,GAS,RB,6.0,5.0,10.0,51.0,Finished,False,False,1,MEDIUM,MEDIUM→HARD,9.0,False,True,False,25.3,46.01372549019607,109.561,108.726,109.69550000000001,107.9065,-0.13450000000000273,0.819500000000005,-0.22149999999999181,14.0,12.6,0.2857142857142857,0.3333333333333333,17.0,1,7,9
2022,8,HAM,Azerbaijan Grand Prix,Azerbaijan,Baku,2022-06-12,True,51.0,44,HAM,Mercedes,7.0,4.0,12.0,51.0,Finished,False,False,2,MEDIUM,MEDIUM→HARD→HARD,9.0,False,False,False,25.3,46.00392156862745,109.579,107.485,109.69550000000001,107.9065,-0.11650000000001626,-0.42149999999999466,0.5010000000000048,6.333333333333333,7.2,0.0,19.0,134.0,1,6,11
2022,8,LAT,Azerbaijan Grand Prix,Azerbaijan,Baku,2022-06-12,True,51.0,6,LAT,Williams,18.0,15.0,0.0,50.0,+1 Lap,False,False,2,MEDIUM,MEDIUM→MEDIUM→HARD,3.0,False,True,False,25.296,46.02,111.1915,110.05250000000001,109.69550000000001,107.9065,1.4959999999999951,2.146000000000015,1.1205000000000211,15.0,15.4,0.14285714285714285,0.6666666666666666,3.0,1,9,13
2022,8,LEC,Azerbaijan Grand Prix,Azerbaijan,Baku,2022-06-12,True,51.0,16,LEC,Ferrari,1.0,19.0,0.0,21.0,Power Unit,True,False,2,MEDIUM,MEDIUM→HARD,9.0,False,False,False,25.571428571428573,47.12380952380953,108.3875,107.938,109.69550000000001,107.9065,-1.308000000000007,0.0315000000000083,-0.7814999999999941,8.666666666666666,6.6,0.14285714285714285,25.0,187.0,1,2,15
2022,8,MAG,Azerbaijan Grand Prix,Azerbaijan,Baku,2022-06-12,True,51.0,20,MAG,Haas F1 Team,16.0,17.0,0.0,31.0,Power Unit,True,False,1,MEDIUM,MEDIUM→HARD,9.0,False,False,False,25.465625,46.546875,110.476,109.764,109.69550000000001,107.9065,0.7804999999999893,1.8575000000000017,0.04449999999999932,17.666666666666668,15.2,0.2857142857142857,0.0,14.0,1,3,16
2022,8,MSC,Azerbaijan Grand Prix,Azerbaijan,Baku,2022-06-12,True,51.0,47,MSC,Haas F1 Team,20.0,14.0,0.0,50.0,+1 Lap,False,False,2,HARD,HARD→MEDIUM→HARD,9.0,False,True,False,25.296,46.053999999999995,110.4315,108.738,109.69550000000001,107.9065,0.73599999999999,0.8315000000000055,-0.04449999999999932,16.0,15.6,0.16666666666666666,0.0,14.0,2,3,17
2022,8,NOR,Azerbaijan Grand Prix,Azerbaijan,Baku,2022-06-12,True,51.0,4,NOR,McLaren,11.0,9.0,2.0,51.0,Finished,False,False,1,MEDIUM,MEDIUM→HARD,20.0,False,False,False,25.298039215686277,46.02745098039216,109.475,108.14500000000001,109.69550000000001,107.9065,-0.22050000000001546,0.23850000000001614,-0.6410000000000196,11.0,8.2,0.14285714285714285,4.333333333333333,52.0,1,5,18
2022,8,OCO,Azerbaijan Grand Prix,Azerbaijan,Baku,2022-06-12,True,51.0,31,OCO,Alpine,13.0,10.0,1.0,51.0,Finished,False,False,1,HARD,HARD→MEDIUM,33.0,False,False,False,25.305882352941175,46.01176470588235,110.6645,108.607,109.69550000000001,107.9065,0.9689999999999941,0.7005000000000052,1.2005000000000052,9.0,9.6,0.0,6.0,40.0,2,0,19
2022,8,PER,Azerbaijan Grand Prix,Azerbaijan,Baku,2022-06-12,True,51.0,11,PER,Red Bull Racing,2.0,2.0,19.0,51.0,Finished,False,False,2,MEDIUM,MEDIUM→HARD→HARD,16.0,False,True,False,25.298039215686277,46.09803921568628,108.035,107.144,109.69550000000001,107.9065,-1.6605000000000132,-0.7624999999999886,0.3919999999999959,2.3333333333333335,2.2,0.14285714285714285,40.666666666666664,221.0,1,8,20
2022,8,RIC,Azerbaijan Grand Prix,Azerbaijan,Baku,2022-06-12,True,51.0,3,RIC,McLaren,12.0,8.0,4.0,51.0,Finished,False,False,1,HARD,HARD→MEDIUM,33.0,False,False,False,25.298039215686277,46.017647058823535,110.116,108.408,109.69550000000001,107.9065,0.4204999999999899,0.5015000000000072,0.6409999999999911,12.666666666666666,12.4,0.14285714285714285,4.333333333333333,52.0,2,5,22
2022,8,RUS,Azerbaijan Grand Prix,Azerbaijan,Baku,2022-06-12,True,51.0,63,RUS,Mercedes,5.0,3.0,15.0,51.0,Finished,False,False,2,MEDIUM,MEDIUM→HARD→HARD,9.0,False,True,False,25.30392156862745,46.05882352941177,109.078,107.447,109.69550000000001,107.9065,-0.6175000000000068,-0.45949999999999136,-0.5009999999999764,4.333333333333333,4.0,0.0,19.0,134.0,1,6,23
2022,8,SAI,Azerbaijan Grand Prix,Azerbaijan,Baku,2022-06-12,True,51.0,55,SAI,Ferrari,4.0,20.0,0.0,8.0,Hydraulics,True,False,0,MEDIUM,MEDIUM,9.0,False,False,False,25.633333333333333,47.577777777777776,109.169,108.978,109.69550000000001,107.9065,-0.5265000000000128,1.0715000000000003,0.7814999999999941,3.0,9.8,0.2857142857142857,25.0,187.0,1,2,24
2022,8,STR,Azerbaijan Grand Prix,Azerbaijan,Baku,2022-06-12,True,51.0,18,STR,Aston Martin,19.0,16.0,0.0,46.0,Vibrations,True,False,2,HARD,HARD→MEDIUM,30.0,False,True,False,25.32608695652174,46.199999999999996,110.828,109.152,109.69550000000001,107.9065,1.1324999999999932,1.245500000000007,1.3029999999999973,13.0,12.2,0.0,0.6666666666666666,7.0,2,1,26
2022,8,TSU,Azerbaijan Grand Prix,Azerbaijan,Baku,2022-06-12,True,51.0,22,TSU,RB,8.0,13.0,0.0,50.0,+1 Lap,False,False,2,MEDIUM,MEDIUM→HARD→SOFT,9.0,False,False,False,25.311999999999998,46.036,109.7825,107.637,109.69550000000001,107.9065,0.08699999999998909,-0.26949999999999363,0.22149999999999181,13.0,12.2,0.0,0.3333333333333333,17.0,1,7,27
2022,8,VER,Azerbaijan Grand Prix,Azerbaijan,Baku,2022-06-12,True,51.0,1,VER,Red Bull Racing,3.0,1.0,25.0,51.0,Finished,False,False,2,MEDIUM,MEDIUM→HARD→HARD,18.0,False,True,False,25.30392156862745,46.1,107.643,106.5085,109.69550000000001,107.9065,-2.052500000000009,-1.3979999999999961,-0.3919999999999959,1.6666666666666667,4.8,0.2857142857142857,40.666666666666664,221.0,1,8,28
2022,8,VET,Azerbaijan Grand Prix,Azerbaijan,Baku,2022-06-12,True,51.0,5,VET,Aston Martin,9.0,6.0,8.0,51.0,Finished,False,False,1,MEDIUM,MEDIUM→HARD,9.0,False,False,False,25.30392156862745,46.00392156862745,109.525,108.525,109.69550000000001,107.9065,-0.1705000000000041,0.6185000000000116,-1.3029999999999973,12.666666666666666,13.0,0.4,0.6666666666666666,7.0,1,1,29
2022,8,ZHO,Azerbaijan Grand Prix,Azerbaijan,Baku,2022-06-12,True,51.0,24,ZHO,Kick Sauber,14.0,18.0,0.0,23.0,Hydraulics,True,False,2,MEDIUM,MEDIUM→HARD,9.0,False,False,False,25.582608695652173,46.94347826086957,110.484,109.045,109.69550000000001,107.9065,0.7884999999999849,1.1385000000000076,-0.058000000000021146,18.333333333333332,16.2,0.2857142857142857,5.333333333333333,39.0,1,4,30
2022,9,ALB,Canadian Grand Prix,Canada,Montréal,2022-06-19,False,70.0,23,ALB,Williams,12.0,13.0,0.0,70.0,Finished,False,False,2,MEDIUM,MEDIUM→HARD→HARD,18.0,True,False,False,21.502857142857142,41.85285714285714,79.248,78.087,78.834,77.246,0.4140000000000015,0.8410000000000082,-0.6490000000000009,16.0,13.6,0.25,0.0,3.0,1,9,0
2022,9,ALO,Canadian Grand Prix,Canada,Montréal,2022-06-19,False,70.0,14,ALO,Alpine,2.0,9.0,2.0,70.0,Finished,False,False,2,MEDIUM,MEDIUM→HARD→MEDIUM,28.0,True,False,False,21.487142857142857,41.857142857142854,78.4725,77.273,78.834,77.246,-0.3615000000000066,0.027000000000001023,-0.11750000000000682,7.666666666666667,10.6,0.25,7.0,47.0,1,0,1
2022,9,BOT,Canadian Grand Prix,Canada,Montréal,2022-06-19,False,70.0,77,BOT,Kick Sauber,11.0,7.0,6.0,70.0,Finished,False,False,1,HARD,HARD→MEDIUM,49.0,True,False,False,21.5,41.854285714285716,78.831,77.257,78.834,77.246,-0.0030000000000001137,0.01100000000000989,-0.2745000000000175,8.666666666666666,7.6,0.125,3.3333333333333335,39.0,2,4,5
2022,9,GAS,Canadian Grand Prix,Canada,Montréal,2022-06-19,False,70.0,10,GAS,RB,15.0,14.0,0.0,70.0,Finished,False,False,2,MEDIUM,MEDIUM→HARD→HARD,5.0,True,True,False,21.512857142857143,41.864285714285714,78.835,78.0755,78.834,77.246,0.000999999999990564,0.8295000000000101,-0.5130000000000052,9.666666666666666,11.8,0.25,3.6666666666666665,27.0,1,7,9
2022,9,HAM,Canadian Grand Prix,Canada,Montréal,2022-06-19,False,70.0,44,HAM,Mercedes,4.0,3.0,15.0,70.0,Finished,False,False,2,MEDIUM,MEDIUM→HARD→HARD,9.0,True,False,False,21.478571428571428,41.861428571428576,77.885,76.291,78.834,77.246,-0.9489999999999981,-0.9549999999999983,0.049000000000006594,5.666666666666667,7.2,0.0,22.0,161.0,1,6,11
2022,9,LAT,Canadian Grand Prix,Canada,Montréal,2022-06-19,False,70.0,6,LAT,Williams,18.0,16.0,0.0,70.0,Finished,False,False,2,MEDIUM,MEDIUM→HARD→HARD,9.0,True,True,False,21.514285714285716,41.864285714285714,79.897,78.928,78.834,77.246,1.0630000000000024,1.6820000000000022,0.6490000000000009,15.333333333333334,15.2,0.125,0.0,3.0,1,9,13
2022,9,LEC,Canadian Grand Prix,Canada,Montréal,2022-06-19,False,70.0,16,LEC,Ferrari,19.0,5.0,10.0,70.0,Finished,False,False,1,HARD,HARD→MEDIUM,41.0,True,False,False,21.497142857142858,41.85142857142857,78.5705,76.706,78.834,77.246,-0.2635000000000076,-0.539999999999992,1.0625,14.333333333333334,10.2,0.25,14.0,187.0,2,2,15
2022,9,MAG,Canadian Grand Prix,Canada,Montréal,2022-06-19,False,70.0,20,MAG,Haas F1 Team,5.0,17.0,0.0,70.0,Finished,False,False,1,MEDIUM,MEDIUM→HARD,7.0,True,True,False,21.51142857142857,41.85857142857143,79.471,78.717,78.834,77.246,0.6370000000000005,1.4710000000000036,0.06900000000001683,18.0,15.8,0.375,0.0,14.0,1,3,16
2022,9,MSC,Canadian Grand Prix,Canada,Montréal,2022-06-19,False,70.0,47,MSC,Haas F1 Team,6.0,19.0,0.0,18.0,Engine,True,False,0,MEDIUM,MEDIUM,19.0,False,False,False,20.91578947368421,41.6578947368421,79.402,79.142,78.834,77.246,0.5679999999999978,1.8960000000000008,-0.0689999999999884,15.666666666666666,15.8,0.14285714285714285,0.0,14.0,1,3,17
2022,9,NOR,Canadian Grand Prix,Canada,Montréal,2022-06-19,False,70.0,4,NOR,McLaren,14.0,15.0,0.0,70.0,Finished,False,False,2,HARD,HARD→HARD→MEDIUM,19.0,True,False,False,21.50142857142857,41.855714285714285,79.235,77.896,78.834,77.246,0.40099999999999625,0.6500000000000057,0.09299999999998931,7.666666666666667,9.0,0.125,6.333333333333333,58.0,2,5,18
2022,9,OCO,Canadian Grand Prix,Canada,Montréal,2022-06-19,False,70.0,31,OCO,Alpine,7.0,6.0,8.0,70.0,Finished,False,False,2,MEDIUM,MEDIUM→HARD→MEDIUM,19.0,True,False,False,21.494285714285713,41.855714285714285,78.59,77.342,78.834,77.246,-0.24399999999999977,0.09600000000000364,0.11750000000000682,9.666666666666666,10.2,0.0,7.0,47.0,1,0,19
2022,9,PER,Canadian Grand Prix,Canada,Montréal,2022-06-19,False,70.0,11,PER,Red Bull Racing,13.0,20.0,0.0,7.0,Gearbox,True,False,0,HARD,HARD,8.0,False,False,False,20.6125,41.5375,79.541,78.844,78.834,77.246,0.7069999999999936,1.597999999999999,2.0829999999999984,1.6666666666666667,2.2,0.125,42.666666666666664,265.0,2,8,20
2022,9,RIC,Canadian Grand Prix,Canada,Montréal,2022-06-19,False,70.0,3,RIC,McLaren,9.0,11.0,0.0,70.0,Finished,False,False,2,MEDIUM,MEDIUM→HARD→HARD,19.0,True,False,False,21.507142857142856,41.857142857142854,79.142,78.183,78.834,77.246,0.3079999999999927,0.9370000000000118,-0.09300000000001774,11.0,12.8,0.125,6.333333333333333,58.0,1,5,22
2022,9,RUS,Canadian Grand Prix,Canada,Montréal,2022-06-19,False,70.0,63,RUS,Mercedes,8.0,4.0,12.0,70.0,Finished,False,False,2,MEDIUM,MEDIUM→HARD→HARD,19.0,True,False,False,21.487142857142857,41.857142857142854,77.836,76.655,78.834,77.246,-0.9980000000000047,-0.590999999999994,-0.049000000000006594,3.6666666666666665,4.0,0.0,22.0,161.0,1,6,23
2022,9,SAI,Canadian Grand Prix,Canada,Montréal,2022-06-19,False,70.0,55,SAI,Ferrari,3.0,2.0,19.0,70.0,Finished,False,False,2,MEDIUM,MEDIUM→HARD→HARD,20.0,True,False,False,21.484285714285715,41.855714285714285,77.508,75.992,78.834,77.246,-1.3260000000000076,-1.2539999999999907,-1.0625,8.666666666666666,9.8,0.375,14.0,187.0,1,2,24
2022,9,STR,Canadian Grand Prix,Canada,Montréal,2022-06-19,False,70.0,18,STR,Aston Martin,17.0,10.0,1.0,70.0,Finished,False,False,1,HARD,HARD→MEDIUM,47.0,True,False,False,21.50142857142857,41.855714285714285,79.27,77.698,78.834,77.246,0.43599999999999284,0.4519999999999982,0.4550000000000125,15.0,13.0,0.125,3.0,15.0,2,1,26
2022,9,TSU,Canadian Grand Prix,Canada,Montréal,2022-06-19,False,70.0,22,TSU,RB,20.0,18.0,0.0,47.0,Accident,True,False,2,MEDIUM,MEDIUM→HARD,9.0,False,False,False,21.27446808510638,41.85531914893617,79.348,78.54050000000001,78.834,77.246,0.5139999999999958,1.2945000000000135,0.5130000000000052,13.333333333333334,11.8,0.0,3.6666666666666665,27.0,1,7,27
2022,9,VER,Canadian Grand Prix,Canada,Montréal,2022-06-19,False,70.0,1,VER,Red Bull Racing,1.0,1.0,25.0,70.0,Finished,False,False,2,MEDIUM,MEDIUM→HARD→HARD,9.0,True,False,False,21.482857142857142,41.84857142857143,77.458,75.997,78.834,77.246,-1.3760000000000048,-1.2489999999999952,-2.0829999999999984,1.6666666666666667,1.4,0.25,42.666666666666664,265.0,1,8,28
2022,9,VET,Canadian Grand Prix,Canada,Montréal,2022-06-19,False,70.0,5,VET,Aston Martin,16.0,12.0,0.0,70.0,Finished,False,False,2,MEDIUM,MEDIUM→HARD→HARD,5.0,True,True,False,21.512857142857143,41.862857142857145,78.815,78.31,78.834,77.246,-0.019000000000005457,1.0640000000000072,-0.4549999999999841,9.0,10.4,0.3333333333333333,3.0,15.0,1,1,29
2022,9,ZHO,Canadian Grand Prix,Canada,Montréal,2022-06-19,False,70.0,24,ZHO,Kick Sauber,10.0,8.0,4.0,70.0,Finished,False,False,2,MEDIUM,MEDIUM→HARD→HARD,19.0,True,False,False,21.50142857142857,41.84857142857143,79.1055,77.087,78.834,77.246,0.2715000000000032,-0.15899999999999181,0.2744999999999891,17.666666666666668,17.6,0.375,3.3333333333333335,39.0,1,4,30
2022,10,ALB,British Grand Prix,Great Britain,Silverstone,2022-07-03,False,52.0,23,ALB,Williams,16.0,20.0,0.0,0.0,Collision,True,False,0,SOFT,SOFT,1.0,False,False,False,17.6,28.1,,,94.1745,92.2175,,,0.0,14.333333333333334,14.0,0.2222222222222222,0.0,3.0,0,9,0
2022,10,ALO,British Grand Prix,Great Britain,Silverstone,2022-07-03,False,52.0,14,ALO,Alpine,7.0,5.0,10.0,52.0,Finished,False,False,3,MEDIUM,MEDIUM→MEDIUM→HARD→SOFT,1.0,True,False,False,18.492307692307694,31.309615384615384,93.987,91.783,94.1745,92.2175,-0.1875,-0.4344999999999999,-1.0090000000000146,7.666666666666667,8.6,0.2222222222222222,7.666666666666667,57.0,1,0,1
2022,10,BOT,British Grand Prix,Great Britain,Silverstone,2022-07-03,False,52.0,77,BOT,Kick Sauber,12.0,17.0,0.0,20.0,Gearbox,True,False,2,MEDIUM,MEDIUM→MEDIUM,1.0,False,False,False,18.485,32.205,95.527,95.117,94.1745,92.2175,1.3525000000000063,2.8995000000000033,0.0,9.0,8.0,0.1111111111111111,4.0,49.0,1,4,5
2022,10,GAS,British Grand Prix,Great Britain,Silverstone,2022-07-03,False,52.0,10,GAS,RB,11.0,16.0,0.0,26.0,Collision damage,True,False,3,MEDIUM,MEDIUM→SOFT→HARD,1.0,False,False,False,18.576923076923077,32.16538461538461,95.512,94.679,94.1745,92.2175,1.3375000000000057,2.461500000000001,-0.025000000000005684,10.0,12.2,0.2222222222222222,3.3333333333333335,27.0,1,7,9
2022,10,HAM,British Grand Prix,Great Britain,Silverstone,2022-07-03,False,52.0,44,HAM,Mercedes,5.0,3.0,16.0,52.0,Finished,False,False,3,MEDIUM,MEDIUM→MEDIUM→HARD→SOFT,1.0,True,False,False,18.49423076923077,31.301923076923078,92.66550000000001,91.459,94.1745,92.2175,-1.5089999999999861,-0.758499999999998,0.0,5.0,5.2,0.0,22.666666666666668,188.0,1,6,11
2022,10,LAT,British Grand Prix,Great Britain,Silverstone,2022-07-03,False,52.0,6,LAT,Williams,10.0,12.0,0.0,52.0,Finished,False,False,3,SOFT,SOFT→SOFT→MEDIUM→SOFT,1.0,True,False,False,18.486538461538462,31.271153846153844,95.043,93.674,94.1745,92.2175,0.8685000000000116,1.4565000000000055,0.0,15.333333333333334,15.2,0.1111111111111111,0.0,3.0,0,9,13
2022,10,LEC,British Grand Prix,Great Britain,Silverstone,2022-07-03,False,52.0,16,LEC,Ferrari,3.0,4.0,12.0,52.0,Finished,False,False,2,MEDIUM,MEDIUM→MEDIUM→HARD,1.0,True,False,False,18.496153846153845,31.315384615384616,92.921,91.708,94.1745,92.2175,-1.2534999999999883,-0.5095000000000027,0.1570000000000107,9.333333333333334,10.0,0.2222222222222222,19.666666666666668,216.0,1,2,15
2022,10,MAG,British Grand Prix,Great Britain,Silverstone,2022-07-03,False,52.0,20,MAG,Haas F1 Team,17.0,10.0,1.0,52.0,Finished,False,False,2,SOFT,SOFT→MEDIUM→MEDIUM,1.0,True,False,False,18.49423076923077,31.28076923076923,94.995,93.212,94.1745,92.2175,0.8205000000000098,0.9945000000000022,0.3830000000000098,18.0,17.4,0.3333333333333333,0.0,14.0,0,3,16
2022,10,MSC,British Grand Prix,Great Britain,Silverstone,2022-07-03,False,52.0,47,MSC,Haas F1 Team,19.0,8.0,4.0,52.0,Finished,False,False,3,MEDIUM,MEDIUM→MEDIUM→HARD→SOFT,1.0,True,False,False,18.496153846153845,31.28076923076923,94.612,92.3445,94.1745,92.2175,0.4375,0.12699999999999534,-0.3830000000000098,17.333333333333332,16.2,0.25,0.0,14.0,1,3,17
2022,10,NOR,British Grand Prix,Great Britain,Silverstone,2022-07-03,False,52.0,4,NOR,McLaren,6.0,6.0,8.0,52.0,Finished,False,False,3,MEDIUM,MEDIUM→MEDIUM→HARD→SOFT,1.0,True,False,False,18.496153846153845,31.309615384615384,93.951,92.1445,94.1745,92.2175,-0.22350000000000136,-0.0730000000000075,-0.6970000000000027,10.0,11.4,0.1111111111111111,5.0,58.0,1,5,18
2022,10,OCO,British Grand Prix,Great Britain,Silverstone,2022-07-03,False,52.0,31,OCO,Alpine,15.0,15.0,0.0,37.0,Fuel pump,True,False,2,MEDIUM,MEDIUM→SOFT→HARD,1.0,False,False,False,18.678947368421053,32.06578947368421,94.996,93.9385,94.1745,92.2175,0.8215000000000003,1.7210000000000036,1.0089999999999861,9.333333333333334,8.6,0.0,7.666666666666667,57.0,1,0,19
2022,10,PER,British Grand Prix,Great Britain,Silverstone,2022-07-03,False,52.0,11,PER,Red Bull Racing,4.0,2.0,18.0,52.0,Finished,False,False,3,MEDIUM,MEDIUM→MEDIUM→MEDIUM→SOFT,1.0,True,False,False,18.496153846153845,31.315384615384616,92.981,91.3435,94.1745,92.2175,-1.1935000000000002,-0.8739999999999952,-1.1385000000000218,7.666666666666667,5.8,0.2222222222222222,36.333333333333336,290.0,1,8,20
2022,10,RIC,British Grand Prix,Great Britain,Silverstone,2022-07-03,False,52.0,3,RIC,McLaren,14.0,13.0,0.0,52.0,Finished,False,False,4,MEDIUM,MEDIUM→MEDIUM→HARD→SOFT→SOFT,1.0,True,False,False,18.486538461538462,31.25769230769231,94.648,93.4085,94.1745,92.2175,0.47350000000000136,1.1910000000000025,0.6970000000000027,10.666666666666666,11.4,0.1111111111111111,5.0,58.0,1,5,22
2022,10,RUS,British Grand Prix,Great Britain,Silverstone,2022-07-03,False,52.0,63,RUS,Mercedes,8.0,18.0,0.0,0.0,Collision,True,False,0,HARD,HARD,1.0,False,False,False,17.6,28.1,,,94.1745,92.2175,,,0.0,4.0,4.0,0.0,22.666666666666668,188.0,2,6,23
2022,10,SAI,British Grand Prix,Great Britain,Silverstone,2022-07-03,False,52.0,55,SAI,Ferrari,1.0,1.0,25.0,52.0,Finished,False,False,3,MEDIUM,MEDIUM→MEDIUM→HARD→SOFT,1.0,True,False,False,18.5,31.325000000000003,92.764,91.2325,94.1745,92.2175,-1.410499999999999,-0.9849999999999994,-0.1570000000000107,8.0,6.2,0.3333333333333333,19.666666666666668,216.0,1,2,24
2022,10,STR,British Grand Prix,Great Britain,Silverstone,2022-07-03,False,52.0,18,STR,Aston Martin,20.0,11.0,0.0,52.0,Finished,False,False,3,MEDIUM,MEDIUM→MEDIUM→HARD→MEDIUM,1.0,True,False,False,18.492307692307694,31.27692307692308,94.707,93.2045,94.1745,92.2175,0.5324999999999989,0.9869999999999948,0.32049999999998136,13.333333333333334,13.0,0.1111111111111111,3.3333333333333335,16.0,1,1,26
2022,10,TSU,British Grand Prix,Great Britain,Silverstone,2022-07-03,False,52.0,22,TSU,RB,13.0,14.0,0.0,52.0,Finished,False,False,3,MEDIUM,MEDIUM→SOFT→HARD→SOFT,1.0,True,False,False,18.48846153846154,31.232692307692307,95.537,94.0805,94.1745,92.2175,1.3625000000000114,1.8629999999999995,0.025000000000005684,16.0,14.0,0.125,3.3333333333333335,27.0,1,7,27
2022,10,VER,British Grand Prix,Great Britain,Silverstone,2022-07-03,False,52.0,1,VER,Red Bull Racing,2.0,7.0,6.0,52.0,Finished,False,False,4,SOFT,SOFT→MEDIUM→MEDIUM→HARD→SOFT,1.0,True,False,False,18.498076923076923,31.299999999999997,94.1195,92.575,94.1745,92.2175,-0.05499999999999261,0.3575000000000017,1.1384999999999934,1.6666666666666667,1.4,0.2222222222222222,36.333333333333336,290.0,0,8,28
2022,10,VET,British Grand Prix,Great Britain,Silverstone,2022-07-03,False,52.0,5,VET,Aston Martin,18.0,9.0,2.0,52.0,Finished,False,False,3,SOFT,SOFT→SOFT→MEDIUM→MEDIUM,1.0,True,False,False,18.492307692307694,31.259615384615383,94.38650000000001,93.029,94.1745,92.2175,0.2120000000000175,0.8114999999999952,-0.32049999999998136,9.333333333333334,11.2,0.2857142857142857,3.3333333333333335,16.0,0,1,29
2022,10,ZHO,British Grand Prix,Great Britain,Silverstone,2022-07-03,False,52.0,24,ZHO,Kick Sauber,9.0,19.0,0.0,0.0,Collision,True,False,0,MEDIUM,MEDIUM,1.0,False,False,False,17.6,28.1,,,94.1745,92.2175,,,0.0,14.0,16.2,0.3333333333333333,4.0,49.0,1,4,30
2022,11,ALB,Austrian Grand Prix,Austria,Spielberg,2022-07-10,False,71.0,23,ALB,Williams,15.0,12.0,0.0,70.0,+1 Lap,False,False,2,MEDIUM,MEDIUM→HARD→HARD,11.0,False,False,False,20.41,31.290000000000003,71.53,70.47,71.127,69.898,0.4030000000000058,0.5720000000000027,-0.7214999999999918,15.0,16.2,0.3,0.0,3.0,1,9,0
2022,11,ALO,Austrian Grand Prix,Austria,Spielberg,2022-07-10,False,71.0,14,ALO,Alpine,19.0,10.0,1.0,70.0,+1 Lap,False,False,3,HARD,HARD→HARD→MEDIUM→MEDIUM,27.0,False,False,False,20.412857142857145,31.30142857142857,71.16499999999999,69.286,71.127,69.898,0.0379999999999967,-0.6119999999999948,-0.09500000000002728,7.0,7.4,0.2,9.0,67.0,2,0,1
2022,11,BOT,Austrian Grand Prix,Austria,Spielberg,2022-07-10,False,71.0,77,BOT,Kick Sauber,21.0,11.0,0.0,70.0,+1 Lap,False,False,2,MEDIUM,MEDIUM→HARD→HARD,6.0,False,False,False,20.41,31.27428571428571,71.32249999999999,70.18100000000001,71.127,69.898,0.19549999999999557,0.28300000000001546,-0.18250000000000455,11.666666666666666,10.0,0.2,3.3333333333333335,49.0,1,4,5
2022,11,GAS,Austrian Grand Prix,Austria,Spielberg,2022-07-10,False,71.0,10,GAS,RB,14.0,15.0,0.0,70.0,+1 Lap,False,False,2,MEDIUM,MEDIUM→HARD→HARD,12.0,False,False,False,20.40714285714286,31.287142857142857,71.421,70.63550000000001,71.127,69.898,0.29400000000001114,0.7375000000000114,-0.3529999999999802,11.666666666666666,11.8,0.3,3.3333333333333335,27.0,1,7,9
2022,11,HAM,Austrian Grand Prix,Austria,Spielberg,2022-07-10,False,71.0,44,HAM,Mercedes,8.0,3.0,15.0,71.0,Finished,False,False,2,MEDIUM,MEDIUM→HARD→MEDIUM,28.0,False,True,False,20.411267605633803,31.27887323943662,70.498,69.381,71.127,69.898,-0.6289999999999907,-0.5169999999999959,-0.26300000000000523,3.3333333333333335,4.6,0.0,23.333333333333332,204.0,1,6,11
2022,11,LAT,Austrian Grand Prix,Austria,Spielberg,2022-07-10,False,71.0,6,LAT,Williams,17.0,19.0,0.0,48.0,Undertray,True,False,3,MEDIUM,MEDIUM→HARD→HARD,12.0,False,False,False,20.402083333333334,31.09166666666667,72.2515,71.411,71.127,69.898,1.1244999999999976,1.5130000000000052,0.7214999999999918,14.333333333333334,14.8,0.1,0.0,3.0,1,9,13
2022,11,LEC,Austrian Grand Prix,Austria,Spielberg,2022-07-10,False,71.0,16,LEC,Ferrari,2.0,1.0,25.0,71.0,Finished,False,False,3,MEDIUM,MEDIUM→HARD→HARD→MEDIUM,26.0,False,False,False,20.409859154929578,31.274647887323944,70.122,68.696,71.127,69.898,-1.0049999999999955,-1.2019999999999982,-0.3189999999999884,9.333333333333334,10.4,0.2,22.0,253.0,1,2,15
2022,11,MAG,Austrian Grand Prix,Austria,Spielberg,2022-07-10,False,71.0,20,MAG,Haas F1 Team,7.0,8.0,4.0,70.0,+1 Lap,False,False,2,MEDIUM,MEDIUM→HARD→HARD,15.0,False,True,False,20.408571428571427,31.291428571428572,71.2855,70.292,71.127,69.898,0.15850000000000364,0.39400000000000546,0.1255000000000166,14.666666666666666,16.2,0.3,1.6666666666666667,19.0,1,3,16
2022,11,MSC,Austrian Grand Prix,Austria,Spielberg,2022-07-10,False,71.0,47,MSC,Haas F1 Team,9.0,6.0,8.0,70.0,+1 Lap,False,False,2,MEDIUM,MEDIUM→HARD→HARD,16.0,False,True,False,20.41,31.30142857142857,71.16,70.03899999999999,71.127,69.898,0.03300000000000125,0.14099999999999113,-0.12549999999998818,13.666666666666666,14.8,0.2222222222222222,1.6666666666666667,19.0,1,3,17
2022,11,NOR,Austrian Grand Prix,Austria,Spielberg,2022-07-10,False,71.0,4,NOR,McLaren,10.0,7.0,6.0,70.0,+1 Lap,False,False,2,MEDIUM,MEDIUM→HARD→HARD,14.0,False,True,False,20.41142857142857,31.294285714285714,71.32849999999999,69.9975,71.127,69.898,0.2014999999999958,0.09950000000000614,-0.2120000000000175,10.0,8.8,0.1,4.666666666666667,66.0,1,5,18
2022,11,OCO,Austrian Grand Prix,Austria,Spielberg,2022-07-10,False,71.0,31,OCO,Alpine,6.0,5.0,10.0,71.0,Finished,False,False,2,MEDIUM,MEDIUM→HARD→HARD,16.0,False,True,False,20.408450704225352,31.302816901408452,71.26,69.9905,71.127,69.898,0.13300000000000978,0.09250000000000114,0.09499999999999886,10.333333333333334,10.0,0.1,9.0,67.0,1,0,19
2022,11,PER,Austrian Grand Prix,Austria,Spielberg,2022-07-10,False,71.0,11,PER,Red Bull Racing,5.0,20.0,0.0,24.0,Collision damage,True,False,2,MEDIUM,MEDIUM→HARD,1.0,False,False,False,20.220833333333335,29.6125,72.818,71.8765,71.127,69.898,1.6910000000000025,1.9784999999999968,2.671500000000009,8.0,5.4,0.2,31.0,314.0,1,8,20
2022,11,RIC,Austrian Grand Prix,Austria,Spielberg,2022-07-10,False,71.0,3,RIC,McLaren,11.0,9.0,2.0,70.0,+1 Lap,False,False,2,MEDIUM,MEDIUM→HARD→HARD,12.0,False,True,False,20.408571428571427,31.295714285714283,71.54050000000001,70.2175,71.127,69.898,0.4135000000000133,0.319500000000005,0.2120000000000175,10.666666666666666,11.4,0.1,4.666666666666667,66.0,1,5,22
2022,11,RUS,Austrian Grand Prix,Austria,Spielberg,2022-07-10,False,71.0,63,RUS,Mercedes,4.0,4.0,12.0,71.0,Finished,False,False,2,MEDIUM,MEDIUM→HARD→HARD,11.0,False,True,False,20.40281690140845,31.304225352112674,70.761,69.643,71.127,69.898,-0.36599999999999966,-0.25499999999999545,0.2629999999999768,8.333333333333334,6.6,0.1,23.333333333333332,204.0,1,6,23
2022,11,SAI,Austrian Grand Prix,Austria,Spielberg,2022-07-10,False,71.0,55,SAI,Ferrari,3.0,18.0,0.0,56.0,Power Unit,True,False,2,MEDIUM,MEDIUM→HARD→HARD,27.0,False,False,False,20.463157894736845,31.371929824561406,70.441,69.36500000000001,71.127,69.898,-0.6859999999999928,-0.532999999999987,0.3190000000000168,7.666666666666667,5.8,0.3,22.0,253.0,1,2,24
2022,11,STR,Austrian Grand Prix,Austria,Spielberg,2022-07-10,False,71.0,18,STR,Aston Martin,12.0,13.0,0.0,70.0,+1 Lap,False,False,2,MEDIUM,MEDIUM→HARD→MEDIUM,29.0,False,False,False,20.40142857142857,31.27428571428571,71.731,70.116,71.127,69.898,0.6039999999999992,0.21800000000000352,0.38900000000001,12.333333333333334,13.2,0.1,3.6666666666666665,18.0,1,1,26
2022,11,TSU,Austrian Grand Prix,Austria,Spielberg,2022-07-10,False,71.0,22,TSU,RB,16.0,16.0,0.0,70.0,+1 Lap,False,False,2,HARD,HARD→MEDIUM→HARD,26.0,False,False,False,20.404285714285713,31.284285714285716,71.774,70.52850000000001,71.127,69.898,0.6470000000000056,0.630500000000012,0.35300000000000864,15.0,14.4,0.1111111111111111,3.3333333333333335,27.0,2,7,27
2022,11,VER,Austrian Grand Prix,Austria,Spielberg,2022-07-10,False,71.0,1,VER,Red Bull Racing,1.0,2.0,19.0,71.0,Finished,False,False,3,MEDIUM,MEDIUM→HARD→HARD→MEDIUM,13.0,False,False,False,20.408450704225352,31.261971830985914,70.1465,68.53800000000001,71.127,69.898,-0.9804999999999922,-1.3599999999999852,-2.6714999999999804,3.0,2.6,0.2,31.0,314.0,1,8,28
2022,11,VET,Austrian Grand Prix,Austria,Spielberg,2022-07-10,False,71.0,5,VET,Aston Martin,18.0,17.0,0.0,70.0,+1 Lap,False,False,2,HARD,HARD→MEDIUM→MEDIUM,20.0,False,False,False,20.404285714285713,31.282857142857146,71.342,70.208,71.127,69.898,0.2150000000000034,0.3100000000000023,-0.3889999999999816,9.0,9.6,0.25,3.6666666666666665,18.0,2,1,29
2022,11,ZHO,Austrian Grand Prix,Austria,Spielberg,2022-07-10,False,71.0,24,ZHO,Kick Sauber,13.0,14.0,0.0,70.0,+1 Lap,False,False,2,HARD,HARD→HARD→MEDIUM,24.0,False,False,False,20.402857142857144,31.284285714285716,71.505,70.0415,71.127,69.898,0.3780000000000001,0.14350000000000307,0.18250000000000455,15.0,16.0,0.4,3.3333333333333335,49.0,2,4,30
2022,12,ALB,French Grand Prix,France,Le Castellet,2022-07-24,False,53.0,23,ALB,Williams,13.0,13.0,0.0,53.0,Finished,False,False,1,MEDIUM,MEDIUM→HARD,18.0,True,False,False,30.135849056603774,55.33396226415094,100.095,99.495,99.767,98.25,0.32800000000000296,1.2450000000000045,-0.6349999999999909,15.0,15.0,0.2727272727272727,0.0,3.0,1,9,0
2022,12,ALO,French Grand Prix,France,Le Castellet,2022-07-24,False,53.0,14,ALO,Alpine,7.0,6.0,8.0,53.0,Finished,False,False,1,MEDIUM,MEDIUM→HARD,18.0,True,False,False,30.149056603773587,55.283018867924525,99.551,98.715,99.767,98.25,-0.21599999999999397,0.4650000000000034,-0.25,8.0,7.6,0.18181818181818182,10.333333333333334,78.0,1,0,1
2022,12,BOT,French Grand Prix,France,Le Castellet,2022-07-24,False,53.0,77,BOT,Kick Sauber,11.0,14.0,0.0,53.0,Finished,False,False,2,HARD,HARD→HARD→MEDIUM,18.0,True,False,False,30.132075471698112,55.35849056603774,99.976,98.312,99.767,98.25,0.20900000000000318,0.06199999999999761,-0.37299999999999045,11.666666666666666,11.0,0.18181818181818182,3.3333333333333335,49.0,2,4,5
2022,12,GAS,French Grand Prix,France,Le Castellet,2022-07-24,False,53.0,10,GAS,RB,14.0,12.0,0.0,53.0,Finished,False,False,1,HARD,HARD→MEDIUM,18.0,True,False,False,30.137735849056604,55.35849056603774,100.157,99.234,99.767,98.25,0.39000000000000057,0.9839999999999947,-0.970499999999987,15.0,12.2,0.2727272727272727,0.0,27.0,2,7,9
2022,12,HAM,French Grand Prix,France,Le Castellet,2022-07-24,False,53.0,44,HAM,Mercedes,4.0,2.0,18.0,53.0,Finished,False,False,1,MEDIUM,MEDIUM→HARD,18.0,True,False,False,30.147169811320754,55.29433962264151,98.6005,97.961,99.767,98.25,-1.1664999999999992,-0.2890000000000015,0.009500000000002728,3.0,4.2,0.0,23.333333333333332,231.0,1,6,11
2022,12,LAT,French Grand Prix,France,Le Castellet,2022-07-24,False,53.0,6,LAT,Williams,18.0,17.0,0.0,40.0,Collision damage,True,False,3,MEDIUM,MEDIUM→HARD→MEDIUM,19.0,True,False,False,30.26585365853659,55.16097560975609,100.73,99.835,99.767,98.25,0.9630000000000081,1.5849999999999937,0.6350000000000193,15.666666666666666,15.4,0.18181818181818182,0.0,3.0,1,9,13
2022,12,LEC,French Grand Prix,France,Le Castellet,2022-07-24,False,53.0,16,LEC,Ferrari,1.0,19.0,0.0,17.0,Accident,True,False,0,MEDIUM,MEDIUM,18.0,False,False,False,30.349999999999998,54.05555555555556,98.90899999999999,98.127,99.767,98.25,-0.8580000000000041,-0.12300000000000466,0.492999999999995,3.3333333333333335,6.6,0.18181818181818182,30.333333333333332,278.0,1,2,15
2022,12,MAG,French Grand Prix,France,Le Castellet,2022-07-24,False,53.0,20,MAG,Haas F1 Team,20.0,18.0,0.0,37.0,Collision damage,True,False,3,MEDIUM,MEDIUM→HARD→HARD,8.0,True,False,False,30.28421052631579,55.123684210526314,100.156,99.726,99.767,98.25,0.38900000000001,1.475999999999999,0.11000000000001364,11.666666666666666,14.4,0.2727272727272727,5.666666666666667,31.0,1,3,16
2022,12,MSC,French Grand Prix,France,Le Castellet,2022-07-24,False,53.0,47,MSC,Haas F1 Team,17.0,15.0,0.0,53.0,Finished,False,False,2,MEDIUM,MEDIUM→HARD→HARD,9.0,True,False,False,30.132075471698112,55.35283018867924,100.046,99.42,99.767,98.25,0.2790000000000106,1.1700000000000017,-0.10999999999998522,11.0,13.2,0.2,5.666666666666667,31.0,1,3,17
2022,12,NOR,French Grand Prix,France,Le Castellet,2022-07-24,False,53.0,4,NOR,McLaren,5.0,7.0,6.0,53.0,Finished,False,False,1,MEDIUM,MEDIUM→HARD,18.0,True,False,False,30.145283018867925,55.29245283018868,99.695,99.125,99.767,98.25,-0.07200000000000273,0.875,-0.12000000000000455,9.333333333333334,8.6,0.09090909090909091,5.333333333333333,74.0,1,5,18
2022,12,OCO,French Grand Prix,France,Le Castellet,2022-07-24,False,53.0,31,OCO,Alpine,10.0,8.0,4.0,53.0,Finished,False,False,1,MEDIUM,MEDIUM→HARD,18.0,True,False,False,30.143396226415092,55.303773584905656,99.801,99.063,99.767,98.25,0.034000000000006025,0.8130000000000024,0.25,8.666666666666666,9.6,0.09090909090909091,10.333333333333334,78.0,1,0,19
2022,12,PER,French Grand Prix,France,Le Castellet,2022-07-24,False,53.0,11,PER,Red Bull Racing,3.0,4.0,12.0,53.0,Finished,False,False,1,MEDIUM,MEDIUM→HARD,18.0,True,False,False,30.143396226415092,55.26792452830188,98.575,98.006,99.767,98.25,-1.191999999999993,-0.24399999999999977,0.47999999999998977,14.0,9.0,0.2727272727272727,22.666666666666668,333.0,1,8,20
2022,12,RIC,French Grand Prix,France,Le Castellet,2022-07-24,False,53.0,3,RIC,McLaren,9.0,9.0,2.0,53.0,Finished,False,False,1,MEDIUM,MEDIUM→HARD,18.0,True,False,False,30.145283018867925,55.303773584905656,99.815,99.363,99.767,98.25,0.04800000000000182,1.1129999999999995,0.12000000000000455,11.0,10.8,0.09090909090909091,5.333333333333333,74.0,1,5,22
2022,12,RUS,French Grand Prix,France,Le Castellet,2022-07-24,False,53.0,63,RUS,Mercedes,6.0,3.0,15.0,53.0,Finished,False,False,1,MEDIUM,MEDIUM→HARD,18.0,True,False,False,30.143396226415092,55.27547169811321,98.591,98.025,99.767,98.25,-1.176000000000002,-0.22499999999999432,-0.009500000000002728,8.666666666666666,6.8,0.09090909090909091,23.333333333333332,231.0,1,6,23
2022,12,SAI,French Grand Prix,France,Le Castellet,2022-07-24,False,53.0,55,SAI,Ferrari,19.0,5.0,11.0,53.0,Finished,False,False,2,HARD,HARD→MEDIUM→MEDIUM,18.0,True,False,False,30.139622641509437,55.300000000000004,98.416,96.243,99.767,98.25,-1.350999999999999,-2.007000000000005,-0.492999999999995,7.0,8.6,0.36363636363636365,30.333333333333332,278.0,2,2,24
2022,12,STR,French Grand Prix,France,Le Castellet,2022-07-24,False,53.0,18,STR,Aston Martin,15.0,10.0,1.0,53.0,Finished,False,False,1,MEDIUM,MEDIUM→HARD,18.0,True,False,False,30.137735849056604,55.29622641509434,99.947,99.411,99.767,98.25,0.18000000000000682,1.1610000000000014,0.030000000000001137,11.333333333333334,12.8,0.09090909090909091,1.0,18.0,1,1,26
2022,12,TSU,French Grand Prix,France,Le Castellet,2022-07-24,False,53.0,22,TSU,RB,8.0,20.0,0.0,17.0,Undertray,True,False,2,MEDIUM,MEDIUM→HARD,11.0,False,False,False,30.33888888888889,54.12222222222223,101.1275,100.228,99.767,98.25,1.3605000000000018,1.9779999999999944,0.9705000000000155,16.0,15.6,0.1,0.0,27.0,1,7,27
2022,12,VER,French Grand Prix,France,Le Castellet,2022-07-24,False,53.0,1,VER,Red Bull Racing,2.0,1.0,25.0,53.0,Finished,False,False,1,MEDIUM,MEDIUM→HARD,16.0,True,False,False,30.143396226415092,55.31320754716981,98.095,97.696,99.767,98.25,-1.671999999999997,-0.554000000000002,-0.4800000000000182,3.3333333333333335,2.8,0.18181818181818182,22.666666666666668,333.0,1,8,28
2022,12,VET,French Grand Prix,France,Le Castellet,2022-07-24,False,53.0,5,VET,Aston Martin,12.0,11.0,0.0,53.0,Finished,False,False,1,MEDIUM,MEDIUM→HARD,19.0,True,False,False,30.13396226415094,55.298113207547175,99.917,99.218,99.767,98.25,0.15000000000000568,0.9680000000000035,-0.030000000000001137,12.666666666666666,10.8,0.2222222222222222,1.0,18.0,1,1,29
2022,12,ZHO,French Grand Prix,France,Le Castellet,2022-07-24,False,53.0,24,ZHO,Kick Sauber,16.0,16.0,0.0,47.0,+6 Laps,False,False,2,MEDIUM,MEDIUM→HARD→HARD,9.0,True,False,False,30.1875,55.25416666666666,100.349,99.483,99.767,98.25,0.5820000000000078,1.233000000000004,0.37300000000001887,13.666666666666666,15.0,0.36363636363636365,3.3333333333333335,49.0,1,4,30
2022,13,ALB,Hungarian Grand Prix,Hungary,Budapest,2022-07-31,False,70.0,23,ALB,Williams,17.0,17.0,0.0,69.0,+1 Lap,False,True,3,SOFT,SOFT→MEDIUM→MEDIUM→SOFT,2.0,False,True,False,18.255072463768116,26.369565217391305,85.225,83.8615,84.774,83.06649999999999,0.4509999999999934,0.7950000000000159,-0.2669999999999959,15.0,14.0,0.25,0.0,3.0,0,9,0
2022,13,ALO,Hungarian Grand Prix,Hungary,Budapest,2022-07-31,False,70.0,14,ALO,Alpine,6.0,8.0,4.0,69.0,+1 Lap,False,True,1,MEDIUM,MEDIUM→HARD,21.0,False,True,False,18.256521739130434,26.41304347826087,85.07650000000001,84.325,84.774,83.06649999999999,0.3025000000000091,1.2585000000000122,-0.13349999999999795,7.0,7.4,0.16666666666666666,11.0,90.0,1,0,1
2022,13,BOT,Hungarian Grand Prix,Hungary,Budapest,2022-07-31,False,70.0,77,BOT,Kick Sauber,8.0,20.0,0.0,65.0,Power Unit,True,True,1,MEDIUM,MEDIUM→HARD,26.0,False,False,False,18.26212121212121,26.49848484848485,85.131,84.70599999999999,84.774,83.06649999999999,0.3569999999999993,1.6394999999999982,-0.2715000000000032,14.0,12.0,0.16666666666666666,0.0,49.0,1,4,5
2022,13,GAS,Hungarian Grand Prix,Hungary,Budapest,2022-07-31,False,70.0,10,GAS,RB,21.0,12.0,0.0,69.0,+1 Lap,False,True,2,SOFT,SOFT→MEDIUM→SOFT,16.0,False,False,False,18.257971014492753,26.397101449275365,85.03999999999999,83.513,84.774,83.06649999999999,0.26599999999999113,0.44650000000001455,-0.46100000000001273,14.333333333333334,12.4,0.25,0.0,27.0,0,7,9
2022,13,HAM,Hungarian Grand Prix,Hungary,Budapest,2022-07-31,False,70.0,44,HAM,Mercedes,7.0,2.0,19.0,70.0,Finished,False,True,2,MEDIUM,MEDIUM→MEDIUM→SOFT,19.0,False,True,False,18.264285714285716,26.41,83.697,81.8395,84.774,83.06649999999999,-1.0769999999999982,-1.2269999999999897,-0.15699999999998226,2.6666666666666665,3.0,0.0,25.333333333333332,264.0,1,6,11
2022,13,LAT,Hungarian Grand Prix,Hungary,Budapest,2022-07-31,False,70.0,6,LAT,Williams,19.0,18.0,0.0,69.0,+1 Lap,False,True,3,MEDIUM,MEDIUM→MEDIUM→SOFT→SOFT,18.0,False,False,False,18.253623188405797,26.378260869565217,85.49199999999999,83.799,84.774,83.06649999999999,0.7179999999999893,0.7325000000000159,0.2669999999999959,16.0,15.8,0.25,0.0,3.0,1,9,13
2022,13,LEC,Hungarian Grand Prix,Hungary,Budapest,2022-07-31,False,70.0,16,LEC,Ferrari,3.0,6.0,8.0,70.0,Finished,False,True,3,MEDIUM,MEDIUM→MEDIUM→HARD→SOFT,21.0,False,True,False,18.25857142857143,26.40714285714286,83.573,81.988,84.774,83.06649999999999,-1.2010000000000076,-1.0784999999999911,-0.32800000000000296,8.0,9.6,0.25,24.333333333333332,289.0,1,2,15
2022,13,MAG,Hungarian Grand Prix,Hungary,Budapest,2022-07-31,False,70.0,20,MAG,Haas F1 Team,13.0,16.0,0.0,69.0,+1 Lap,False,True,3,MEDIUM,MEDIUM→HARD→MEDIUM→SOFT,6.0,False,True,False,18.24927536231884,26.371014492753623,85.661,83.845,84.774,83.06649999999999,0.8870000000000005,0.7785000000000082,0.1150000000000091,12.0,14.0,0.3333333333333333,5.666666666666667,31.0,1,3,16
2022,13,MSC,Hungarian Grand Prix,Hungary,Budapest,2022-07-31,False,70.0,47,MSC,Haas F1 Team,15.0,14.0,0.0,69.0,+1 Lap,False,True,2,MEDIUM,MEDIUM→HARD→MEDIUM,21.0,False,True,False,18.255072463768116,26.391304347826086,85.54599999999999,83.5595,84.774,83.06649999999999,0.7719999999999914,0.4930000000000092,-0.1150000000000091,9.666666666666666,12.4,0.18181818181818182,5.666666666666667,31.0,1,3,17
2022,13,NOR,Hungarian Grand Prix,Hungary,Budapest,2022-07-31,False,70.0,4,NOR,McLaren,4.0,7.0,6.0,70.0,Finished,False,True,2,SOFT,SOFT→MEDIUM→HARD,14.0,False,True,False,18.25142857142857,26.377142857142857,84.274,83.6095,84.774,83.06649999999999,-0.5,0.5430000000000064,-0.7920000000000016,6.666666666666667,8.8,0.08333333333333333,8.0,82.0,0,5,18
2022,13,OCO,Hungarian Grand Prix,Hungary,Budapest,2022-07-31,False,70.0,31,OCO,Alpine,5.0,9.0,2.0,69.0,+1 Lap,False,True,1,MEDIUM,MEDIUM→HARD,23.0,False,True,False,18.256521739130434,26.408695652173915,85.21000000000001,84.5515,84.774,83.06649999999999,0.43600000000000705,1.4850000000000136,0.13349999999999795,9.333333333333334,8.8,0.08333333333333333,11.0,90.0,1,0,19
2022,13,PER,Hungarian Grand Prix,Hungary,Budapest,2022-07-31,False,70.0,11,PER,Red Bull Racing,11.0,5.0,10.0,70.0,Finished,False,True,2,SOFT,SOFT→MEDIUM→MEDIUM,18.0,False,True,False,18.25857142857143,26.404285714285713,83.795,82.3805,84.774,83.06649999999999,-0.9789999999999992,-0.6859999999999928,0.32399999999998386,8.666666666666666,9.6,0.25,26.666666666666668,370.0,0,8,20
2022,13,RIC,Hungarian Grand Prix,Hungary,Budapest,2022-07-31,False,70.0,3,RIC,McLaren,9.0,15.0,0.0,69.0,+1 Lap,False,True,2,SOFT,SOFT→MEDIUM→HARD,15.0,False,True,False,18.259420289855075,26.40434782608696,85.066,84.214,84.774,83.06649999999999,0.2920000000000016,1.147500000000008,0.7920000000000016,10.333333333333334,10.0,0.08333333333333333,8.0,82.0,0,5,22
2022,13,RUS,Hungarian Grand Prix,Hungary,Budapest,2022-07-31,False,70.0,63,RUS,Mercedes,1.0,3.0,15.0,70.0,Finished,False,True,2,SOFT,SOFT→MEDIUM→MEDIUM,16.0,False,False,False,18.26142857142857,26.408571428571427,83.854,83.017,84.774,83.06649999999999,-0.9200000000000017,-0.04949999999999477,0.1570000000000107,8.333333333333334,6.4,0.08333333333333333,25.333333333333332,264.0,0,6,23
2022,13,SAI,Hungarian Grand Prix,Hungary,Budapest,2022-07-31,False,70.0,55,SAI,Ferrari,2.0,4.0,12.0,70.0,Finished,False,True,2,MEDIUM,MEDIUM→MEDIUM→SOFT,17.0,False,True,False,18.262857142857143,26.41142857142857,83.901,82.8905,84.774,83.06649999999999,-0.8730000000000047,-0.17599999999998772,0.32800000000000296,8.0,9.2,0.3333333333333333,24.333333333333332,289.0,1,2,24
2022,13,STR,Hungarian Grand Prix,Hungary,Budapest,2022-07-31,False,70.0,18,STR,Aston Martin,14.0,11.0,0.0,69.0,+1 Lap,False,True,2,SOFT,SOFT→MEDIUM→SOFT,14.0,False,False,False,18.26231884057971,26.41594202898551,85.03,83.203,84.774,83.06649999999999,0.2560000000000002,0.13650000000001228,0.012499999999988631,11.333333333333334,12.0,0.08333333333333333,1.0,19.0,0,1,26
2022,13,TSU,Hungarian Grand Prix,Hungary,Budapest,2022-07-31,False,70.0,22,TSU,RB,16.0,19.0,0.0,68.0,+2 Laps,False,True,3,SOFT,SOFT→MEDIUM→SOFT→SOFT,13.0,False,False,False,18.254411764705882,26.401470588235295,85.501,84.465,84.774,83.06649999999999,0.7270000000000039,1.3985000000000127,0.46100000000001273,16.666666666666668,16.2,0.18181818181818182,0.0,27.0,0,7,27
2022,13,VER,Hungarian Grand Prix,Hungary,Budapest,2022-07-31,False,70.0,1,VER,Red Bull Racing,10.0,1.0,25.0,70.0,Finished,False,True,2,SOFT,SOFT→MEDIUM→MEDIUM,16.0,False,True,False,18.26142857142857,26.42285714285714,83.471,82.6875,84.774,83.06649999999999,-1.3029999999999973,-0.3789999999999907,-0.3240000000000123,3.3333333333333335,2.4,0.16666666666666666,26.666666666666668,370.0,0,8,28
2022,13,VET,Hungarian Grand Prix,Hungary,Budapest,2022-07-31,False,70.0,5,VET,Aston Martin,18.0,10.0,1.0,69.0,+1 Lap,False,True,2,SOFT,SOFT→MEDIUM→MEDIUM,15.0,False,False,False,18.26231884057971,26.408695652173915,85.01750000000001,83.214,84.774,83.06649999999999,0.2435000000000116,0.14750000000000796,-0.012499999999988631,12.333333333333334,11.0,0.2,1.0,19.0,0,1,29
2022,13,ZHO,Hungarian Grand Prix,Hungary,Budapest,2022-07-31,False,70.0,24,ZHO,Kick Sauber,12.0,13.0,0.0,69.0,+1 Lap,False,True,2,MEDIUM,MEDIUM→HARD→SOFT,27.0,False,False,False,18.257971014492753,26.384057971014492,85.4025,82.46549999999999,84.774,83.06649999999999,0.6285000000000025,-0.6009999999999991,0.2715000000000032,16.333333333333332,15.0,0.3333333333333333,0.0,49.0,1,4,30
2022,14,ALB,Belgian Grand Prix,Belgium,Spa-Francorchamps,2022-08-28,False,44.0,23,ALB,Williams,6.0,10.0,1.0,44.0,Finished,False,False,2,MEDIUM,MEDIUM→HARD→MEDIUM,10.0,True,False,False,22.138636363636365,36.30227272727273,114.62,113.956,114.333,112.378,0.28700000000000614,1.578000000000003,-0.8489999999999895,14.0,15.0,0.23076923076923078,0.0,3.0,1,9,0
2022,14,ALO,Belgian Grand Prix,Belgium,Spa-Francorchamps,2022-08-28,False,44.0,14,ALO,Alpine,3.0,5.0,10.0,44.0,Finished,False,False,2,MEDIUM,MEDIUM→MEDIUM→HARD,11.0,True,False,False,22.138636363636365,36.32727272727273,114.05449999999999,113.078,114.333,112.378,-0.2785000000000082,0.7000000000000028,-0.4865000000000066,8.0,7.6,0.15384615384615385,9.666666666666666,96.0,1,0,1
2022,14,BOT,Belgian Grand Prix,Belgium,Spa-Francorchamps,2022-08-28,False,44.0,77,BOT,Kick Sauber,13.0,19.0,0.0,1.0,Accident,True,False,0,SOFT,SOFT,2.0,False,False,False,21.85,36.75,,,114.333,112.378,,,0.0,15.0,13.8,0.23076923076923078,0.0,49.0,0,4,5
2022,14,GAS,Belgian Grand Prix,Belgium,Spa-Francorchamps,2022-08-28,False,44.0,10,GAS,RB,21.0,9.0,2.0,44.0,Finished,False,False,2,MEDIUM,MEDIUM→HARD→SOFT,10.0,True,False,False,22.143181818181816,36.29090909090909,114.2575,113.509,114.333,112.378,-0.07550000000000523,1.1310000000000002,-0.09000000000000341,13.0,13.8,0.23076923076923078,0.0,27.0,1,7,9
2022,14,HAM,Belgian Grand Prix,Belgium,Spa-Francorchamps,2022-08-28,False,44.0,44,HAM,Mercedes,4.0,20.0,0.0,0.0,Collision damage,True,False,0,MEDIUM,MEDIUM,1.0,False,False,False,21.8,36.9,,,114.333,112.378,,,0.0,2.3333333333333335,2.6,0.0,31.333333333333332,298.0,1,6,11
2022,14,LAT,Belgian Grand Prix,Belgium,Spa-Francorchamps,2022-08-28,False,44.0,6,LAT,Williams,11.0,18.0,0.0,43.0,+1 Lap,False,False,3,MEDIUM,MEDIUM→MEDIUM→HARD→SOFT,3.0,True,False,False,22.14186046511628,36.30232558139535,115.469,112.375,114.333,112.378,1.1359999999999957,-0.0030000000000001137,0.8489999999999895,18.0,16.4,0.23076923076923078,0.0,3.0,1,9,13
2022,14,LEC,Belgian Grand Prix,Belgium,Spa-Francorchamps,2022-08-28,False,44.0,16,LEC,Ferrari,15.0,6.0,8.0,44.0,Finished,False,False,3,SOFT,SOFT→MEDIUM→MEDIUM→SOFT,3.0,True,False,False,22.143181818181816,36.345454545454544,114.423,112.014,114.333,112.378,0.09000000000000341,-0.3640000000000043,1.7454999999999927,8.666666666666666,7.0,0.23076923076923078,18.666666666666668,309.0,0,2,15
2022,14,MAG,Belgian Grand Prix,Belgium,Spa-Francorchamps,2022-08-28,False,44.0,20,MAG,Haas F1 Team,12.0,16.0,0.0,43.0,+1 Lap,False,False,2,MEDIUM,MEDIUM→HARD→MEDIUM,11.0,True,False,False,22.13953488372093,36.334883720930236,114.773,114.031,114.333,112.378,0.4399999999999977,1.6530000000000058,-0.5869999999999891,14.0,13.8,0.3076923076923077,4.0,31.0,1,3,16
2022,14,MSC,Belgian Grand Prix,Belgium,Spa-Francorchamps,2022-08-28,False,44.0,47,MSC,Haas F1 Team,19.0,17.0,0.0,43.0,+1 Lap,False,False,2,MEDIUM,MEDIUM→HARD→MEDIUM,14.0,True,False,False,22.151162790697676,36.33720930232558,115.36,112.913,114.333,112.378,1.027000000000001,0.5349999999999966,0.5870000000000175,11.666666666666666,12.4,0.16666666666666666,4.0,31.0,1,3,17
2022,14,NOR,Belgian Grand Prix,Belgium,Spa-Francorchamps,2022-08-28,False,44.0,4,NOR,McLaren,17.0,12.0,0.0,44.0,Finished,False,False,2,MEDIUM,MEDIUM→HARD→MEDIUM,13.0,True,False,False,22.138636363636365,36.30227272727273,114.86850000000001,113.432,114.333,112.378,0.5355000000000132,1.054000000000002,-0.2179999999999893,7.0,8.4,0.07692307692307693,7.333333333333333,88.0,1,5,18
2022,14,OCO,Belgian Grand Prix,Belgium,Spa-Francorchamps,2022-08-28,False,44.0,31,OCO,Alpine,16.0,7.0,6.0,44.0,Finished,False,False,2,MEDIUM,MEDIUM→HARD→MEDIUM,12.0,True,False,False,22.136363636363637,36.30227272727273,114.541,112.375,114.333,112.378,0.2079999999999984,-0.0030000000000001137,0.4865000000000066,7.333333333333333,8.6,0.07692307692307693,9.666666666666666,96.0,1,0,19
2022,14,PER,Belgian Grand Prix,Belgium,Spa-Francorchamps,2022-08-28,False,44.0,11,PER,Red Bull Racing,2.0,2.0,18.0,44.0,Finished,False,False,2,MEDIUM,MEDIUM→MEDIUM→HARD,14.0,True,False,False,22.145454545454545,36.320454545454545,112.68950000000001,111.556,114.333,112.378,-1.6434999999999889,-0.8220000000000027,0.3620000000000232,9.666666666666666,10.2,0.23076923076923078,30.333333333333332,405.0,1,8,20
2022,14,RIC,Belgian Grand Prix,Belgium,Spa-Francorchamps,2022-08-28,False,44.0,3,RIC,McLaren,7.0,15.0,0.0,44.0,Finished,False,False,2,MEDIUM,MEDIUM→HARD→MEDIUM,12.0,True,False,False,22.138636363636365,36.30227272727273,115.0865,113.878,114.333,112.378,0.7535000000000025,1.5,0.2179999999999893,11.0,11.4,0.07692307692307693,7.333333333333333,88.0,1,5,22
2022,14,RUS,Belgian Grand Prix,Belgium,Spa-Francorchamps,2022-08-28,False,44.0,63,RUS,Mercedes,5.0,4.0,12.0,44.0,Finished,False,False,2,MEDIUM,MEDIUM→MEDIUM→HARD,13.0,True,False,False,22.138636363636365,36.35227272727273,113.253,111.627,114.333,112.378,-1.0799999999999983,-0.7510000000000048,0.0,3.3333333333333335,6.4,0.07692307692307693,31.333333333333332,298.0,1,6,23
2022,14,SAI,Belgian Grand Prix,Belgium,Spa-Francorchamps,2022-08-28,False,44.0,55,SAI,Ferrari,1.0,3.0,15.0,44.0,Finished,False,False,2,SOFT,SOFT→MEDIUM→HARD,11.0,True,False,False,22.152272727272727,36.345454545454544,112.6775,112.213,114.333,112.378,-1.6555000000000035,-0.16500000000000625,-1.7455000000000211,9.0,6.0,0.3076923076923077,18.666666666666668,309.0,0,2,24
2022,14,STR,Belgian Grand Prix,Belgium,Spa-Francorchamps,2022-08-28,False,44.0,18,STR,Aston Martin,9.0,11.0,0.0,44.0,Finished,False,False,2,MEDIUM,MEDIUM→MEDIUM→HARD,15.0,True,False,False,22.14090909090909,36.30227272727273,114.639,113.939,114.333,112.378,0.3059999999999974,1.5609999999999928,0.14500000000001023,11.333333333333334,11.0,0.07692307692307693,0.6666666666666666,20.0,1,1,26
2022,14,TSU,Belgian Grand Prix,Belgium,Spa-Francorchamps,2022-08-28,False,44.0,22,TSU,RB,21.0,13.0,0.0,44.0,Finished,False,False,2,HARD,HARD→MEDIUM→SOFT,18.0,True,False,False,22.143181818181816,36.304545454545455,114.3475,113.291,114.333,112.378,0.014499999999998181,0.9129999999999967,0.09000000000000341,18.333333333333332,17.4,0.16666666666666666,0.0,27.0,2,7,27
2022,14,VER,Belgian Grand Prix,Belgium,Spa-Francorchamps,2022-08-28,False,44.0,1,VER,Red Bull Racing,14.0,1.0,26.0,44.0,Finished,False,False,2,SOFT,SOFT→MEDIUM→MEDIUM,15.0,True,False,False,22.145454545454545,36.315909090909095,112.3275,111.048,114.333,112.378,-2.005499999999998,-1.3299999999999983,-0.36199999999999477,1.3333333333333333,2.4,0.15384615384615385,30.333333333333332,405.0,0,8,28
2022,14,VET,Belgian Grand Prix,Belgium,Spa-Francorchamps,2022-08-28,False,44.0,5,VET,Aston Martin,10.0,8.0,4.0,44.0,Finished,False,False,2,MEDIUM,MEDIUM→HARD→MEDIUM,14.0,True,False,False,22.136363636363637,36.30227272727273,114.494,112.765,114.333,112.378,0.16100000000000136,0.38700000000000045,-0.1449999999999818,12.666666666666666,11.8,0.18181818181818182,0.6666666666666666,20.0,1,1,29
2022,14,ZHO,Belgian Grand Prix,Belgium,Spa-Francorchamps,2022-08-28,False,44.0,24,ZHO,Kick Sauber,18.0,14.0,0.0,44.0,Finished,False,False,2,MEDIUM,MEDIUM→MEDIUM→SOFT,14.0,True,False,False,22.138636363636365,36.30227272727273,114.92,112.917,114.333,112.378,0.5870000000000033,0.5390000000000015,0.0,14.333333333333334,14.0,0.3076923076923077,0.0,49.0,1,4,30
2022,15,ALB,Dutch Grand Prix,Netherlands,Zandvoort,2022-09-04,False,72.0,23,ALB,Williams,15.0,12.0,0.0,72.0,Finished,False,False,4,MEDIUM,MEDIUM→MEDIUM→HARD→SOFT→SOFT,21.0,True,True,False,22.630555555555556,33.18055555555556,77.438,75.803,76.929,75.272,0.5090000000000003,0.5309999999999917,-0.8930000000000007,13.333333333333334,14.4,0.21428571428571427,0.3333333333333333,4.0,1,9,0
2022,15,ALO,Dutch Grand Prix,Netherlands,Zandvoort,2022-09-04,False,72.0,14,ALO,Alpine,13.0,6.0,8.0,72.0,Finished,False,False,3,SOFT,SOFT→HARD→SOFT→SOFT,12.0,True,True,False,22.626388888888886,33.162499999999994,76.8555,75.0775,76.929,75.272,-0.07349999999999568,-0.194500000000005,-0.07399999999998386,6.333333333333333,6.8,0.14285714285714285,11.333333333333334,112.0,0,0,1
2022,15,BOT,Dutch Grand Prix,Netherlands,Zandvoort,2022-09-04,False,72.0,77,BOT,Kick Sauber,16.0,19.0,0.0,53.0,Engine,True,False,2,SOFT,SOFT→SOFT→MEDIUM,16.0,False,True,False,22.6,33.06481481481482,77.8435,77.0495,76.929,75.272,0.9145000000000039,1.7774999999999892,0.3185000000000002,17.666666666666668,16.2,0.2857142857142857,0.0,49.0,0,4,5
2022,15,GAS,Dutch Grand Prix,Netherlands,Zandvoort,2022-09-04,False,72.0,10,GAS,RB,11.0,11.0,0.0,72.0,Finished,False,False,4,SOFT,SOFT→MEDIUM→HARD→SOFT→SOFT,11.0,True,True,False,22.629166666666666,33.162499999999994,77.08850000000001,75.966,76.929,75.272,0.1595000000000084,0.6939999999999884,-0.5129999999999768,11.0,12.8,0.21428571428571427,0.6666666666666666,29.0,0,7,9
2022,15,HAM,Dutch Grand Prix,Netherlands,Zandvoort,2022-09-04,False,72.0,44,HAM,Mercedes,4.0,4.0,12.0,72.0,Finished,False,False,3,MEDIUM,MEDIUM→HARD→MEDIUM→MEDIUM,29.0,True,True,False,22.63611111111111,33.173611111111114,76.04,74.5985,76.929,75.272,-0.8889999999999958,-0.6735000000000042,0.09600000000000364,8.0,6.0,0.07142857142857142,26.333333333333332,310.0,1,6,11
2022,15,LAT,Dutch Grand Prix,Netherlands,Zandvoort,2022-09-04,False,72.0,6,LAT,Williams,20.0,18.0,0.0,71.0,+1 Lap,False,False,4,SOFT,SOFT→MEDIUM→HARD→SOFT→SOFT,13.0,True,True,False,22.63661971830986,33.18591549295775,78.331,76.492,76.929,75.272,1.402000000000001,1.2199999999999989,0.8930000000000007,17.666666666666668,16.8,0.21428571428571427,0.3333333333333333,4.0,0,9,13
2022,15,LEC,Dutch Grand Prix,Netherlands,Zandvoort,2022-09-04,False,72.0,16,LEC,Ferrari,2.0,3.0,15.0,72.0,Finished,False,False,4,SOFT,SOFT→MEDIUM→HARD→SOFT→SOFT,17.0,True,True,False,22.633333333333333,33.17638888888889,76.35249999999999,74.635,76.929,75.272,-0.57650000000001,-0.6370000000000005,-0.46350000000001046,10.333333333333334,7.2,0.21428571428571427,18.0,332.0,0,2,15
2022,15,MAG,Dutch Grand Prix,Netherlands,Zandvoort,2022-09-04,False,72.0,20,MAG,Haas F1 Team,18.0,15.0,0.0,72.0,Finished,False,False,4,MEDIUM,MEDIUM→MEDIUM→HARD→SOFT→SOFT,14.0,True,True,False,22.630555555555556,33.17777777777778,77.533,75.603,76.929,75.272,0.6039999999999992,0.33099999999998886,0.18649999999999523,16.666666666666668,13.6,0.2857142857142857,0.0,31.0,1,3,16
2022,15,MSC,Dutch Grand Prix,Netherlands,Zandvoort,2022-09-04,False,72.0,47,MSC,Haas F1 Team,8.0,13.0,0.0,72.0,Finished,False,False,4,MEDIUM,MEDIUM→MEDIUM→HARD→SOFT→SOFT,13.0,True,True,False,22.629166666666666,33.15694444444445,77.34649999999999,75.671,76.929,75.272,0.41749999999998977,0.3990000000000009,-0.18650000000002365,15.333333333333334,12.0,0.15384615384615385,0.0,31.0,1,3,17
2022,15,NOR,Dutch Grand Prix,Netherlands,Zandvoort,2022-09-04,False,72.0,4,NOR,McLaren,7.0,7.0,6.0,72.0,Finished,False,False,3,MEDIUM,MEDIUM→HARD→SOFT→SOFT,17.0,True,True,False,22.625,33.14861111111111,76.881,75.213,76.929,75.272,-0.04800000000000182,-0.05900000000001171,-0.7895000000000039,8.666666666666666,7.8,0.07142857142857142,4.666666666666667,88.0,1,5,18
2022,15,OCO,Dutch Grand Prix,Netherlands,Zandvoort,2022-09-04,False,72.0,31,OCO,Alpine,12.0,9.0,2.0,72.0,Finished,False,False,3,SOFT,SOFT→HARD→SOFT→SOFT,18.0,True,True,False,22.629166666666666,33.15833333333333,76.92949999999999,75.4305,76.929,75.272,0.0004999999999881766,0.15849999999998943,0.07399999999998386,8.0,8.8,0.07142857142857142,11.333333333333334,112.0,0,0,19
2022,15,PER,Dutch Grand Prix,Netherlands,Zandvoort,2022-09-04,False,72.0,11,PER,Red Bull Racing,5.0,5.0,10.0,72.0,Finished,False,False,4,SOFT,SOFT→MEDIUM→HARD→MEDIUM→MEDIUM,14.0,True,True,False,22.630555555555556,33.168055555555554,76.405,75.028,76.929,75.272,-0.5240000000000009,-0.24399999999999977,0.30299999999999727,3.6666666666666665,6.6,0.21428571428571427,38.666666666666664,449.0,0,8,20
2022,15,RIC,Dutch Grand Prix,Netherlands,Zandvoort,2022-09-04,False,72.0,3,RIC,McLaren,17.0,17.0,0.0,72.0,Finished,False,False,5,SOFT,SOFT→MEDIUM→HARD→SOFT→SOFT→SOFT,11.0,True,True,False,22.631944444444443,33.17916666666667,77.6705,75.859,76.929,75.272,0.741500000000002,0.5869999999999891,0.7895000000000039,13.0,12.2,0.07142857142857142,4.666666666666667,88.0,0,5,22
2022,15,RUS,Dutch Grand Prix,Netherlands,Zandvoort,2022-09-04,False,72.0,63,RUS,Mercedes,6.0,2.0,18.0,72.0,Finished,False,False,3,MEDIUM,MEDIUM→HARD→MEDIUM→SOFT,31.0,True,False,False,22.63611111111111,33.168055555555554,75.944,74.0595,76.929,75.272,-0.9849999999999994,-1.2125000000000057,-0.09600000000000364,3.3333333333333335,6.4,0.07142857142857142,26.333333333333332,310.0,1,6,23
2022,15,SAI,Dutch Grand Prix,Netherlands,Zandvoort,2022-09-04,False,72.0,55,SAI,Ferrari,3.0,8.0,4.0,72.0,Finished,False,False,3,SOFT,SOFT→MEDIUM→HARD→SOFT,14.0,True,True,False,22.629166666666666,33.15833333333333,76.816,75.18,76.929,75.272,-0.11299999999999955,-0.09199999999999875,0.46350000000001046,4.0,6.2,0.2857142857142857,18.0,332.0,0,2,24
2022,15,STR,Dutch Grand Prix,Netherlands,Zandvoort,2022-09-04,False,72.0,18,STR,Aston Martin,10.0,10.0,1.0,72.0,Finished,False,False,4,SOFT,SOFT→MEDIUM→HARD→SOFT→SOFT,16.0,True,True,False,22.630555555555556,33.16111111111111,77.0025,75.384,76.929,75.272,0.07349999999999568,0.11199999999999477,-0.5525000000000091,10.666666666666666,11.2,0.07142857142857142,2.0,24.0,0,1,26
2022,15,TSU,Dutch Grand Prix,Netherlands,Zandvoort,2022-09-04,False,72.0,22,TSU,RB,9.0,20.0,0.0,43.0,Differential,True,False,3,SOFT,SOFT→MEDIUM→HARD,13.0,False,False,False,22.565116279069766,33.05813953488372,77.6015,77.32,76.929,75.272,0.6724999999999994,2.0479999999999876,0.5130000000000052,17.333333333333332,16.4,0.15384615384615385,0.6666666666666666,29.0,0,7,27
2022,15,VER,Dutch Grand Prix,Netherlands,Zandvoort,2022-09-04,False,72.0,1,VER,Red Bull Racing,1.0,1.0,26.0,72.0,Finished,False,False,4,SOFT,SOFT→MEDIUM→HARD→SOFT→SOFT,18.0,True,True,False,22.634722222222223,33.15972222222222,76.102,73.954,76.929,75.272,-0.8269999999999982,-1.318000000000012,-0.30299999999999727,1.0,2.4,0.14285714285714285,38.666666666666664,449.0,0,8,28
2022,15,VET,Dutch Grand Prix,Netherlands,Zandvoort,2022-09-04,False,72.0,5,VET,Aston Martin,19.0,14.0,0.0,72.0,Finished,False,False,4,SOFT,SOFT→MEDIUM→HARD→SOFT→SOFT,9.0,True,True,False,22.630555555555556,33.175,77.555,75.609,76.929,75.272,0.6260000000000048,0.3369999999999891,0.5525000000000091,9.666666666666666,11.0,0.16666666666666666,2.0,24.0,0,1,29
2022,15,ZHO,Dutch Grand Prix,Netherlands,Zandvoort,2022-09-04,False,72.0,24,ZHO,Kick Sauber,14.0,16.0,0.0,72.0,Finished,False,False,4,SOFT,SOFT→SOFT→MEDIUM→SOFT→SOFT,12.0,True,True,False,22.630555555555556,33.169444444444444,77.525,76.407,76.929,75.272,0.5960000000000036,1.134999999999991,-0.3185000000000002,14.333333333333334,15.2,0.2857142857142857,0.0,49.0,0,4,30
2022,16,ALO,Italian Grand Prix,Italy,Monza,2022-09-11,False,53.0,14,ALO,Alpine,6.0,19.0,0.0,31.0,Water pressure,True,False,1,MEDIUM,MEDIUM,31.0,False,False,False,28.116129032258065,43.596774193548384,87.64150000000001,87.385,87.18350000000001,85.365,0.4579999999999984,2.0200000000000102,0.4825000000000159,6.333333333333333,7.0,0.13333333333333333,10.666666666666666,122.0,1,0,1
2022,16,BOT,Italian Grand Prix,Italy,Monza,2022-09-11,False,53.0,77,BOT,Kick Sauber,15.0,13.0,0.0,52.0,+1 Lap,False,False,1,MEDIUM,MEDIUM→SOFT,35.0,True,False,False,28.232692307692307,43.29615384615385,87.602,86.114,87.18350000000001,85.365,0.41849999999999454,0.7490000000000094,0.3224999999999909,19.333333333333332,16.6,0.3333333333333333,0.0,49.0,1,4,5
2022,16,DEV,Italian Grand Prix,Italy,Monza,2022-09-11,False,53.0,45,DEV,Williams,8.0,9.0,2.0,53.0,Finished,False,False,1,SOFT,SOFT→MEDIUM,19.0,True,False,False,28.22830188679245,43.26603773584905,87.326,86.787,87.18350000000001,85.365,0.14249999999998408,1.4220000000000113,-0.04400000000001114,,,,0.3333333333333333,4.0,0,9,7
2022,16,GAS,Italian Grand Prix,Italy,Monza,2022-09-11,False,53.0,10,GAS,RB,5.0,8.0,4.0,53.0,Finished,False,False,1,MEDIUM,MEDIUM→HARD,18.0,True,False,False,28.230188679245284,43.26603773584905,87.32300000000001,86.78049999999999,87.18350000000001,85.365,0.13949999999999818,1.4154999999999944,-0.007000000000005002,10.666666666666666,11.8,0.2,0.6666666666666666,29.0,1,7,9
2022,16,HAM,Italian Grand Prix,Italy,Monza,2022-09-11,False,53.0,44,HAM,Mercedes,19.0,5.0,10.0,53.0,Finished,False,False,1,MEDIUM,MEDIUM→SOFT,33.0,True,False,False,28.222641509433963,43.258490566037736,86.98349999999999,84.6195,87.18350000000001,85.365,-0.20000000000001705,-0.7454999999999927,0.8965000000000032,8.666666666666666,6.2,0.06666666666666667,25.333333333333332,340.0,1,6,11
2022,16,LAT,Italian Grand Prix,Italy,Monza,2022-09-11,False,53.0,6,LAT,Williams,10.0,15.0,0.0,52.0,+1 Lap,False,False,2,MEDIUM,MEDIUM→HARD→SOFT,15.0,True,False,False,28.225,43.28846153846154,87.37,87.034,87.18350000000001,85.365,0.18649999999999523,1.6690000000000111,0.04400000000001114,18.0,18.0,0.2,0.3333333333333333,4.0,1,9,13
2022,16,LEC,Italian Grand Prix,Italy,Monza,2022-09-11,False,53.0,16,LEC,Ferrari,1.0,2.0,18.0,53.0,Finished,False,False,3,SOFT,SOFT→MEDIUM→SOFT→SOFT,12.0,True,False,False,28.224528301886796,43.27358490566038,85.47200000000001,84.516,87.18350000000001,85.365,-1.711500000000001,-0.8489999999999895,-1.1189999999999998,5.0,7.0,0.2,20.666666666666668,351.0,0,2,15
2022,16,MAG,Italian Grand Prix,Italy,Monza,2022-09-11,False,53.0,20,MAG,Haas F1 Team,16.0,16.0,0.0,52.0,+1 Lap,False,False,2,MEDIUM,MEDIUM→HARD→SOFT,24.0,True,False,False,28.21923076923077,43.267307692307696,87.88,87.04750000000001,87.18350000000001,85.365,0.6964999999999861,1.6825000000000188,0.34899999999998954,15.666666666666666,14.6,0.26666666666666666,0.0,31.0,1,3,16
2022,16,MSC,Italian Grand Prix,Italy,Monza,2022-09-11,False,53.0,47,MSC,Haas F1 Team,17.0,12.0,0.0,53.0,Finished,False,False,1,MEDIUM,MEDIUM→SOFT,33.0,True,False,False,28.232075471698113,43.26792452830188,87.531,86.094,87.18350000000001,85.365,0.3474999999999966,0.7289999999999992,-0.34899999999998954,14.666666666666666,13.0,0.14285714285714285,0.0,31.0,1,3,17
2022,16,NOR,Italian Grand Prix,Italy,Monza,2022-09-11,False,53.0,4,NOR,McLaren,3.0,7.0,6.0,53.0,Finished,False,False,2,MEDIUM,MEDIUM→SOFT→SOFT,35.0,True,False,False,28.22641509433962,43.264150943396224,87.08099999999999,84.9085,87.18350000000001,85.365,-0.10250000000002046,-0.45649999999999125,-0.17900000000003047,8.666666666666666,8.0,0.06666666666666667,4.0,94.0,1,5,18
2022,16,OCO,Italian Grand Prix,Italy,Monza,2022-09-11,False,53.0,31,OCO,Alpine,14.0,11.0,0.0,53.0,Finished,False,False,1,SOFT,SOFT→HARD,19.0,True,False,False,28.22641509433962,43.26037735849057,87.15899999999999,86.70349999999999,87.18350000000001,85.365,-0.024500000000017508,1.3384999999999962,-0.4825000000000159,8.333333333333334,7.6,0.06666666666666667,10.666666666666666,122.0,0,0,19
2022,16,PER,Italian Grand Prix,Italy,Monza,2022-09-11,False,53.0,11,PER,Red Bull Racing,13.0,6.0,9.0,53.0,Finished,False,False,2,MEDIUM,MEDIUM→HARD→SOFT,7.0,True,False,False,28.22641509433962,43.27547169811321,86.172,85.57,87.18350000000001,85.365,-1.0115000000000123,0.2049999999999983,0.8949999999999818,4.0,7.2,0.2,38.333333333333336,485.0,1,8,20
2022,16,RIC,Italian Grand Prix,Italy,Monza,2022-09-11,False,53.0,3,RIC,McLaren,4.0,17.0,0.0,45.0,Oil leak,True,False,1,MEDIUM,MEDIUM→HARD,19.0,False,False,False,28.195652173913043,43.38478260869565,87.26,86.767,87.18350000000001,85.365,0.0764999999999958,1.402000000000001,0.17900000000000205,15.666666666666666,13.0,0.06666666666666667,4.0,94.0,1,5,22
2022,16,RUS,Italian Grand Prix,Italy,Monza,2022-09-11,False,53.0,63,RUS,Mercedes,2.0,3.0,15.0,53.0,Finished,False,False,2,SOFT,SOFT→HARD→SOFT,23.0,True,False,False,28.2188679245283,43.28867924528302,86.087,85.551,87.18350000000001,85.365,-1.096500000000006,0.18600000000000705,-0.8964999999999748,3.0,3.2,0.06666666666666667,25.333333333333332,340.0,0,6,23
2022,16,SAI,Italian Grand Prix,Italy,Monza,2022-09-11,False,53.0,55,SAI,Ferrari,18.0,4.0,12.0,53.0,Finished,False,False,2,MEDIUM,MEDIUM→SOFT→SOFT,30.0,True,False,False,28.222641509433963,43.27169811320755,86.59100000000001,84.57249999999999,87.18350000000001,85.365,-0.5925000000000011,-0.792500000000004,1.1189999999999998,5.0,7.6,0.26666666666666666,20.666666666666668,351.0,1,2,24
2022,16,STR,Italian Grand Prix,Italy,Monza,2022-09-11,False,53.0,18,STR,Aston Martin,12.0,18.0,0.0,39.0,Engine,True,False,2,MEDIUM,MEDIUM→HARD,18.0,False,False,False,28.16923076923077,43.49230769230769,87.799,87.495,87.18350000000001,85.365,0.6154999999999973,2.1300000000000097,-0.15699999999998226,10.666666666666666,11.0,0.06666666666666667,2.0,25.0,1,1,26
2022,16,TSU,Italian Grand Prix,Italy,Monza,2022-09-11,False,53.0,22,TSU,RB,20.0,14.0,0.0,52.0,+1 Lap,False,False,2,MEDIUM,MEDIUM→HARD→SOFT,19.0,True,False,False,28.225,43.28076923076923,87.33,87.0035,87.18350000000001,85.365,0.14649999999998897,1.6385000000000076,0.0069999999999765805,17.333333333333332,17.6,0.21428571428571427,0.6666666666666666,29.0,1,7,27
2022,16,VER,Italian Grand Prix,Italy,Monza,2022-09-11,False,53.0,1,VER,Red Bull Racing,7.0,1.0,25.0,53.0,Finished,False,False,2,SOFT,SOFT→MEDIUM→SOFT,25.0,True,False,False,28.21509433962264,43.27169811320755,85.277,84.8195,87.18350000000001,85.365,-1.9065000000000083,-0.5454999999999899,-0.8950000000000102,1.0,1.2,0.13333333333333333,38.333333333333336,485.0,0,8,28
2022,16,VET,Italian Grand Prix,Italy,Monza,2022-09-11,False,53.0,5,VET,Aston Martin,11.0,20.0,0.0,10.0,Engine,True,False,0,MEDIUM,MEDIUM,11.0,False,False,False,27.972727272727273,43.9,87.956,87.501,87.18350000000001,85.365,0.7724999999999937,2.13600000000001,0.1570000000000107,10.666666666666666,12.0,0.15384615384615385,2.0,25.0,1,1,29
2022,16,ZHO,Italian Grand Prix,Italy,Monza,2022-09-11,False,53.0,24,ZHO,Kick Sauber,9.0,10.0,1.0,53.0,Finished,False,False,1,MEDIUM,MEDIUM→HARD,18.0,True,False,False,28.232075471698113,43.264150943396224,87.27950000000001,86.833,87.18350000000001,85.365,0.09600000000000364,1.4680000000000035,-0.3224999999999909,14.333333333333334,14.6,0.26666666666666666,0.0,49.0,1,4,30
2022,17,ALB,Singapore Grand Prix,Singapore,Marina Bay,2022-10-02,True,59.0,23,ALB,Williams,18.0,17.0,0.0,25.0,Collision damage,True,False,1,INTERMEDIATE,INTERMEDIATE,25.0,True,False,False,27.124000000000002,28.756,123.3175,122.652,119.5855,110.597,3.7319999999999993,12.055000000000007,-3.569500000000005,13.0,12.8,0.2,1.0,6.0,3,9,0
2022,17,ALO,Singapore Grand Prix,Singapore,Marina Bay,2022-10-02,True,59.0,14,ALO,Alpine,5.0,18.0,0.0,20.0,Engine,True,False,0,INTERMEDIATE,INTERMEDIATE,21.0,True,False,False,27.1,28.976190476190474,121.919,120.64,119.5855,110.597,2.333500000000001,10.043000000000006,-0.9120000000000061,10.0,8.8,0.1875,8.666666666666666,122.0,3,0,1
2022,17,BOT,Singapore Grand Prix,Singapore,Marina Bay,2022-10-02,True,59.0,77,BOT,Kick Sauber,15.0,11.0,0.0,59.0,Finished,False,False,1,INTERMEDIATE,INTERMEDIATE→SOFT,33.0,True,False,False,27.216949152542373,28.703389830508474,119.572,112.457,119.5855,110.597,-0.013499999999993406,1.8599999999999994,-6.7169999999999845,17.0,17.0,0.3125,0.3333333333333333,50.0,3,4,5
2022,17,GAS,Singapore Grand Prix,Singapore,Marina Bay,2022-10-02,True,59.0,10,GAS,RB,7.0,10.0,1.0,59.0,Finished,False,False,1,INTERMEDIATE,INTERMEDIATE→MEDIUM,33.0,True,True,False,27.21186440677966,28.708474576271186,119.829,111.1215,119.5855,110.597,0.24349999999999739,0.5245000000000033,-2.7530000000000143,9.333333333333334,10.4,0.1875,2.0,33.0,3,7,9
2022,17,HAM,Singapore Grand Prix,Singapore,Marina Bay,2022-10-02,True,59.0,44,HAM,Mercedes,3.0,9.0,2.0,59.0,Finished,False,False,1,INTERMEDIATE,INTERMEDIATE→MEDIUM,34.0,True,True,False,27.21186440677966,28.710169491525424,117.973,110.896,119.5855,110.597,-1.6124999999999972,0.2990000000000066,-4.200999999999993,9.666666666666666,6.6,0.0625,22.333333333333332,365.0,3,6,11
2022,17,LAT,Singapore Grand Prix,Singapore,Marina Bay,2022-10-02,True,59.0,6,LAT,Williams,19.0,19.0,0.0,7.0,Collision damage,True,False,1,INTERMEDIATE,INTERMEDIATE,7.0,False,False,False,26.900000000000002,29.542857142857144,126.887,125.585,119.5855,110.597,7.301500000000004,14.988,3.569500000000005,17.0,17.2,0.1875,1.0,6.0,3,9,13
2022,17,LEC,Singapore Grand Prix,Singapore,Marina Bay,2022-10-02,True,59.0,16,LEC,Ferrari,1.0,2.0,18.0,59.0,Finished,False,False,1,INTERMEDIATE,INTERMEDIATE→MEDIUM,34.0,True,True,False,27.203389830508474,28.70169491525424,116.76,109.0425,119.5855,110.597,-2.825499999999991,-1.5544999999999902,-1.6570000000000107,3.6666666666666665,7.2,0.1875,24.0,381.0,3,2,15
2022,17,MAG,Singapore Grand Prix,Singapore,Marina Bay,2022-10-02,True,59.0,20,MAG,Haas F1 Team,9.0,12.0,0.0,59.0,Finished,False,False,2,INTERMEDIATE,INTERMEDIATE→INTERMEDIATE→MEDIUM,7.0,True,False,False,27.215254237288136,28.710169491525424,118.781,112.527,119.5855,110.597,-0.8044999999999902,1.9300000000000068,-1.6434999999999889,15.666666666666666,16.2,0.25,0.0,31.0,3,3,16
2022,17,MSC,Singapore Grand Prix,Singapore,Marina Bay,2022-10-02,True,59.0,47,MSC,Haas F1 Team,12.0,13.0,0.0,58.0,+1 Lap,False,False,2,INTERMEDIATE,INTERMEDIATE→MEDIUM→SOFT,34.0,True,False,False,27.220689655172414,28.698275862068964,120.4245,111.4,119.5855,110.597,0.8389999999999986,0.8030000000000115,1.6434999999999889,14.0,14.2,0.13333333333333333,0.0,31.0,3,3,17
2022,17,NOR,Singapore Grand Prix,Singapore,Marina Bay,2022-10-02,True,59.0,4,NOR,McLaren,6.0,4.0,12.0,59.0,Finished,False,False,1,INTERMEDIATE,INTERMEDIATE→MEDIUM,36.0,True,True,False,27.208474576271186,28.703389830508474,118.7935,109.961,119.5855,110.597,-0.7920000000000016,-0.6359999999999957,-0.30450000000001864,8.666666666666666,8.0,0.0625,4.0,100.0,3,5,18
2022,17,OCO,Singapore Grand Prix,Singapore,Marina Bay,2022-10-02,True,59.0,31,OCO,Alpine,17.0,16.0,0.0,26.0,Engine,True,False,0,INTERMEDIATE,INTERMEDIATE,27.0,True,False,False,27.13703703703704,28.625925925925927,122.831,121.171,119.5855,110.597,3.245500000000007,10.574000000000012,0.9120000000000061,9.0,8.8,0.0625,8.666666666666666,122.0,3,0,19
2022,17,PER,Singapore Grand Prix,Singapore,Marina Bay,2022-10-02,True,59.0,11,PER,Red Bull Racing,2.0,1.0,25.0,59.0,Finished,False,False,1,INTERMEDIATE,INTERMEDIATE→MEDIUM,35.0,True,True,False,27.203389830508474,28.703389830508474,116.945,108.6115,119.5855,110.597,-2.640500000000003,-1.9854999999999876,-1.9800000000000182,4.333333333333333,4.4,0.1875,38.0,519.0,3,8,20
2022,17,RIC,Singapore Grand Prix,Singapore,Marina Bay,2022-10-02,True,59.0,3,RIC,McLaren,16.0,5.0,10.0,59.0,Finished,False,False,1,INTERMEDIATE,INTERMEDIATE→SOFT,36.0,True,False,False,27.215254237288136,28.7,119.098,111.197,119.5855,110.597,-0.48749999999999716,0.6000000000000085,0.3044999999999902,16.333333333333332,14.6,0.125,4.0,100.0,3,5,22
2022,17,RUS,Singapore Grand Prix,Singapore,Marina Bay,2022-10-02,True,59.0,63,RUS,Mercedes,21.0,14.0,0.0,57.0,+2 Laps,False,False,4,INTERMEDIATE,INTERMEDIATE→MEDIUM→MEDIUM→SOFT→SOFT,21.0,True,True,False,27.20701754385965,28.696491228070176,122.174,110.505,119.5855,110.597,2.5885000000000105,-0.09199999999999875,4.201000000000022,3.0,3.0,0.0625,22.333333333333332,365.0,3,6,23
2022,17,SAI,Singapore Grand Prix,Singapore,Marina Bay,2022-10-02,True,59.0,55,SAI,Ferrari,4.0,3.0,15.0,59.0,Finished,False,False,1,INTERMEDIATE,INTERMEDIATE→MEDIUM,35.0,True,True,False,27.208474576271186,28.703389830508474,118.417,109.1795,119.5855,110.597,-1.1684999999999945,-1.4174999999999898,1.6569999999999823,5.0,4.8,0.25,24.0,381.0,3,2,24
2022,17,STR,Singapore Grand Prix,Singapore,Marina Bay,2022-10-02,True,59.0,18,STR,Aston Martin,11.0,6.0,8.0,59.0,Finished,False,False,1,INTERMEDIATE,INTERMEDIATE→MEDIUM,35.0,True,True,False,27.2135593220339,28.71864406779661,119.0765,110.9485,119.5855,110.597,-0.5090000000000003,0.3515000000000015,0.13349999999999795,13.0,12.0,0.125,1.6666666666666667,25.0,3,1,26
2022,17,TSU,Singapore Grand Prix,Singapore,Marina Bay,2022-10-02,True,59.0,22,TSU,RB,10.0,15.0,0.0,34.0,Accident,True,False,1,INTERMEDIATE,INTERMEDIATE→MEDIUM,33.0,True,False,False,27.12,28.44857142857143,122.582,119.77799999999999,119.5855,110.597,2.9964999999999975,9.180999999999997,2.752999999999986,15.666666666666666,17.2,0.2,2.0,33.0,3,7,27
2022,17,VER,Singapore Grand Prix,Singapore,Marina Bay,2022-10-02,True,59.0,1,VER,Red Bull Racing,8.0,7.0,6.0,59.0,Finished,False,False,2,INTERMEDIATE,INTERMEDIATE→MEDIUM→SOFT,35.0,True,True,False,27.210169491525424,28.698305084745762,118.925,110.01400000000001,119.5855,110.597,-0.660499999999999,-0.5829999999999842,1.9799999999999898,1.0,1.0,0.125,38.0,519.0,3,8,28
2022,17,VET,Singapore Grand Prix,Singapore,Marina Bay,2022-10-02,True,59.0,5,VET,Aston Martin,13.0,8.0,4.0,59.0,Finished,False,False,1,INTERMEDIATE,INTERMEDIATE→MEDIUM,34.0,True,True,False,27.21186440677966,28.7135593220339,118.943,111.1755,119.5855,110.597,-0.6424999999999983,0.5785000000000053,-0.13349999999999795,14.0,12.6,0.21428571428571427,1.6666666666666667,25.0,3,1,29
2022,17,ZHO,Singapore Grand Prix,Singapore,Marina Bay,2022-10-02,True,59.0,24,ZHO,Kick Sauber,14.0,20.0,0.0,6.0,Collision,True,False,0,INTERMEDIATE,INTERMEDIATE,7.0,False,False,False,26.900000000000002,29.571428571428573,126.289,125.556,119.5855,110.597,6.703500000000005,14.959000000000003,6.717000000000013,13.333333333333334,13.8,0.25,0.3333333333333333,50.0,3,4,30
2022,18,ALB,Japanese Grand Prix,Japan,Suzuka,2022-10-09,False,29.0,23,ALB,Williams,16.0,20.0,0.0,0.0,Hydraulics,True,True,0,INTERMEDIATE,INTERMEDIATE,1.0,False,False,False,17.5,21.1,,,109.118,107.0415,,,0.0,13.0,13.8,0.25,0.6666666666666666,6.0,3,9,0
2022,18,ALO,Japanese Grand Prix,Japan,Suzuka,2022-10-09,False,29.0,14,ALO,Alpine,7.0,7.0,6.0,28.0,Finished,False,True,3,INTERMEDIATE,INTERMEDIATE→WET→INTERMEDIATE→INTERMEDIATE,2.0,False,False,False,16.0,18.532142857142855,108.376,104.469,109.118,107.0415,-0.7419999999999902,-2.572500000000005,-0.6359999999999957,14.333333333333334,11.2,0.23529411764705882,3.3333333333333335,122.0,3,0,1
2022,18,BOT,Japanese Grand Prix,Japan,Suzuka,2022-10-09,False,29.0,77,BOT,Kick Sauber,12.0,15.0,0.0,28.0,Finished,False,True,2,INTERMEDIATE,INTERMEDIATE→WET→INTERMEDIATE,2.0,False,False,False,16.0,18.52857142857143,110.336,108.7685,109.118,107.0415,1.2180000000000035,1.7270000000000039,0.4890000000000043,14.333333333333334,16.4,0.29411764705882354,0.3333333333333333,50.0,3,4,5
2022,18,GAS,Japanese Grand Prix,Japan,Suzuka,2022-10-09,False,29.0,10,GAS,RB,17.0,18.0,0.0,28.0,Finished,False,True,4,INTERMEDIATE,INTERMEDIATE→WET→WET→INTERMEDIATE→INTERMEDIATE,1.0,False,False,False,16.0,18.525000000000002,109.38,105.592,109.118,107.0415,0.26200000000000045,-1.4495000000000005,0.61099999999999,9.666666666666666,10.0,0.17647058823529413,1.6666666666666667,34.0,3,7,9
2022,18,HAM,Japanese Grand Prix,Japan,Suzuka,2022-10-09,False,29.0,44,HAM,Mercedes,6.0,5.0,10.0,28.0,Finished,False,True,2,INTERMEDIATE,INTERMEDIATE→WET→INTERMEDIATE,2.0,False,False,False,16.00357142857143,18.539285714285715,108.915,106.923,109.118,107.0415,-0.20299999999998875,-0.11849999999999739,0.4760000000000275,6.0,8.0,0.058823529411764705,19.0,367.0,3,6,11
2022,18,LAT,Japanese Grand Prix,Japan,Suzuka,2022-10-09,False,29.0,6,LAT,Williams,20.0,9.0,2.0,28.0,Finished,False,True,2,INTERMEDIATE,INTERMEDIATE→WET→INTERMEDIATE,2.0,False,False,False,16.0,18.525000000000002,109.9115,108.6235,109.118,107.0415,0.7935000000000088,1.5820000000000078,0.0,17.333333333333332,17.6,0.23529411764705882,0.6666666666666666,6.0,3,9,13
2022,18,LEC,Japanese Grand Prix,Japan,Suzuka,2022-10-09,False,29.0,16,LEC,Ferrari,2.0,3.0,15.0,28.0,Finished,False,True,2,INTERMEDIATE,INTERMEDIATE→WET→INTERMEDIATE,2.0,False,False,False,16.007142857142856,18.542857142857144,108.644,106.05449999999999,109.118,107.0415,-0.47399999999998954,-0.987000000000009,0.0,2.3333333333333335,3.8,0.17647058823529413,27.333333333333332,414.0,3,2,15
2022,18,MAG,Japanese Grand Prix,Japan,Suzuka,2022-10-09,False,29.0,20,MAG,Haas F1 Team,18.0,14.0,0.0,28.0,Finished,False,True,2,INTERMEDIATE,INTERMEDIATE→WET→INTERMEDIATE,2.0,False,False,False,16.0,18.52857142857143,110.317,108.7225,109.118,107.0415,1.198999999999998,1.6809999999999974,-0.01500000000001478,14.333333333333334,15.0,0.23529411764705882,0.0,31.0,3,3,16
2022,18,MSC,Japanese Grand Prix,Japan,Suzuka,2022-10-09,False,29.0,47,MSC,Haas F1 Team,15.0,17.0,0.0,28.0,Finished,False,True,2,INTERMEDIATE,INTERMEDIATE→WET→INTERMEDIATE,2.0,False,False,False,16.00357142857143,18.52857142857143,110.332,107.6515,109.118,107.0415,1.2139999999999986,0.6099999999999994,0.014999999999986358,12.666666666666666,13.8,0.125,0.0,31.0,3,3,17
2022,18,NOR,Japanese Grand Prix,Japan,Suzuka,2022-10-09,False,29.0,4,NOR,McLaren,10.0,10.0,1.0,28.0,Finished,False,True,2,INTERMEDIATE,INTERMEDIATE→WET→INTERMEDIATE,2.0,False,False,False,15.996428571428572,18.52857142857143,109.723,108.8125,109.118,107.0415,0.605000000000004,1.7710000000000008,0.15799999999998704,6.0,7.4,0.058823529411764705,11.333333333333334,122.0,3,5,18
2022,18,OCO,Japanese Grand Prix,Japan,Suzuka,2022-10-09,False,29.0,31,OCO,Alpine,5.0,4.0,12.0,28.0,Finished,False,True,2,INTERMEDIATE,INTERMEDIATE→WET→INTERMEDIATE,2.0,False,False,False,16.00357142857143,18.539285714285715,109.012,107.12899999999999,109.118,107.0415,-0.10599999999999454,0.08749999999999147,0.6359999999999957,12.0,10.4,0.11764705882352941,3.3333333333333335,122.0,3,0,19
2022,18,PER,Japanese Grand Prix,Japan,Suzuka,2022-10-09,False,29.0,11,PER,Red Bull Racing,4.0,2.0,18.0,28.0,Finished,False,True,2,INTERMEDIATE,INTERMEDIATE→WET→INTERMEDIATE,2.0,False,False,False,16.00357142857143,18.535714285714285,108.126,106.6265,109.118,107.0415,-0.9919999999999902,-0.41500000000000625,0.5629999999999882,4.0,3.8,0.17647058823529413,33.666666666666664,550.0,3,8,20
2022,18,RIC,Japanese Grand Prix,Japan,Suzuka,2022-10-09,False,29.0,3,RIC,McLaren,11.0,11.0,0.0,28.0,Finished,False,True,2,INTERMEDIATE,INTERMEDIATE→WET→INTERMEDIATE,2.0,False,False,False,16.0,18.52857142857143,109.565,108.225,109.118,107.0415,0.44700000000000273,1.1834999999999951,-0.15800000000001546,13.0,13.8,0.11764705882352941,11.333333333333334,122.0,3,5,22
2022,18,RUS,Japanese Grand Prix,Japan,Suzuka,2022-10-09,False,29.0,63,RUS,Mercedes,8.0,8.0,4.0,28.0,Finished,False,True,2,INTERMEDIATE,INTERMEDIATE→WET→INTERMEDIATE,2.0,False,False,False,15.996428571428572,18.532142857142855,108.439,107.6425,109.118,107.0415,-0.679000000000002,0.6009999999999991,-0.4759999999999991,6.333333333333333,5.2,0.058823529411764705,19.0,367.0,3,6,23
2022,18,SAI,Japanese Grand Prix,Japan,Suzuka,2022-10-09,False,29.0,55,SAI,Ferrari,3.0,19.0,0.0,0.0,Accident,True,True,0,INTERMEDIATE,INTERMEDIATE,1.0,False,False,False,17.5,21.1,,,109.118,107.0415,,,0.0,5.0,4.4,0.23529411764705882,27.333333333333332,414.0,3,2,24
2022,18,STR,Japanese Grand Prix,Japan,Suzuka,2022-10-09,False,29.0,18,STR,Aston Martin,19.0,12.0,0.0,28.0,Finished,False,True,3,INTERMEDIATE,INTERMEDIATE→WET→INTERMEDIATE→INTERMEDIATE,2.0,False,False,False,15.996428571428572,18.52857142857143,109.142,107.181,109.118,107.0415,0.02400000000000091,0.13949999999999818,0.25149999999999295,11.333333333333334,11.2,0.11764705882352941,4.333333333333333,37.0,3,1,26
2022,18,TSU,Japanese Grand Prix,Japan,Suzuka,2022-10-09,False,29.0,22,TSU,RB,13.0,13.0,0.0,28.0,Finished,False,True,3,INTERMEDIATE,INTERMEDIATE→WET→INTERMEDIATE→INTERMEDIATE,2.0,False,False,False,15.996428571428572,18.52857142857143,108.769,107.094,109.118,107.0415,-0.34899999999998954,0.052499999999994884,-0.61099999999999,16.333333333333332,16.2,0.25,1.6666666666666667,34.0,3,7,27
2022,18,VER,Japanese Grand Prix,Japan,Suzuka,2022-10-09,False,29.0,1,VER,Red Bull Racing,1.0,1.0,25.0,28.0,Finished,False,True,2,INTERMEDIATE,INTERMEDIATE→WET→INTERMEDIATE,2.0,False,False,False,16.00344827586207,18.53103448275862,107.563,105.0795,109.118,107.0415,-1.5549999999999926,-1.9620000000000033,-0.5630000000000166,3.0,2.2,0.11764705882352941,33.666666666666664,550.0,3,8,28
2022,18,VET,Japanese Grand Prix,Japan,Suzuka,2022-10-09,False,29.0,5,VET,Aston Martin,9.0,6.0,8.0,28.0,Finished,False,True,2,INTERMEDIATE,INTERMEDIATE→WET→INTERMEDIATE,2.0,False,False,False,16.00357142857143,18.535714285714285,108.8905,107.0205,109.118,107.0415,-0.22749999999999204,-0.021000000000000796,-0.25149999999999295,14.0,12.0,0.2,4.333333333333333,37.0,3,1,29
2022,18,ZHO,Japanese Grand Prix,Japan,Suzuka,2022-10-09,False,29.0,24,ZHO,Kick Sauber,14.0,16.0,0.0,28.0,Finished,False,True,3,INTERMEDIATE,INTERMEDIATE→WET→INTERMEDIATE→INTERMEDIATE,2.0,False,False,False,16.0,18.525000000000002,109.847,106.008,109.118,107.0415,0.7289999999999992,-1.0335000000000036,-0.4890000000000043,15.333333333333334,14.6,0.29411764705882354,0.3333333333333333,50.0,3,4,30
2022,19,ALB,United States Grand Prix,United States,Austin,2022-10-23,False,56.0,23,ALB,Williams,8.0,13.0,0.0,56.0,Finished,False,False,2,MEDIUM,MEDIUM→MEDIUM→HARD,9.0,True,False,False,29.723214285714285,36.29821428571429,103.838,103.014,103.19200000000001,101.045,0.6459999999999866,1.968999999999994,-0.6740000000000066,16.333333333333332,15.2,0.29411764705882354,1.3333333333333333,8.0,1,9,0
2022,19,ALO,United States Grand Prix,United States,Austin,2022-10-23,False,56.0,14,ALO,Alpine,14.0,7.0,6.0,56.0,Finished,False,False,2,HARD,HARD→MEDIUM→HARD,18.0,True,False,False,29.72142857142857,36.28928571428572,103.454,102.178,103.19200000000001,101.045,0.26199999999998624,1.1329999999999956,-0.2949999999999875,14.666666666666666,11.0,0.2222222222222222,6.0,140.0,2,0,1
2022,19,BOT,United States Grand Prix,United States,Austin,2022-10-23,False,56.0,77,BOT,Kick Sauber,7.0,19.0,0.0,16.0,Spun off,True,False,1,MEDIUM,MEDIUM→HARD,10.0,False,False,False,29.147058823529413,35.42941176470588,104.13,103.4355,103.19200000000001,101.045,0.9379999999999882,2.390500000000003,0.24899999999999523,13.0,15.4,0.2777777777777778,0.3333333333333333,50.0,1,4,5
2022,19,GAS,United States Grand Prix,United States,Austin,2022-10-23,False,56.0,10,GAS,RB,11.0,14.0,0.0,56.0,Finished,False,False,2,MEDIUM,MEDIUM→HARD→HARD,11.0,True,False,False,29.723214285714285,36.2625,103.103,102.2715,103.19200000000001,101.045,-0.08900000000001285,1.2265000000000015,-0.13000000000002387,12.0,11.2,0.16666666666666666,1.6666666666666667,34.0,1,7,9
2022,19,HAM,United States Grand Prix,United States,Austin,2022-10-23,False,56.0,44,HAM,Mercedes,3.0,2.0,18.0,56.0,Finished,False,False,2,MEDIUM,MEDIUM→HARD→HARD,12.0,True,False,False,29.717857142857145,36.24821428571429,101.358,100.34049999999999,103.19200000000001,101.045,-1.8340000000000032,-0.7045000000000101,-0.6289999999999907,6.333333333333333,8.6,0.05555555555555555,13.666666666666666,381.0,1,6,11
2022,19,LAT,United States Grand Prix,United States,Austin,2022-10-23,False,56.0,6,LAT,Williams,17.0,17.0,0.0,56.0,Finished,False,False,2,MEDIUM,MEDIUM→MEDIUM→HARD,5.0,True,False,False,29.732142857142858,36.301785714285714,104.512,103.731,103.19200000000001,101.045,1.3199999999999932,2.685999999999993,0.6740000000000066,14.333333333333334,15.8,0.2222222222222222,1.3333333333333333,8.0,1,9,13
2022,19,LEC,United States Grand Prix,United States,Austin,2022-10-23,False,56.0,16,LEC,Ferrari,12.0,3.0,15.0,56.0,Finished,False,False,2,MEDIUM,MEDIUM→HARD→MEDIUM,18.0,True,False,False,29.719642857142855,36.26607142857143,101.596,100.242,103.19200000000001,101.045,-1.5960000000000036,-0.8029999999999973,0.0,2.3333333333333335,3.2,0.16666666666666666,26.0,429.0,1,2,15
2022,19,MAG,United States Grand Prix,United States,Austin,2022-10-23,False,56.0,20,MAG,Haas F1 Team,13.0,9.0,2.0,56.0,Finished,False,False,1,HARD,HARD→MEDIUM,18.0,True,False,False,29.723214285714285,36.294642857142854,103.808,102.851,103.19200000000001,101.045,0.6159999999999997,1.8059999999999974,0.3200000000000216,14.0,14.6,0.2222222222222222,0.0,31.0,2,3,16
2022,19,MSC,United States Grand Prix,United States,Austin,2022-10-23,False,56.0,47,MSC,Haas F1 Team,16.0,15.0,0.0,56.0,Finished,False,False,2,HARD,HARD→MEDIUM→HARD,18.0,True,False,False,29.728571428571428,36.269642857142856,103.488,102.882,103.19200000000001,101.045,0.29599999999999227,1.8370000000000033,-0.3199999999999932,14.0,14.4,0.11764705882352941,0.0,31.0,2,3,17
2022,19,NOR,United States Grand Prix,United States,Austin,2022-10-23,False,56.0,4,NOR,McLaren,6.0,6.0,8.0,56.0,Finished,False,False,2,MEDIUM,MEDIUM→HARD→HARD,14.0,True,False,False,29.72142857142857,36.275,103.076,101.6895,103.19200000000001,101.045,-0.11600000000001387,0.6444999999999936,-1.0699999999999932,7.0,8.0,0.05555555555555555,9.666666666666666,123.0,1,5,18
2022,19,OCO,United States Grand Prix,United States,Austin,2022-10-23,False,56.0,31,OCO,Alpine,21.0,11.0,0.0,56.0,Finished,False,False,2,HARD,HARD→HARD→MEDIUM,18.0,True,False,False,29.724999999999998,36.285714285714285,103.749,101.434,103.19200000000001,101.045,0.556999999999988,0.3889999999999958,0.2950000000000159,10.333333333333334,9.4,0.1111111111111111,6.0,140.0,2,0,19
2022,19,PER,United States Grand Prix,United States,Austin,2022-10-23,False,56.0,11,PER,Red Bull Racing,9.0,4.0,12.0,56.0,Finished,False,False,2,MEDIUM,MEDIUM→HARD→MEDIUM,14.0,True,False,False,29.719642857142855,36.2625,101.809,99.989,103.19200000000001,101.045,-1.3830000000000098,-1.0559999999999974,0.625,3.0,3.2,0.16666666666666666,36.0,593.0,1,8,20
2022,19,RIC,United States Grand Prix,United States,Austin,2022-10-23,False,56.0,3,RIC,McLaren,15.0,16.0,0.0,56.0,Finished,False,False,2,MEDIUM,MEDIUM→HARD→HARD,10.0,True,False,False,29.726785714285715,36.294642857142854,104.146,102.7365,103.19200000000001,101.045,0.9539999999999935,1.6915000000000049,1.0700000000000216,11.0,13.0,0.1111111111111111,9.666666666666666,123.0,1,5,22
2022,19,RUS,United States Grand Prix,United States,Austin,2022-10-23,False,56.0,63,RUS,Mercedes,4.0,5.0,11.0,56.0,Finished,False,False,3,MEDIUM,MEDIUM→HARD→HARD→SOFT,13.0,True,False,False,29.710714285714285,36.25535714285714,101.987,100.751,103.19200000000001,101.045,-1.2050000000000125,-0.29399999999999693,0.6289999999999907,8.333333333333334,6.2,0.05555555555555555,13.666666666666666,381.0,1,6,23
2022,19,SAI,United States Grand Prix,United States,Austin,2022-10-23,False,56.0,55,SAI,Ferrari,1.0,20.0,0.0,1.0,Collision damage,True,False,1,MEDIUM,MEDIUM,1.0,False,False,False,28.9,34.6,,,103.19200000000001,101.045,,,0.0,8.666666666666666,7.4,0.2777777777777778,26.0,429.0,1,2,24
2022,19,STR,United States Grand Prix,United States,Austin,2022-10-23,False,56.0,18,STR,Aston Martin,5.0,18.0,0.0,21.0,Collision,True,False,1,MEDIUM,MEDIUM→MEDIUM,15.0,True,False,False,29.263636363636362,35.52727272727273,103.8155,103.1845,103.19200000000001,101.045,0.6234999999999928,2.139499999999998,1.3234999999999957,12.0,11.4,0.1111111111111111,6.666666666666667,45.0,1,1,26
2022,19,TSU,United States Grand Prix,United States,Austin,2022-10-23,False,56.0,22,TSU,RB,19.0,10.0,1.0,56.0,Finished,False,False,2,MEDIUM,MEDIUM→MEDIUM→HARD,10.0,True,False,False,29.730357142857144,36.28214285714286,103.233,102.332,103.19200000000001,101.045,0.04099999999999682,1.286999999999992,0.12999999999999545,14.0,15.0,0.23529411764705882,1.6666666666666667,34.0,1,7,27
2022,19,VER,United States Grand Prix,United States,Austin,2022-10-23,False,56.0,1,VER,Red Bull Racing,2.0,1.0,25.0,56.0,Finished,False,False,2,MEDIUM,MEDIUM→HARD→MEDIUM,13.0,True,False,False,29.714285714285715,36.24821428571429,101.184,99.998,103.19200000000001,101.045,-2.0080000000000098,-1.046999999999997,-0.625,3.0,2.2,0.1111111111111111,36.0,593.0,1,8,28
2022,19,VET,United States Grand Prix,United States,Austin,2022-10-23,False,56.0,5,VET,Aston Martin,10.0,8.0,4.0,56.0,Finished,False,False,2,MEDIUM,MEDIUM→MEDIUM→HARD,18.0,True,False,False,29.724999999999998,36.25892857142857,102.492,101.924,103.19200000000001,101.045,-0.7000000000000028,0.8790000000000049,-1.3234999999999957,11.333333333333334,11.2,0.1875,6.666666666666667,45.0,1,1,29
2022,19,ZHO,United States Grand Prix,United States,Austin,2022-10-23,False,56.0,24,ZHO,Kick Sauber,18.0,12.0,0.0,56.0,Finished,False,False,2,MEDIUM,MEDIUM→HARD→HARD,9.0,True,False,False,29.726785714285715,36.2875,103.881,102.692,103.19200000000001,101.045,0.688999999999993,1.6469999999999914,-0.24899999999999523,15.333333333333334,15.2,0.2777777777777778,0.3333333333333333,50.0,1,4,30
2022,20,ALB,Mexico City Grand Prix,Mexico,Mexico City,2022-10-30,False,71.0,23,ALB,Williams,17.0,12.0,0.0,70.0,+1 Lap,False,False,1,MEDIUM,MEDIUM→SOFT,38.0,False,False,False,24.49,39.42285714285714,84.7775,83.119,84.1425,82.6865,0.6350000000000051,0.43250000000000455,-0.602499999999992,16.666666666666668,14.4,0.2777777777777778,0.6666666666666666,8.0,1,9,0
2022,20,ALO,Mexico City Grand Prix,Mexico,Mexico City,2022-10-30,False,71.0,14,ALO,Alpine,9.0,19.0,0.0,63.0,Engine,True,False,1,MEDIUM,MEDIUM→HARD,40.0,False,False,False,24.4578125,39.634375,84.38900000000001,83.521,84.1425,82.6865,0.2465000000000117,0.8345000000000056,-0.05299999999999727,10.666666666666666,11.4,0.21052631578947367,8.0,146.0,1,0,1
2022,20,BOT,Mexico City Grand Prix,Mexico,Mexico City,2022-10-30,False,71.0,77,BOT,Kick Sauber,6.0,10.0,1.0,70.0,+1 Lap,False,False,1,MEDIUM,MEDIUM→HARD,39.0,False,False,False,24.484285714285715,39.43714285714285,84.354,83.659,84.1425,82.6865,0.2115000000000009,0.9725000000000108,-0.40799999999998704,15.0,15.4,0.3157894736842105,0.0,50.0,1,4,5
2022,20,GAS,Mexico City Grand Prix,Mexico,Mexico City,2022-10-30,False,71.0,10,GAS,RB,14.0,11.0,0.0,70.0,+1 Lap,False,False,1,MEDIUM,MEDIUM→SOFT,40.0,False,False,False,24.49142857142857,39.42428571428571,84.719,82.875,84.1425,82.6865,0.5764999999999958,0.18850000000000477,0.030499999999989313,14.0,12.2,0.15789473684210525,0.6666666666666666,35.0,1,7,9
2022,20,HAM,Mexico City Grand Prix,Mexico,Mexico City,2022-10-30,False,71.0,44,HAM,Mercedes,3.0,2.0,18.0,71.0,Finished,False,False,1,MEDIUM,MEDIUM→HARD,29.0,False,False,False,24.4887323943662,39.46056338028169,83.00800000000001,82.404,84.1425,82.6865,-1.1344999999999885,-0.28249999999999886,-0.059499999999985675,5.333333333333333,5.0,0.05263157894736842,15.0,410.0,1,6,11
2022,20,LAT,Mexico City Grand Prix,Mexico,Mexico City,2022-10-30,False,71.0,6,LAT,Williams,18.0,18.0,0.0,69.0,+2 Laps,False,False,2,SOFT,SOFT→HARD→SOFT,23.0,False,False,False,24.48840579710145,39.424637681159425,85.38,84.402,84.1425,82.6865,1.2374999999999972,1.7155000000000058,0.602499999999992,15.0,15.6,0.21052631578947367,0.6666666666666666,8.0,0,9,13
2022,20,LEC,Mexico City Grand Prix,Mexico,Mexico City,2022-10-30,False,71.0,16,LEC,Ferrari,7.0,6.0,8.0,71.0,Finished,False,False,1,SOFT,SOFT→MEDIUM,28.0,False,False,False,24.484507042253522,39.44507042253521,83.511,82.878,84.1425,82.6865,-0.6315000000000026,0.1915000000000049,0.09899999999998954,2.6666666666666665,2.6,0.15789473684210525,21.0,444.0,0,2,15
2022,20,MAG,Mexico City Grand Prix,Mexico,Mexico City,2022-10-30,False,71.0,20,MAG,Haas F1 Team,19.0,17.0,0.0,70.0,+1 Lap,False,False,1,MEDIUM,MEDIUM→SOFT,38.0,False,False,False,24.492857142857144,39.41428571428571,85.048,83.672,84.1425,82.6865,0.9055000000000035,0.9855000000000018,0.6009999999999991,11.666666666666666,13.2,0.21052631578947367,0.6666666666666666,33.0,1,3,16
2022,20,MSC,Mexico City Grand Prix,Mexico,Mexico City,2022-10-30,False,71.0,47,MSC,Haas F1 Team,15.0,16.0,0.0,70.0,+1 Lap,False,False,1,SOFT,SOFT→MEDIUM,24.0,False,False,False,24.492857142857144,39.41857142857143,84.447,83.917,84.1425,82.6865,0.30450000000000443,1.2305000000000064,-0.6009999999999991,15.0,14.0,0.1111111111111111,0.6666666666666666,33.0,0,3,17
2022,20,NOR,Mexico City Grand Prix,Mexico,Mexico City,2022-10-30,False,71.0,4,NOR,McLaren,8.0,9.0,2.0,70.0,+1 Lap,False,False,1,MEDIUM,MEDIUM→HARD,31.0,False,False,False,24.49,39.43142857142857,84.433,83.592,84.1425,82.6865,0.29050000000000864,0.9055000000000035,-0.09700000000000841,6.666666666666667,6.8,0.05263157894736842,10.333333333333334,131.0,1,5,18
2022,20,OCO,Mexico City Grand Prix,Mexico,Mexico City,2022-10-30,False,71.0,31,OCO,Alpine,10.0,8.0,4.0,70.0,+1 Lap,False,False,1,MEDIUM,MEDIUM→HARD,33.0,False,False,False,24.492857142857144,39.43571428571428,84.442,83.548,84.1425,82.6865,0.29949999999999477,0.8615000000000066,0.05299999999996885,10.333333333333334,10.2,0.10526315789473684,8.0,146.0,1,0,19
2022,20,PER,Mexico City Grand Prix,Mexico,Mexico City,2022-10-30,False,71.0,11,PER,Red Bull Racing,4.0,3.0,15.0,71.0,Finished,False,False,1,SOFT,SOFT→MEDIUM,23.0,False,False,False,24.49014084507042,39.44788732394367,82.901,82.251,84.1425,82.6865,-1.241500000000002,-0.43549999999999045,0.34250000000000114,2.3333333333333335,3.6,0.15789473684210525,37.0,630.0,0,8,20
2022,20,RIC,Mexico City Grand Prix,Mexico,Mexico City,2022-10-30,False,71.0,3,RIC,McLaren,11.0,7.0,6.0,70.0,+1 Lap,False,False,1,MEDIUM,MEDIUM→SOFT,44.0,False,False,False,24.48857142857143,39.42714285714286,84.53,82.722,84.1425,82.6865,0.38750000000000284,0.03549999999999898,0.09699999999997999,10.666666666666666,13.2,0.10526315789473684,10.333333333333334,131.0,1,5,22
2022,20,RUS,Mexico City Grand Prix,Mexico,Mexico City,2022-10-30,False,71.0,63,RUS,Mercedes,2.0,4.0,13.0,71.0,Finished,False,False,2,MEDIUM,MEDIUM→HARD→SOFT,34.0,False,False,False,24.494366197183098,39.45211267605634,83.0675,82.3135,84.1425,82.6865,-1.0750000000000028,-0.37299999999999045,0.059499999999985675,9.0,6.4,0.05263157894736842,15.0,410.0,1,6,23
2022,20,SAI,Mexico City Grand Prix,Mexico,Mexico City,2022-10-30,False,71.0,55,SAI,Ferrari,5.0,5.0,10.0,71.0,Finished,False,False,1,SOFT,SOFT→MEDIUM,29.0,False,False,False,24.485915492957748,39.44929577464789,83.412,82.64,84.1425,82.6865,-0.7304999999999922,-0.04649999999999466,-0.09899999999998954,14.0,10.8,0.3157894736842105,21.0,444.0,0,2,24
2022,20,STR,Mexico City Grand Prix,Mexico,Mexico City,2022-10-30,False,71.0,18,STR,Aston Martin,20.0,15.0,0.0,70.0,+1 Lap,False,False,2,MEDIUM,MEDIUM→SOFT→SOFT,17.0,False,False,False,24.49142857142857,39.42714285714286,84.3905,83.341,84.1425,82.6865,0.24800000000000466,0.6544999999999987,-0.4795000000000016,12.0,12.8,0.15789473684210525,8.0,49.0,1,1,26
2022,20,TSU,Mexico City Grand Prix,Mexico,Mexico City,2022-10-30,False,71.0,22,TSU,RB,13.0,20.0,0.0,50.0,Collision damage,True,False,2,SOFT,SOFT→MEDIUM,29.0,False,False,False,24.474,40.262,84.6885,83.72,84.1425,82.6865,0.5460000000000065,1.0335000000000036,-0.030499999999989313,12.666666666666666,14.4,0.2222222222222222,0.6666666666666666,35.0,0,7,27
2022,20,VER,Mexico City Grand Prix,Mexico,Mexico City,2022-10-30,False,71.0,1,VER,Red Bull Racing,1.0,1.0,25.0,71.0,Finished,False,False,1,SOFT,SOFT→MEDIUM,25.0,False,False,False,24.484507042253522,39.456338028169014,82.55850000000001,82.289,84.1425,82.6865,-1.583999999999989,-0.39749999999999375,-0.3424999999999727,3.0,2.2,0.10526315789473684,37.0,630.0,0,8,28
2022,20,VET,Mexico City Grand Prix,Mexico,Mexico City,2022-10-30,False,71.0,5,VET,Aston Martin,16.0,14.0,0.0,70.0,+1 Lap,False,False,1,SOFT,SOFT→MEDIUM,38.0,False,False,False,24.49142857142857,39.42857142857143,84.87,83.285,84.1425,82.6865,0.7275000000000063,0.5985000000000014,0.4795000000000016,7.333333333333333,11.2,0.17647058823529413,8.0,49.0,0,1,29
2022,20,ZHO,Mexico City Grand Prix,Mexico,Mexico City,2022-10-30,False,71.0,24,ZHO,Kick Sauber,12.0,13.0,0.0,70.0,+1 Lap,False,False,1,MEDIUM,MEDIUM→SOFT,45.0,False,False,False,24.492857142857144,39.434285714285714,84.762,83.544,84.1425,82.6865,0.6195000000000022,0.8575000000000017,0.40800000000001546,16.0,14.8,0.2631578947368421,0.0,50.0,1,4,30
2022,21,ALB,São Paulo Grand Prix,Brazil,São Paulo,2022-11-13,False,71.0,23,ALB,Williams,19.0,15.0,0.0,71.0,Finished,False,False,3,HARD,HARD→MEDIUM→MEDIUM→MEDIUM,4.0,True,False,False,22.419718309859153,43.157746478873236,77.639,76.2825,76.704,75.2435,0.9350000000000023,1.0390000000000015,-0.12300000000001887,15.0,14.8,0.2631578947368421,0.6666666666666666,8.0,2,9,0
2022,21,ALO,São Paulo Grand Prix,Brazil,São Paulo,2022-11-13,False,71.0,14,ALO,Alpine,17.0,5.0,10.0,71.0,Finished,False,False,3,MEDIUM,MEDIUM→MEDIUM→MEDIUM→SOFT,14.0,True,True,False,22.430985915492958,43.212676056338026,76.157,74.741,76.704,75.2435,-0.546999999999997,-0.5024999999999977,-0.8060000000000116,11.0,14.0,0.25,9.333333333333334,150.0,1,0,1
2022,21,BOT,São Paulo Grand Prix,Brazil,São Paulo,2022-11-13,False,71.0,77,BOT,Kick Sauber,14.0,9.0,2.0,71.0,Finished,False,False,2,SOFT,SOFT→MEDIUM→SOFT,24.0,True,True,False,22.43661971830986,43.1887323943662,76.907,75.715,76.704,75.2435,0.20300000000000296,0.471500000000006,-0.1880000000000166,14.666666666666666,13.6,0.3,0.3333333333333333,51.0,0,4,5
2022,21,GAS,São Paulo Grand Prix,Brazil,São Paulo,2022-11-13,False,71.0,10,GAS,RB,10.0,14.0,0.0,71.0,Finished,False,False,3,SOFT,SOFT→MEDIUM→SOFT→MEDIUM,19.0,True,True,False,22.432394366197183,43.18732394366197,77.241,75.693,76.704,75.2435,0.5370000000000061,0.44950000000000045,-0.04800000000000182,14.333333333333334,12.2,0.15,0.3333333333333333,35.0,0,7,9
2022,21,HAM,São Paulo Grand Prix,Brazil,São Paulo,2022-11-13,False,71.0,44,HAM,Mercedes,2.0,2.0,18.0,71.0,Finished,False,False,2,SOFT,SOFT→MEDIUM→SOFT,29.0,True,False,False,22.452112676056338,43.27042253521127,75.82050000000001,74.063,76.704,75.2435,-0.8834999999999837,-1.180499999999995,-0.2189999999999941,3.0,4.6,0.05,24.666666666666668,441.0,0,6,11
2022,21,LAT,São Paulo Grand Prix,Brazil,São Paulo,2022-11-13,False,71.0,6,LAT,Williams,18.0,16.0,0.0,71.0,Finished,False,False,3,MEDIUM,MEDIUM→HARD→MEDIUM→SOFT,20.0,True,False,False,22.421126760563382,43.118309859154934,77.762,76.02250000000001,76.704,75.2435,1.058000000000007,0.7790000000000106,0.12299999999999045,14.666666666666666,15.6,0.2,0.6666666666666666,8.0,1,9,13
2022,21,LEC,São Paulo Grand Prix,Brazil,São Paulo,2022-11-13,False,71.0,16,LEC,Ferrari,5.0,4.0,12.0,71.0,Finished,False,False,3,MEDIUM,MEDIUM→MEDIUM→SOFT→SOFT,7.0,True,True,False,22.435211267605634,43.19295774647887,76.102,74.596,76.704,75.2435,-0.6019999999999897,-0.6474999999999937,0.12700000000000955,4.0,3.2,0.15,16.0,462.0,1,2,15
2022,21,MAG,São Paulo Grand Prix,Brazil,São Paulo,2022-11-13,False,71.0,20,MAG,Haas F1 Team,8.0,19.0,0.0,0.0,Collision,True,False,0,MEDIUM,MEDIUM,1.0,False,False,False,23.5,49.5,,,76.704,75.2435,,,0.0,13.333333333333334,13.6,0.2,0.6666666666666666,33.0,1,3,16
2022,21,MSC,São Paulo Grand Prix,Brazil,São Paulo,2022-11-13,False,71.0,47,MSC,Haas F1 Team,12.0,13.0,0.0,71.0,Finished,False,False,2,MEDIUM,MEDIUM→SOFT→SOFT,24.0,True,True,False,22.42816901408451,43.18732394366197,77.242,75.60749999999999,76.704,75.2435,0.5380000000000109,0.3639999999999901,0.0,16.0,14.6,0.10526315789473684,0.6666666666666666,33.0,1,3,17
2022,21,NOR,São Paulo Grand Prix,Brazil,São Paulo,2022-11-13,False,71.0,4,NOR,McLaren,6.0,18.0,0.0,50.0,Gearbox,True,False,2,SOFT,SOFT→MEDIUM→SOFT,24.0,True,False,False,22.84313725490196,44.805882352941175,77.1975,76.613,76.704,75.2435,0.4935000000000116,1.3695000000000022,0.0,8.333333333333334,7.2,0.05,5.666666666666667,139.0,0,5,18
2022,21,OCO,São Paulo Grand Prix,Brazil,São Paulo,2022-11-13,False,71.0,31,OCO,Alpine,16.0,8.0,4.0,71.0,Finished,False,False,2,SOFT,SOFT→MEDIUM→SOFT,24.0,True,True,False,22.43661971830986,43.19154929577465,76.963,75.322,76.704,75.2435,0.25900000000000034,0.07850000000000534,0.8059999999999832,7.666666666666667,10.0,0.1,9.333333333333334,150.0,0,0,19
2022,21,PER,São Paulo Grand Prix,Brazil,São Paulo,2022-11-13,False,71.0,11,PER,Red Bull Racing,4.0,7.0,6.0,71.0,Finished,False,False,2,SOFT,SOFT→MEDIUM→MEDIUM,23.0,True,False,False,22.453521126760563,43.261971830985914,76.228,75.131,76.704,75.2435,-0.4759999999999991,-0.11249999999999716,0.02400000000000091,3.0,3.2,0.15,40.0,670.0,0,8,20
2022,21,RIC,São Paulo Grand Prix,Brazil,São Paulo,2022-11-13,False,71.0,3,RIC,McLaren,11.0,20.0,0.0,0.0,Collision,True,False,0,SOFT,SOFT,1.0,False,False,False,23.5,49.5,,,76.704,75.2435,,,0.0,11.333333333333334,11.2,0.1,5.666666666666667,139.0,0,5,22
2022,21,RUS,São Paulo Grand Prix,Brazil,São Paulo,2022-11-13,False,71.0,63,RUS,Mercedes,1.0,1.0,26.0,71.0,Finished,False,False,2,SOFT,SOFT→MEDIUM→SOFT,24.0,True,False,False,22.456338028169014,43.2830985915493,76.0395,74.0265,76.704,75.2435,-0.6644999999999897,-1.2169999999999987,0.2189999999999941,5.666666666666667,6.8,0.05,24.666666666666668,441.0,0,6,23
2022,21,SAI,São Paulo Grand Prix,Brazil,São Paulo,2022-11-13,False,71.0,55,SAI,Ferrari,7.0,3.0,15.0,71.0,Finished,False,False,3,MEDIUM,MEDIUM→SOFT→MEDIUM→SOFT,17.0,True,False,False,22.44507042253521,43.24647887323944,75.975,74.2285,76.704,75.2435,-0.7289999999999992,-1.0150000000000006,-0.12700000000000955,14.666666666666666,10.2,0.3,16.0,462.0,1,2,24
2022,21,STR,São Paulo Grand Prix,Brazil,São Paulo,2022-11-13,False,71.0,18,STR,Aston Martin,15.0,10.0,1.0,71.0,Finished,False,False,2,MEDIUM,MEDIUM→MEDIUM→SOFT,29.0,True,True,False,22.425352112676055,43.199999999999996,77.114,75.569,76.704,75.2435,0.4100000000000108,0.32550000000000523,0.18600000000000705,15.0,13.8,0.15,4.0,49.0,1,1,26
2022,21,TSU,São Paulo Grand Prix,Brazil,São Paulo,2022-11-13,False,71.0,22,TSU,RB,21.0,17.0,0.0,70.0,+1 Lap,False,False,3,MEDIUM,MEDIUM→SOFT→SOFT→MEDIUM,20.0,True,False,False,22.43285714285714,43.21857142857143,77.289,76.048,76.704,75.2435,0.585000000000008,0.8045000000000044,0.04800000000000182,14.333333333333334,14.4,0.2631578947368421,0.3333333333333333,35.0,1,7,27
2022,21,VER,São Paulo Grand Prix,Brazil,São Paulo,2022-11-13,False,71.0,1,VER,Red Bull Racing,3.0,6.0,8.0,71.0,Finished,False,False,3,SOFT,SOFT→MEDIUM→SOFT→SOFT,7.0,True,True,False,22.430985915492958,43.173239436619724,76.204,74.467,76.704,75.2435,-0.5,-0.7764999999999986,-0.02400000000000091,1.0,2.2,0.1,40.0,670.0,0,8,28
2022,21,VET,São Paulo Grand Prix,Brazil,São Paulo,2022-11-13,False,71.0,5,VET,Aston Martin,9.0,11.0,0.0,71.0,Finished,False,False,2,SOFT,SOFT→MEDIUM→MEDIUM,26.0,True,True,False,22.440845070422533,43.20985915492958,76.928,75.8945,76.704,75.2435,0.22400000000000375,0.6509999999999962,-0.18600000000000705,9.333333333333334,11.2,0.16666666666666666,4.0,49.0,0,1,29
2022,21,ZHO,São Paulo Grand Prix,Brazil,São Paulo,2022-11-13,False,71.0,24,ZHO,Kick Sauber,13.0,12.0,0.0,71.0,Finished,False,False,2,SOFT,SOFT→MEDIUM→SOFT,16.0,True,True,False,22.422535211267604,43.180281690140845,77.095,76.1345,76.704,75.2435,0.39100000000000534,0.8910000000000053,0.18799999999998818,13.666666666666666,14.2,0.25,0.3333333333333333,51.0,0,4,30
2022,22,ALB,Abu Dhabi Grand Prix,Abu Dhabi,Yas Island,2022-11-20,True,58.0,23,ALB,Williams,19.0,13.0,0.0,57.0,+1 Lap,False,False,2,MEDIUM,MEDIUM→HARD→MEDIUM,12.0,False,False,False,28.19473684210526,32.95438596491228,91.661,90.1785,91.2695,89.8605,0.39150000000000773,0.31799999999999784,-0.5519999999999925,13.333333333333334,15.4,0.25,0.0,8.0,1,9,0
2022,22,ALO,Abu Dhabi Grand Prix,Abu Dhabi,Yas Island,2022-11-20,True,58.0,14,ALO,Alpine,10.0,20.0,0.0,27.0,Water leak,True,False,2,MEDIUM,MEDIUM→HARD,19.0,False,False,False,28.41111111111111,33.65555555555556,92.227,90.8765,91.2695,89.8605,0.9575000000000102,1.0159999999999911,1.1480000000000246,10.333333333333334,11.2,0.23809523809523808,8.0,164.0,1,0,1
2022,22,BOT,Abu Dhabi Grand Prix,Abu Dhabi,Yas Island,2022-11-20,True,58.0,77,BOT,Kick Sauber,18.0,15.0,0.0,57.0,+1 Lap,False,False,1,HARD,HARD→MEDIUM,30.0,False,False,False,28.196491228070176,32.96842105263158,92.5605,90.691,91.2695,89.8605,1.291000000000011,0.8305000000000007,0.882000000000005,12.666666666666666,12.8,0.2857142857142857,1.0,53.0,2,4,5
2022,22,GAS,Abu Dhabi Grand Prix,Abu Dhabi,Yas Island,2022-11-20,True,58.0,10,GAS,RB,17.0,14.0,0.0,57.0,+1 Lap,False,False,1,SOFT,SOFT→HARD,14.0,False,False,False,28.19473684210526,32.95789473684211,91.9525,91.2495,91.2695,89.8605,0.6830000000000069,1.3889999999999958,0.588499999999982,13.0,13.4,0.14285714285714285,0.3333333333333333,35.0,0,7,9
2022,22,HAM,Abu Dhabi Grand Prix,Abu Dhabi,Yas Island,2022-11-20,True,58.0,44,HAM,Mercedes,5.0,18.0,0.0,55.0,Hydraulics,True,False,2,MEDIUM,MEDIUM→HARD,18.0,False,False,False,28.21636363636364,33.04727272727273,90.358,90.02799999999999,91.2695,89.8605,-0.9114999999999895,0.16749999999998977,-0.14400000000000546,2.0,4.0,0.047619047619047616,34.666666666666664,485.0,1,6,11
2022,22,LAT,Abu Dhabi Grand Prix,Abu Dhabi,Yas Island,2022-11-20,True,58.0,6,LAT,Williams,20.0,19.0,0.0,55.0,Collision damage,True,False,3,MEDIUM,MEDIUM→HARD→MEDIUM,15.0,False,False,False,28.20909090909091,32.99272727272727,92.213,90.614,91.2695,89.8605,0.9435000000000002,0.7535000000000025,0.5519999999999925,17.0,15.8,0.19047619047619047,0.0,8.0,1,9,13
2022,22,LEC,Abu Dhabi Grand Prix,Abu Dhabi,Yas Island,2022-11-20,True,58.0,16,LEC,Ferrari,3.0,2.0,18.0,58.0,Finished,False,False,1,MEDIUM,MEDIUM→HARD,21.0,False,False,False,28.2,32.99310344827586,90.23,89.795,91.2695,89.8605,-1.0394999999999897,-0.06550000000000011,-0.23900000000000432,4.333333333333333,3.6,0.14285714285714285,20.0,489.0,1,2,15
2022,22,MAG,Abu Dhabi Grand Prix,Abu Dhabi,Yas Island,2022-11-20,True,58.0,20,MAG,Haas F1 Team,16.0,17.0,0.0,57.0,+1 Lap,False,False,1,HARD,HARD→MEDIUM,28.0,False,False,False,28.19473684210526,32.95789473684211,92.64500000000001,91.465,91.2695,89.8605,1.3755000000000166,1.6045000000000016,0.6485000000000127,15.0,14.2,0.23809523809523808,0.6666666666666666,33.0,2,3,16
2022,22,MSC,Abu Dhabi Grand Prix,Abu Dhabi,Yas Island,2022-11-20,True,58.0,47,MSC,Haas F1 Team,12.0,16.0,0.0,57.0,+1 Lap,False,False,2,MEDIUM,MEDIUM→HARD→MEDIUM,14.0,False,False,False,28.19473684210526,32.95438596491228,91.9965,90.65899999999999,91.2695,89.8605,0.7270000000000039,0.79849999999999,-0.6485000000000127,14.666666666666666,14.8,0.1,0.6666666666666666,33.0,1,3,17
2022,22,NOR,Abu Dhabi Grand Prix,Abu Dhabi,Yas Island,2022-11-20,True,58.0,4,NOR,McLaren,7.0,6.0,9.0,58.0,Finished,False,False,2,MEDIUM,MEDIUM→HARD→MEDIUM,15.0,False,False,False,28.196551724137933,32.963793103448275,91.046,89.08850000000001,91.2695,89.8605,-0.22349999999998715,-0.7719999999999914,-0.2750000000000057,11.0,9.4,0.09523809523809523,5.333333333333333,139.0,1,5,18
2022,22,OCO,Abu Dhabi Grand Prix,Abu Dhabi,Yas Island,2022-11-20,True,58.0,31,OCO,Alpine,8.0,7.0,6.0,58.0,Finished,False,False,2,MEDIUM,MEDIUM→HARD→HARD,14.0,False,False,False,28.193103448275863,32.96206896551724,91.079,89.42750000000001,91.2695,89.8605,-0.1905000000000001,-0.4329999999999927,-1.1479999999999961,9.0,9.4,0.09523809523809523,8.0,164.0,1,0,19
2022,22,PER,Abu Dhabi Grand Prix,Abu Dhabi,Yas Island,2022-11-20,True,58.0,11,PER,Red Bull Racing,2.0,3.0,15.0,58.0,Finished,False,False,2,MEDIUM,MEDIUM→HARD→HARD,15.0,False,False,False,28.198275862068964,32.991379310344826,90.185,89.15100000000001,91.2695,89.8605,-1.0844999999999914,-0.7094999999999914,0.06900000000001683,4.666666666666667,3.4,0.14285714285714285,30.333333333333332,684.0,1,8,20
2022,22,RIC,Abu Dhabi Grand Prix,Abu Dhabi,Yas Island,2022-11-20,True,58.0,3,RIC,McLaren,13.0,9.0,2.0,58.0,Finished,False,False,1,MEDIUM,MEDIUM→HARD,19.0,False,False,False,28.191379310344825,32.946551724137926,91.321,90.955,91.2695,89.8605,0.05150000000000432,1.0944999999999965,0.27499999999997726,14.333333333333334,11.8,0.14285714285714285,5.333333333333333,139.0,1,5,22
2022,22,RUS,Abu Dhabi Grand Prix,Abu Dhabi,Yas Island,2022-11-20,True,58.0,63,RUS,Mercedes,6.0,5.0,10.0,58.0,Finished,False,False,2,MEDIUM,MEDIUM→HARD→MEDIUM,15.0,False,False,False,28.196551724137933,32.96896551724138,90.502,88.907,91.2695,89.8605,-0.7674999999999983,-0.9535000000000053,0.14399999999997704,3.3333333333333335,6.4,0.047619047619047616,34.666666666666664,485.0,1,6,23
2022,22,SAI,Abu Dhabi Grand Prix,Abu Dhabi,Yas Island,2022-11-20,True,58.0,55,SAI,Ferrari,4.0,4.0,12.0,58.0,Finished,False,False,2,MEDIUM,MEDIUM→HARD→HARD,17.0,False,False,False,28.196551724137933,32.97586206896552,90.469,89.19,91.2695,89.8605,-0.8004999999999995,-0.6705000000000041,0.2389999999999759,9.333333333333334,10.0,0.2857142857142857,20.0,489.0,1,2,24
2022,22,STR,Abu Dhabi Grand Prix,Abu Dhabi,Yas Island,2022-11-20,True,58.0,18,STR,Aston Martin,14.0,8.0,4.0,58.0,Finished,False,False,2,MEDIUM,MEDIUM→HARD→MEDIUM,13.0,False,False,False,28.193103448275863,32.949999999999996,91.155,89.9095,91.2695,89.8605,-0.1144999999999925,0.04899999999999238,-0.2839999999999918,14.333333333333334,12.2,0.14285714285714285,1.6666666666666667,50.0,1,1,26
2022,22,TSU,Abu Dhabi Grand Prix,Abu Dhabi,Yas Island,2022-11-20,True,58.0,22,TSU,RB,11.0,11.0,0.0,58.0,Finished,False,False,2,MEDIUM,MEDIUM→HARD→SOFT,14.0,False,False,False,28.191379310344825,32.946551724137926,91.364,90.04599999999999,91.2695,89.8605,0.09450000000001069,0.18549999999999045,-0.5885000000000105,15.666666666666666,15.0,0.25,0.3333333333333333,35.0,1,7,27
2022,22,VER,Abu Dhabi Grand Prix,Abu Dhabi,Yas Island,2022-11-20,True,58.0,1,VER,Red Bull Racing,1.0,1.0,25.0,58.0,Finished,False,False,1,MEDIUM,MEDIUM→HARD,20.0,False,False,False,28.201724137931034,32.99310344827586,90.116,89.803,91.2695,89.8605,-1.153499999999994,-0.05750000000000455,-0.0689999999999884,2.6666666666666665,3.2,0.09523809523809523,30.333333333333332,684.0,1,8,28
2022,22,VET,Abu Dhabi Grand Prix,Abu Dhabi,Yas Island,2022-11-20,True,58.0,5,VET,Aston Martin,9.0,10.0,1.0,58.0,Finished,False,False,1,MEDIUM,MEDIUM→HARD,25.0,False,False,False,28.193103448275863,32.960344827586205,91.439,90.69,91.2695,89.8605,0.16949999999999932,0.8294999999999959,0.2839999999999918,11.0,9.4,0.15789473684210525,1.6666666666666667,50.0,1,1,29
2022,22,ZHO,Abu Dhabi Grand Prix,Abu Dhabi,Yas Island,2022-11-20,True,58.0,24,ZHO,Kick Sauber,15.0,12.0,0.0,57.0,+1 Lap,False,False,2,MEDIUM,MEDIUM→HARD→SOFT,15.0,False,False,False,28.19473684210526,32.95438596491228,91.6785,90.42699999999999,91.2695,89.8605,0.409000000000006,0.5664999999999907,-0.882000000000005,12.333333333333334,14.6,0.23809523809523808,1.0,53.0,1,4,30
2023,1,ALB,Bahrain Grand Prix,Bahrain,Sakhir,2023-03-05,False,57.0,23,ALB,Williams,15.0,10.0,1.0,57.0,Finished,False,False,3,SOFT,SOFT→SOFT→HARD→SOFT,11.0,False,False,False,26.719298245614034,29.826315789473682,98.1675,97.524,98.342,97.12,-0.17449999999999477,0.40399999999999636,-0.8654999999999973,13.333333333333334,14.6,,0.0,,0,9,0
2023,1,ALO,Bahrain Grand Prix,Bahrain,Sakhir,2023-03-05,False,57.0,14,ALO,Aston Martin,5.0,3.0,15.0,57.0,Finished,False,False,2,SOFT,SOFT→HARD→HARD,14.0,False,False,False,26.719298245614034,29.83684210526316,97.931,96.84700000000001,98.342,97.12,-0.41100000000000136,-0.27299999999999613,-0.1875,14.666666666666666,11.6,,2.0,,0,1,1
2023,1,BOT,Bahrain Grand Prix,Bahrain,Sakhir,2023-03-05,False,57.0,77,BOT,Kick Sauber,12.0,8.0,4.0,57.0,Finished,False,False,2,SOFT,SOFT→HARD→HARD,11.0,False,False,False,26.721052631578946,29.828070175438597,98.12899999999999,97.699,98.342,97.12,-0.21300000000000807,0.5789999999999935,-1.01400000000001,11.333333333333334,13.6,,1.0,,0,4,5
2023,1,DEV,Bahrain Grand Prix,Bahrain,Sakhir,2023-03-05,False,57.0,21,DEV,RB,19.0,14.0,0.0,56.0,Lapped,False,False,2,SOFT,SOFT→HARD→HARD,11.0,False,False,False,26.72142857142857,29.839285714285715,99.15,98.121,98.342,97.12,0.8080000000000069,1.0009999999999906,0.9950000000000045,9.0,9.0,,0.0,,0,7,7
2023,1,GAS,Bahrain Grand Prix,Bahrain,Sakhir,2023-03-05,False,57.0,10,GAS,Alpine,20.0,9.0,2.0,57.0,Finished,False,False,3,SOFT,SOFT→HARD→HARD→SOFT,9.0,False,False,False,26.717543859649126,29.826315789473682,98.14,96.153,98.342,97.12,-0.20199999999999818,-0.9669999999999987,-1.3920000000000243,13.0,14.2,,8.0,,0,0,9
2023,1,HAM,Bahrain Grand Prix,Bahrain,Sakhir,2023-03-05,False,57.0,44,HAM,Mercedes,7.0,5.0,10.0,57.0,Finished,False,False,2,SOFT,SOFT→HARD→HARD,12.0,False,False,False,26.717543859649126,29.83684210526316,98.304,97.24950000000001,98.342,97.12,-0.0379999999999967,0.12950000000000728,0.12899999999999068,7.333333333333333,5.8,,28.333333333333332,,0,6,11
2023,1,HUL,Bahrain Grand Prix,Bahrain,Sakhir,2023-03-05,False,57.0,27,HUL,Haas F1 Team,10.0,15.0,0.0,56.0,Lapped,False,False,3,SOFT,SOFT→HARD→HARD→SOFT,11.0,False,False,False,26.719642857142855,29.833928571428572,98.564,97.076,98.342,97.12,0.2219999999999942,-0.04400000000001114,-0.2150000000000034,14.5,14.5,,0.0,,0,3,12
2023,1,LEC,Bahrain Grand Prix,Bahrain,Sakhir,2023-03-05,False,57.0,16,LEC,Ferrari,3.0,19.0,0.0,39.0,Retired,True,False,2,SOFT,SOFT→HARD→HARD,13.0,False,False,False,26.880000000000003,30.205000000000002,98.509,97.30000000000001,98.342,97.12,0.1670000000000016,0.18000000000000682,0.2990000000000066,4.0,3.6,,25.0,,0,2,15
2023,1,MAG,Bahrain Grand Prix,Bahrain,Sakhir,2023-03-05,False,57.0,20,MAG,Haas F1 Team,17.0,13.0,0.0,56.0,Lapped,False,False,3,HARD,HARD→HARD→SOFT→SOFT,15.0,False,False,False,26.72142857142857,29.839285714285715,98.779,97.126,98.342,97.12,0.4369999999999976,0.006000000000000227,0.2150000000000034,17.666666666666668,15.2,,0.0,,2,3,16
2023,1,NOR,Bahrain Grand Prix,Bahrain,Sakhir,2023-03-05,False,57.0,4,NOR,McLaren,11.0,17.0,0.0,55.0,Lapped,False,False,6,SOFT,SOFT→HARD→SOFT→MEDIUM→HARD→SOFT→SOFT,10.0,False,False,False,26.727272727272727,29.843636363636364,98.345,96.584,98.342,97.12,0.0030000000000001137,-0.5360000000000014,-2.811000000000007,11.0,9.8,,6.333333333333333,,0,5,18
2023,1,OCO,Bahrain Grand Prix,Bahrain,Sakhir,2023-03-05,False,57.0,31,OCO,Alpine,9.0,18.0,0.0,41.0,Retired,True,False,4,SOFT,SOFT→HARD→HARD→HARD,12.0,False,False,False,26.863414634146345,30.156097560975613,99.53200000000001,97.27699999999999,98.342,97.12,1.190000000000012,0.15699999999998226,1.391999999999996,7.666666666666667,7.6,,8.0,,0,0,19
2023,1,PER,Bahrain Grand Prix,Bahrain,Sakhir,2023-03-05,False,57.0,11,PER,Red Bull Racing,2.0,2.0,18.0,57.0,Finished,False,False,2,SOFT,SOFT→SOFT→HARD,17.0,False,False,False,26.721052631578946,29.847368421052632,97.3935,96.5615,98.342,97.12,-0.9484999999999957,-0.5585000000000093,-0.18299999999999272,4.333333333333333,3.8,,31.333333333333332,,0,8,20
2023,1,PIA,Bahrain Grand Prix,Bahrain,Sakhir,2023-03-05,False,57.0,81,PIA,McLaren,18.0,20.0,0.0,13.0,Retired,True,False,1,SOFT,SOFT,13.0,False,False,False,27.16923076923077,30.853846153846156,101.156,100.7045,98.342,97.12,2.814000000000007,3.5844999999999914,2.811000000000007,,,,6.333333333333333,,0,5,21
2023,1,RUS,Bahrain Grand Prix,Bahrain,Sakhir,2023-03-05,False,57.0,63,RUS,Mercedes,6.0,7.0,6.0,57.0,Finished,False,False,2,SOFT,SOFT→HARD→HARD,13.0,False,False,False,26.717543859649126,29.831578947368424,98.17500000000001,97.4075,98.342,97.12,-0.16699999999998738,0.2874999999999943,-0.12899999999999068,3.3333333333333335,4.6,,28.333333333333332,,0,6,23
2023,1,SAI,Bahrain Grand Prix,Bahrain,Sakhir,2023-03-05,False,57.0,55,SAI,Ferrari,4.0,4.0,12.0,57.0,Finished,False,False,2,SOFT,SOFT→HARD→HARD,13.0,False,False,False,26.71578947368421,29.842105263157894,98.21,97.422,98.342,97.12,-0.132000000000005,0.3019999999999925,-0.2990000000000066,4.0,10.2,,25.0,,0,2,24
2023,1,SAR,Bahrain Grand Prix,Bahrain,Sakhir,2023-03-05,False,57.0,2,SAR,Williams,16.0,12.0,0.0,56.0,Lapped,False,False,3,SOFT,SOFT→SOFT→HARD→SOFT,12.0,False,False,False,26.724999999999998,29.84642857142857,99.033,97.227,98.342,97.12,0.6910000000000025,0.10699999999999932,0.8654999999999973,,,,0.0,,0,9,25
2023,1,STR,Bahrain Grand Prix,Bahrain,Sakhir,2023-03-05,False,57.0,18,STR,Aston Martin,8.0,6.0,8.0,57.0,Finished,False,False,2,SOFT,SOFT→HARD→HARD,15.0,False,False,False,26.717543859649126,29.82982456140351,98.1185,97.2655,98.342,97.12,-0.22350000000000136,0.1454999999999984,0.1875,11.0,12.6,,2.0,,0,1,26
2023,1,TSU,Bahrain Grand Prix,Bahrain,Sakhir,2023-03-05,False,57.0,22,TSU,RB,14.0,11.0,0.0,57.0,Finished,False,False,3,SOFT,SOFT→HARD→HARD→SOFT,10.0,False,False,False,26.719298245614034,29.826315789473682,98.155,97.24799999999999,98.342,97.12,-0.1869999999999976,0.1279999999999859,-0.9950000000000045,16.0,14.2,,0.0,,0,7,27
2023,1,VER,Bahrain Grand Prix,Bahrain,Sakhir,2023-03-05,False,57.0,1,VER,Red Bull Racing,1.0,1.0,25.0,57.0,Finished,False,False,2,SOFT,SOFT→SOFT→HARD,14.0,False,False,False,26.719298245614034,29.850877192982455,97.5765,96.562,98.342,97.12,-0.765500000000003,-0.5580000000000069,0.18299999999999272,2.6666666666666665,2.0,,31.333333333333332,,0,8,28
2023,1,ZHO,Bahrain Grand Prix,Bahrain,Sakhir,2023-03-05,False,57.0,24,ZHO,Kick Sauber,13.0,16.0,0.0,56.0,Lapped,False,False,3,SOFT,SOFT→HARD→SOFT→SOFT,12.0,False,False,False,26.724999999999998,29.844642857142855,99.143,97.957,98.342,97.12,0.8010000000000019,0.8369999999999891,1.01400000000001,12.333333333333334,13.0,,1.0,,0,4,30
2023,2,ALB,Saudi Arabian Grand Prix,Saudi Arabia,Jeddah,2023-03-19,True,50.0,23,ALB,Williams,17.0,19.0,0.0,27.0,Retired,True,False,2,MEDIUM,MEDIUM→HARD,17.0,True,False,False,26.18148148148148,31.348148148148148,96.878,95.7835,95.158,93.238,1.7199999999999989,2.545500000000004,0.9579999999999984,12.666666666666666,12.6,0.0,0.3333333333333333,1.0,1,9,0
2023,2,ALO,Saudi Arabian Grand Prix,Saudi Arabia,Jeddah,2023-03-19,True,50.0,14,ALO,Aston Martin,2.0,3.0,15.0,50.0,Finished,False,False,1,MEDIUM,MEDIUM→HARD,18.0,True,False,False,26.144000000000002,30.936,94.09049999999999,92.887,95.158,93.238,-1.0675000000000097,-0.3509999999999991,-1.4695000000000107,9.333333333333334,10.8,0.0,9.666666666666666,23.0,1,1,1
2023,2,BOT,Saudi Arabian Grand Prix,Saudi Arabia,Jeddah,2023-03-19,True,50.0,77,BOT,Kick Sauber,14.0,18.0,0.0,49.0,Lapped,False,False,3,MEDIUM,MEDIUM→HARD→MEDIUM→SOFT,9.0,True,False,False,26.140816326530615,30.942857142857143,96.24350000000001,95.255,95.158,93.238,1.0855000000000103,2.016999999999996,0.8464999999999918,10.666666666666666,12.2,0.0,2.0,4.0,1,4,5
2023,2,DEV,Saudi Arabian Grand Prix,Saudi Arabia,Jeddah,2023-03-19,True,50.0,21,DEV,RB,18.0,14.0,0.0,50.0,Finished,False,False,1,MEDIUM,MEDIUM→HARD,17.0,True,False,False,26.142,30.95,95.759,94.135,95.158,93.238,0.6009999999999991,0.8970000000000056,0.3669999999999902,11.5,11.5,0.0,0.0,0.0,1,7,7
2023,2,GAS,Saudi Arabian Grand Prix,Saudi Arabia,Jeddah,2023-03-19,True,50.0,10,GAS,Alpine,9.0,9.0,2.0,50.0,Finished,False,False,1,MEDIUM,MEDIUM→HARD,14.0,True,False,False,26.142,30.948,94.735,93.815,95.158,93.238,-0.4230000000000018,0.5769999999999982,-0.10100000000002751,12.333333333333334,12.4,0.0,7.333333333333333,2.0,1,0,9
2023,2,HAM,Saudi Arabian Grand Prix,Saudi Arabia,Jeddah,2023-03-19,True,50.0,44,HAM,Mercedes,7.0,5.0,10.0,50.0,Finished,False,False,1,HARD,HARD→MEDIUM,18.0,True,False,False,26.146,30.956,94.21000000000001,93.099,95.158,93.238,-0.9479999999999933,-0.1389999999999958,0.09800000000001319,8.333333333333334,5.8,0.0,23.333333333333332,16.0,2,6,11
2023,2,HUL,Saudi Arabian Grand Prix,Saudi Arabia,Jeddah,2023-03-19,True,50.0,27,HUL,Haas F1 Team,10.0,12.0,0.0,50.0,Finished,False,False,1,MEDIUM,MEDIUM→HARD,11.0,True,False,False,26.14,30.951999999999998,95.533,94.0765,95.158,93.238,0.375,0.8384999999999962,0.2539999999999907,14.666666666666666,14.666666666666666,0.0,0.0,0.0,1,3,12
2023,2,LEC,Saudi Arabian Grand Prix,Saudi Arabia,Jeddah,2023-03-19,True,50.0,16,LEC,Ferrari,12.0,7.0,6.0,50.0,Finished,False,False,1,SOFT,SOFT→HARD,16.0,True,False,False,26.144000000000002,30.95,94.645,93.35300000000001,95.158,93.238,-0.5130000000000052,0.1150000000000091,0.22999999999998977,8.333333333333334,6.8,1.0,23.0,12.0,0,2,15
2023,2,MAG,Saudi Arabian Grand Prix,Saudi Arabia,Jeddah,2023-03-19,True,50.0,20,MAG,Haas F1 Team,13.0,10.0,1.0,50.0,Finished,False,False,1,MEDIUM,MEDIUM→HARD,8.0,True,False,False,26.14,30.948,95.279,93.83099999999999,95.158,93.238,0.12099999999999511,0.5929999999999893,-0.2540000000000191,16.333333333333332,15.0,0.0,0.0,0.0,1,3,16
2023,2,NOR,Saudi Arabian Grand Prix,Saudi Arabia,Jeddah,2023-03-19,True,50.0,4,NOR,McLaren,19.0,17.0,0.0,50.0,Finished,False,False,2,SOFT,SOFT→HARD→MEDIUM,2.0,True,False,False,26.138,30.93,95.549,94.8445,95.158,93.238,0.39100000000000534,1.606499999999997,-0.08099999999998886,13.666666666666666,11.2,0.0,3.6666666666666665,0.0,0,5,18
2023,2,OCO,Saudi Arabian Grand Prix,Saudi Arabia,Jeddah,2023-03-19,True,50.0,31,OCO,Alpine,6.0,8.0,4.0,50.0,Finished,False,False,1,MEDIUM,MEDIUM→HARD,16.0,True,False,False,26.144000000000002,30.95,94.83600000000001,93.83349999999999,95.158,93.238,-0.3219999999999885,0.595499999999987,0.10099999999999909,11.0,10.4,1.0,7.333333333333333,2.0,1,0,19
2023,2,PER,Saudi Arabian Grand Prix,Saudi Arabia,Jeddah,2023-03-19,True,50.0,11,PER,Red Bull Racing,1.0,1.0,25.0,50.0,Finished,False,False,1,MEDIUM,MEDIUM→HARD,18.0,True,False,False,26.146,30.934,93.24799999999999,92.294,95.158,93.238,-1.9100000000000108,-0.9440000000000026,0.05500000000000682,4.0,3.8,0.0,32.333333333333336,43.0,1,8,20
2023,2,PIA,Saudi Arabian Grand Prix,Saudi Arabia,Jeddah,2023-03-19,True,50.0,81,PIA,McLaren,8.0,15.0,0.0,50.0,Finished,False,False,1,MEDIUM,MEDIUM→HARD,1.0,True,False,False,26.142,30.941999999999997,95.63,94.488,95.158,93.238,0.4719999999999942,1.25,0.08099999999998886,20.0,20.0,1.0,3.6666666666666665,0.0,1,5,21
2023,2,RUS,Saudi Arabian Grand Prix,Saudi Arabia,Jeddah,2023-03-19,True,50.0,63,RUS,Mercedes,3.0,4.0,12.0,50.0,Finished,False,False,1,MEDIUM,MEDIUM→HARD,18.0,True,False,False,26.144000000000002,30.945999999999998,94.112,92.982,95.158,93.238,-1.0460000000000065,-0.2560000000000002,-0.09800000000001319,4.333333333333333,4.4,0.0,23.333333333333332,16.0,1,6,23
2023,2,SAI,Saudi Arabian Grand Prix,Saudi Arabia,Jeddah,2023-03-19,True,50.0,55,SAI,Ferrari,4.0,6.0,8.0,50.0,Finished,False,False,1,MEDIUM,MEDIUM→HARD,15.0,True,False,False,26.142,30.934,94.415,93.2185,95.158,93.238,-0.742999999999995,-0.019499999999993634,-0.22999999999998977,3.6666666666666665,7.2,0.0,23.0,12.0,1,2,24
2023,2,SAR,Saudi Arabian Grand Prix,Saudi Arabia,Jeddah,2023-03-19,True,50.0,2,SAR,Williams,20.0,16.0,0.0,50.0,Finished,False,False,1,HARD,HARD→MEDIUM,18.0,True,False,False,26.14,30.941999999999997,95.92,94.896,95.158,93.238,0.7620000000000005,1.6580000000000013,-0.9579999999999984,12.0,12.0,0.0,0.3333333333333333,1.0,2,9,25
2023,2,STR,Saudi Arabian Grand Prix,Saudi Arabia,Jeddah,2023-03-19,True,50.0,18,STR,Aston Martin,5.0,20.0,0.0,16.0,Retired,True,False,1,MEDIUM,MEDIUM→HARD,13.0,False,False,False,26.22941176470588,31.517647058823528,95.56,95.18950000000001,95.158,93.238,0.402000000000001,1.95150000000001,1.4695000000000107,8.0,11.4,0.0,9.666666666666666,23.0,1,1,26
2023,2,TSU,Saudi Arabian Grand Prix,Saudi Arabia,Jeddah,2023-03-19,True,50.0,22,TSU,RB,16.0,11.0,0.0,50.0,Finished,False,False,1,MEDIUM,MEDIUM→HARD,17.0,True,False,False,26.142,30.95,95.392,94.125,95.158,93.238,0.23399999999999466,0.8870000000000005,-0.36700000000001864,13.0,13.8,0.0,0.0,0.0,1,7,27
2023,2,VER,Saudi Arabian Grand Prix,Saudi Arabia,Jeddah,2023-03-19,True,50.0,1,VER,Red Bull Racing,15.0,2.0,19.0,50.0,Finished,False,False,1,MEDIUM,MEDIUM→HARD,18.0,True,False,False,26.148000000000003,30.944000000000003,93.193,92.343,95.158,93.238,-1.9650000000000034,-0.894999999999996,-0.0549999999999784,2.6666666666666665,2.0,0.0,32.333333333333336,43.0,1,8,28
2023,2,ZHO,Saudi Arabian Grand Prix,Saudi Arabia,Jeddah,2023-03-19,True,50.0,24,ZHO,Kick Sauber,11.0,13.0,0.0,50.0,Finished,False,False,2,MEDIUM,MEDIUM→HARD→MEDIUM,11.0,True,False,False,26.14,30.951999999999998,95.397,94.2715,95.158,93.238,0.23900000000000432,1.0335000000000036,-0.8465000000000202,13.333333333333334,13.0,0.0,2.0,4.0,1,4,30
2023,3,ALB,Australian Grand Prix,Australia,Melbourne,2023-04-02,True,58.0,23,ALB,Williams,8.0,19.0,0.0,6.0,Retired,True,False,0,MEDIUM,MEDIUM,7.0,True,False,False,17.685714285714287,33.98571428571429,83.639,83.349,82.595,81.273,1.043999999999997,2.0760000000000076,-0.38349999999999795,14.0,13.8,0.5,0.3333333333333333,1.0,1,9,0
2023,3,ALO,Australian Grand Prix,Australia,Melbourne,2023-04-02,True,58.0,14,ALO,Aston Martin,4.0,3.0,15.0,58.0,Finished,False,False,3,MEDIUM,MEDIUM→HARD→SOFT→SOFT,8.0,True,False,False,17.70862068965517,30.906896551724138,82.021,80.734,82.595,81.273,-0.5739999999999981,-0.5390000000000015,-0.13399999999998613,8.666666666666666,10.0,0.0,14.333333333333334,38.0,1,1,1
2023,3,BOT,Australian Grand Prix,Australia,Melbourne,2023-04-02,True,58.0,77,BOT,Kick Sauber,19.0,11.0,0.0,58.0,Finished,False,False,6,SOFT,SOFT→HARD→HARD→SOFT→SOFT→SOFT→SOFT,1.0,True,False,False,17.7,30.860344827586207,83.43950000000001,82.4205,82.595,81.273,0.8445000000000107,1.147500000000008,0.20350000000001955,13.666666666666666,12.0,0.0,1.3333333333333333,4.0,0,4,5
2023,3,DEV,Australian Grand Prix,Australia,Melbourne,2023-04-02,True,58.0,21,DEV,RB,15.0,15.0,0.0,56.0,Retired,True,False,4,HARD,HARD→MEDIUM→SOFT→SOFT→SOFT,8.0,True,False,False,17.71578947368421,31.00877192982456,84.158,81.512,82.595,81.273,1.5630000000000024,0.23900000000000432,0.7874999999999943,12.333333333333334,12.333333333333334,0.0,0.0,0.0,2,7,7
2023,3,GAS,Australian Grand Prix,Australia,Melbourne,2023-04-02,True,58.0,10,GAS,Alpine,9.0,13.0,0.0,56.0,Retired,True,False,2,SOFT,SOFT→HARD→SOFT,8.0,True,False,False,17.733333333333334,31.06842105263158,81.964,81.177,82.595,81.273,-0.6310000000000002,-0.09599999999998943,-0.10699999999999932,10.666666666666666,11.4,0.0,4.666666666666667,8.0,0,0,9
2023,3,HAM,Australian Grand Prix,Australia,Melbourne,2023-04-02,True,58.0,44,HAM,Mercedes,3.0,2.0,18.0,58.0,Finished,False,False,3,MEDIUM,MEDIUM→HARD→SOFT→SOFT,8.0,True,False,False,17.71896551724138,30.98448275862069,82.12,80.816,82.595,81.273,-0.4749999999999943,-0.45699999999999363,-1.0389999999999873,9.333333333333334,6.4,0.0,16.0,38.0,1,6,11
2023,3,HUL,Australian Grand Prix,Australia,Melbourne,2023-04-02,True,58.0,27,HUL,Haas F1 Team,10.0,7.0,6.0,58.0,Finished,False,False,3,MEDIUM,MEDIUM→HARD→SOFT→SOFT,8.0,True,False,False,17.71379310344828,30.900000000000002,82.397,81.544,82.595,81.273,-0.1979999999999933,0.2710000000000008,-0.8284999999999911,13.0,14.0,0.0,0.3333333333333333,1.0,1,3,12
2023,3,LEC,Australian Grand Prix,Australia,Melbourne,2023-04-02,True,58.0,16,LEC,Ferrari,7.0,20.0,0.0,0.0,Retired,True,False,0,MEDIUM,MEDIUM,1.0,False,False,False,17.4,34.4,,,82.595,81.273,,,0.0,9.333333333333334,7.6,0.5,18.666666666666668,26.0,1,2,15
2023,3,MAG,Australian Grand Prix,Australia,Melbourne,2023-04-02,True,58.0,20,MAG,Haas F1 Team,14.0,17.0,0.0,52.0,Retired,True,False,2,MEDIUM,MEDIUM→HARD→HARD,7.0,True,False,False,17.762264150943395,31.31320754716981,83.2255,81.963,82.595,81.273,0.6304999999999978,0.6899999999999977,0.8284999999999911,13.333333333333334,15.2,0.0,0.3333333333333333,1.0,1,3,16
2023,3,NOR,Australian Grand Prix,Australia,Melbourne,2023-04-02,True,58.0,4,NOR,McLaren,13.0,6.0,8.0,58.0,Finished,False,False,3,MEDIUM,MEDIUM→HARD→SOFT→SOFT,8.0,True,False,False,17.71379310344828,30.901724137931033,82.294,81.482,82.595,81.273,-0.30100000000000193,0.20900000000000318,-0.3680000000000234,13.333333333333334,13.4,0.0,3.6666666666666665,0.0,1,5,18
2023,3,OCO,Australian Grand Prix,Australia,Melbourne,2023-04-02,True,58.0,31,OCO,Alpine,11.0,14.0,0.0,56.0,Retired,True,False,3,SOFT,SOFT→HARD→HARD→SOFT,1.0,True,False,False,17.729824561403507,31.06842105263158,82.071,81.382,82.595,81.273,-0.5240000000000009,0.10900000000000887,0.10699999999999932,11.0,9.8,0.5,4.666666666666667,8.0,0,0,19
2023,3,PER,Australian Grand Prix,Australia,Melbourne,2023-04-02,True,58.0,11,PER,Red Bull Racing,20.0,5.0,11.0,58.0,Finished,False,False,5,HARD,HARD→MEDIUM→HARD→HARD→SOFT→SOFT,1.0,True,False,False,17.71206896551724,30.901724137931033,81.918,80.747,82.595,81.273,-0.6769999999999925,-0.5259999999999962,-0.006000000000000227,2.0,3.2,0.0,42.333333333333336,87.0,2,8,20
2023,3,PIA,Australian Grand Prix,Australia,Melbourne,2023-04-02,True,58.0,81,PIA,McLaren,16.0,8.0,4.0,58.0,Finished,False,False,4,MEDIUM,MEDIUM→HARD→SOFT→SOFT→SOFT,8.0,True,False,False,17.71034482758621,30.886206896551727,82.662,81.683,82.595,81.273,0.06700000000000728,0.4100000000000108,0.367999999999995,17.5,17.5,0.5,3.6666666666666665,0.0,1,5,21
2023,3,RUS,Australian Grand Prix,Australia,Melbourne,2023-04-02,True,58.0,63,RUS,Mercedes,2.0,18.0,0.0,17.0,Retired,True,False,2,MEDIUM,MEDIUM→HARD→HARD,7.0,True,False,False,17.827777777777776,33.0,83.159,82.8765,82.595,81.273,0.5640000000000072,1.6034999999999968,1.0390000000000157,5.333333333333333,4.2,0.0,16.0,38.0,1,6,23
2023,3,SAI,Australian Grand Prix,Australia,Melbourne,2023-04-02,True,58.0,55,SAI,Ferrari,5.0,12.0,0.0,58.0,Finished,False,False,4,MEDIUM,MEDIUM→HARD→HARD→SOFT→SOFT,7.0,True,False,False,17.71034482758621,30.905172413793103,81.942,81.033,82.595,81.273,-0.6530000000000058,-0.23999999999999488,0.0,4.666666666666667,4.4,0.0,18.666666666666668,26.0,1,2,24
2023,3,SAR,Australian Grand Prix,Australia,Melbourne,2023-04-02,True,58.0,2,SAR,Williams,18.0,16.0,0.0,56.0,Retired,True,False,6,HARD,HARD→MEDIUM→HARD→MEDIUM→HARD→SOFT→SOFT,1.0,True,False,False,17.72105263157895,31.03157894736842,84.02250000000001,81.7255,82.595,81.273,1.427500000000009,0.45250000000000057,0.3835000000000264,14.0,14.0,0.0,0.3333333333333333,1.0,2,9,25
2023,3,STR,Australian Grand Prix,Australia,Melbourne,2023-04-02,True,58.0,18,STR,Aston Martin,6.0,4.0,12.0,58.0,Finished,False,False,3,MEDIUM,MEDIUM→HARD→SOFT→SOFT,8.0,True,False,False,17.71206896551724,30.903448275862072,82.155,81.133,82.595,81.273,-0.4399999999999977,-0.14000000000000057,0.13400000000001455,11.333333333333334,11.8,0.5,14.333333333333334,38.0,1,1,26
2023,3,TSU,Australian Grand Prix,Australia,Melbourne,2023-04-02,True,58.0,22,TSU,RB,12.0,10.0,1.0,58.0,Finished,False,False,4,MEDIUM,MEDIUM→HARD→SOFT→SOFT→SOFT,8.0,True,False,False,17.70862068965517,30.88103448275862,83.37049999999999,82.0255,82.595,81.273,0.7754999999999939,0.7524999999999977,-0.7875000000000227,11.0,14.0,0.0,0.0,0.0,1,7,27
2023,3,VER,Australian Grand Prix,Australia,Melbourne,2023-04-02,True,58.0,1,VER,Red Bull Racing,1.0,1.0,25.0,58.0,Finished,False,False,3,MEDIUM,MEDIUM→HARD→SOFT→SOFT,8.0,True,False,False,17.717241379310344,30.981034482758623,81.924,80.703,82.595,81.273,-0.6709999999999923,-0.5699999999999932,0.006000000000000227,1.3333333333333333,2.2,0.0,42.333333333333336,87.0,1,8,28
2023,3,ZHO,Australian Grand Prix,Australia,Melbourne,2023-04-02,True,58.0,24,ZHO,Kick Sauber,17.0,9.0,2.0,58.0,Finished,False,False,5,SOFT,SOFT→HARD→HARD→SOFT→SOFT→SOFT,1.0,True,False,False,17.70862068965517,30.88103448275862,83.23599999999999,81.9595,82.595,81.273,0.6409999999999911,0.6865000000000094,-0.20350000000001955,13.666666666666666,13.2,0.0,1.3333333333333333,4.0,0,4,30
2023,4,ALB,Azerbaijan Grand Prix,Azerbaijan,Baku,2023-04-30,True,51.0,23,ALB,Williams,12.0,12.0,0.0,51.0,Finished,False,False,1,MEDIUM,MEDIUM→HARD,7.0,True,False,False,25.188235294117646,40.13725490196079,107.745,106.6105,107.155,105.504,0.5900000000000034,1.106499999999997,-0.18849999999997635,16.0,15.2,0.6666666666666666,0.3333333333333333,1.0,1,9,0
2023,4,ALO,Azerbaijan Grand Prix,Azerbaijan,Baku,2023-04-30,True,51.0,14,ALO,Aston Martin,6.0,4.0,12.0,51.0,Finished,False,False,1,MEDIUM,MEDIUM→HARD,11.0,True,False,False,25.194117647058825,40.1764705882353,106.162,104.673,107.155,105.504,-0.992999999999995,-0.8310000000000031,-0.6009999999999991,3.0,6.8,0.0,21.666666666666668,65.0,1,1,1
2023,4,BOT,Azerbaijan Grand Prix,Azerbaijan,Baku,2023-04-30,True,51.0,77,BOT,Kick Sauber,13.0,18.0,0.0,50.0,Lapped,False,False,3,MEDIUM,MEDIUM→HARD→HARD→MEDIUM,6.0,True,False,False,25.188000000000002,40.22,108.097,106.67,107.155,105.504,0.9419999999999931,1.1659999999999968,-0.27549999999999386,12.333333333333334,12.2,0.0,2.0,6.0,1,4,5
2023,4,DEV,Azerbaijan Grand Prix,Azerbaijan,Baku,2023-04-30,True,51.0,21,DEV,RB,18.0,20.0,0.0,9.0,Retired,True,False,0,HARD,HARD,10.0,False,False,False,24.96,42.660000000000004,109.295,108.781,107.155,105.504,2.1400000000000006,3.277000000000001,1.7125000000000057,14.333333333333334,13.0,0.3333333333333333,0.3333333333333333,1.0,2,7,7
2023,4,GAS,Azerbaijan Grand Prix,Azerbaijan,Baku,2023-04-30,True,51.0,10,GAS,Alpine,17.0,14.0,0.0,51.0,Finished,False,False,2,MEDIUM,MEDIUM→HARD→HARD,5.0,True,False,False,25.182352941176468,40.11960784313725,106.989,105.6875,107.155,105.504,-0.16599999999999682,0.1834999999999951,-0.5805000000000007,10.333333333333334,11.8,0.3333333333333333,2.6666666666666665,8.0,1,0,9
2023,4,HAM,Azerbaijan Grand Prix,Azerbaijan,Baku,2023-04-30,True,51.0,44,HAM,Mercedes,5.0,6.0,8.0,51.0,Finished,False,False,1,MEDIUM,MEDIUM→HARD,9.0,True,False,False,25.1843137254902,40.17843137254902,106.678,105.54,107.155,105.504,-0.47700000000000387,0.036000000000001364,-0.21300000000002228,4.0,6.4,0.0,18.666666666666668,56.0,1,6,11
2023,4,HUL,Azerbaijan Grand Prix,Azerbaijan,Baku,2023-04-30,True,51.0,27,HUL,Haas F1 Team,20.0,17.0,0.0,50.0,Lapped,False,False,1,HARD,HARD→SOFT,49.0,True,False,False,25.195999999999998,40.246,107.678,106.8635,107.155,105.504,0.5229999999999961,1.359499999999997,0.04599999999999227,11.333333333333334,12.6,0.0,2.3333333333333335,7.0,2,3,12
2023,4,LEC,Azerbaijan Grand Prix,Azerbaijan,Baku,2023-04-30,True,51.0,16,LEC,Ferrari,1.0,3.0,15.0,51.0,Finished,False,False,1,MEDIUM,MEDIUM→HARD,11.0,True,False,False,25.194117647058825,40.17058823529411,106.345,104.977,107.155,105.504,-0.8100000000000023,-0.527000000000001,-0.39799999999999613,15.333333333333334,10.4,0.6666666666666666,8.666666666666666,26.0,1,2,15
2023,4,MAG,Azerbaijan Grand Prix,Azerbaijan,Baku,2023-04-30,True,51.0,20,MAG,Haas F1 Team,16.0,13.0,0.0,51.0,Finished,False,False,1,MEDIUM,MEDIUM→HARD,10.0,True,False,False,25.188235294117646,40.135294117647064,107.632,106.653,107.155,105.504,0.47700000000000387,1.149000000000001,-0.04599999999999227,13.333333333333334,15.2,0.3333333333333333,2.3333333333333335,7.0,1,3,16
2023,4,NOR,Azerbaijan Grand Prix,Azerbaijan,Baku,2023-04-30,True,51.0,4,NOR,McLaren,7.0,9.0,2.0,51.0,Finished,False,False,1,MEDIUM,MEDIUM→HARD,9.0,True,False,False,25.186274509803923,40.141176470588235,107.445,106.197,107.155,105.504,0.28999999999999204,0.6929999999999978,-0.10900000000000887,13.333333333333334,12.8,0.0,4.0,12.0,1,5,18
2023,4,OCO,Azerbaijan Grand Prix,Azerbaijan,Baku,2023-04-30,True,51.0,31,OCO,Alpine,19.0,15.0,0.0,51.0,Finished,False,False,1,HARD,HARD→SOFT,50.0,True,False,False,25.1843137254902,40.14901960784314,107.5695,106.6065,107.155,105.504,0.41450000000000387,1.102499999999992,0.5805000000000007,13.333333333333334,11.0,0.6666666666666666,2.6666666666666665,8.0,2,0,19
2023,4,PER,Azerbaijan Grand Prix,Azerbaijan,Baku,2023-04-30,True,51.0,11,PER,Red Bull Racing,3.0,1.0,25.0,51.0,Finished,False,False,1,MEDIUM,MEDIUM→HARD,11.0,True,False,False,25.198039215686272,40.21764705882353,105.518,104.869,107.155,105.504,-1.6370000000000005,-0.6350000000000051,0.03249999999999886,2.6666666666666665,3.6,0.0,41.0,123.0,1,8,20
2023,4,PIA,Azerbaijan Grand Prix,Azerbaijan,Baku,2023-04-30,True,51.0,81,PIA,McLaren,10.0,11.0,0.0,51.0,Finished,False,False,1,MEDIUM,MEDIUM→HARD,8.0,True,False,False,25.188235294117646,40.14705882352941,107.554,106.864,107.155,105.504,0.3990000000000009,1.3599999999999994,0.10900000000000887,14.333333333333334,14.333333333333334,0.3333333333333333,4.0,12.0,1,5,21
2023,4,RUS,Azerbaijan Grand Prix,Azerbaijan,Baku,2023-04-30,True,51.0,63,RUS,Mercedes,11.0,8.0,5.0,51.0,Finished,False,False,2,MEDIUM,MEDIUM→HARD→SOFT,11.0,True,False,False,25.182352941176468,40.17058823529411,106.891,105.74,107.155,105.504,-0.2639999999999958,0.23599999999999,0.21299999999999386,9.666666666666666,7.0,0.3333333333333333,18.666666666666668,56.0,1,6,23
2023,4,SAI,Azerbaijan Grand Prix,Azerbaijan,Baku,2023-04-30,True,51.0,55,SAI,Ferrari,4.0,5.0,10.0,51.0,Finished,False,False,1,MEDIUM,MEDIUM→HARD,11.0,True,False,False,25.188235294117646,40.18627450980392,106.743,105.533,107.155,105.504,-0.41200000000000614,0.028999999999996362,0.39799999999999613,7.333333333333333,5.8,0.0,8.666666666666666,26.0,1,2,24
2023,4,SAR,Azerbaijan Grand Prix,Azerbaijan,Baku,2023-04-30,True,51.0,2,SAR,Williams,14.0,16.0,0.0,51.0,Finished,False,False,1,MEDIUM,MEDIUM→HARD,8.0,True,False,False,25.1843137254902,40.11960784313725,107.9335,106.6975,107.155,105.504,0.778499999999994,1.1935000000000002,0.18850000000000477,14.666666666666666,14.666666666666666,0.3333333333333333,0.3333333333333333,1.0,1,9,25
2023,4,STR,Azerbaijan Grand Prix,Azerbaijan,Baku,2023-04-30,True,51.0,18,STR,Aston Martin,9.0,7.0,6.0,51.0,Finished,False,False,1,MEDIUM,MEDIUM→HARD,11.0,True,False,False,25.1843137254902,40.1764705882353,106.763,105.856,107.155,105.504,-0.3919999999999959,0.35199999999998965,0.6009999999999991,10.0,9.6,0.3333333333333333,21.666666666666668,65.0,1,1,26
2023,4,TSU,Azerbaijan Grand Prix,Azerbaijan,Baku,2023-04-30,True,51.0,22,TSU,RB,8.0,10.0,1.0,51.0,Finished,False,False,1,MEDIUM,MEDIUM→HARD,8.0,True,False,False,25.186274509803923,40.14705882352941,107.5825,106.561,107.155,105.504,0.4274999999999949,1.0570000000000022,-1.7125000000000057,10.666666666666666,12.0,0.0,0.3333333333333333,1.0,1,7,27
2023,4,VER,Azerbaijan Grand Prix,Azerbaijan,Baku,2023-04-30,True,51.0,1,VER,Red Bull Racing,2.0,2.0,18.0,51.0,Finished,False,False,1,MEDIUM,MEDIUM→HARD,10.0,True,False,False,25.194117647058825,40.205882352941174,105.4855,104.686,107.155,105.504,-1.6694999999999993,-0.8179999999999978,-0.03249999999999886,1.3333333333333333,2.2,0.0,41.0,123.0,1,8,28
2023,4,ZHO,Azerbaijan Grand Prix,Azerbaijan,Baku,2023-04-30,True,51.0,24,ZHO,Kick Sauber,15.0,19.0,0.0,36.0,Retired,True,False,2,MEDIUM,MEDIUM→HARD,11.0,True,False,False,25.21388888888889,41.455555555555556,108.3725,107.622,107.155,105.504,1.2175000000000011,2.117999999999995,0.2755000000000223,12.666666666666666,12.4,0.0,2.0,6.0,1,4,30
2023,5,ALB,Miami Grand Prix,United States,Miami,2023-05-07,True,57.0,23,ALB,Williams,11.0,14.0,0.0,57.0,Finished,False,False,1,MEDIUM,MEDIUM→HARD,22.0,False,False,False,27.126315789473686,34.8859649122807,92.6335,92.09,92.768,91.537,-0.13450000000000273,0.5529999999999973,-0.7605000000000075,16.666666666666668,14.6,0.5,0.0,1.0,1,9,0
2023,5,ALO,Miami Grand Prix,United States,Miami,2023-05-07,True,57.0,14,ALO,Aston Martin,2.0,3.0,15.0,57.0,Finished,False,False,1,MEDIUM,MEDIUM→HARD,24.0,False,False,False,27.12982456140351,34.88070175438597,92.3285,91.3185,92.768,91.537,-0.43949999999999534,-0.2185000000000059,-0.5239999999999725,3.3333333333333335,6.6,0.0,20.0,83.0,1,1,1
2023,5,BOT,Miami Grand Prix,United States,Miami,2023-05-07,True,57.0,77,BOT,Kick Sauber,10.0,13.0,0.0,57.0,Finished,False,False,1,MEDIUM,MEDIUM→HARD,15.0,False,False,False,27.12982456140351,34.90701754385965,92.8475,92.1335,92.768,91.537,0.07949999999999591,0.5964999999999918,-0.38700000000000045,15.666666666666666,14.0,0.0,0.6666666666666666,6.0,1,4,5
2023,5,DEV,Miami Grand Prix,United States,Miami,2023-05-07,True,57.0,21,DEV,RB,15.0,18.0,0.0,57.0,Finished,False,False,1,MEDIUM,MEDIUM→HARD,15.0,False,False,False,27.135087719298248,34.87719298245614,92.9255,92.06200000000001,92.768,91.537,0.15749999999999886,0.5250000000000057,0.0,16.333333333333332,14.4,0.5,0.6666666666666666,2.0,1,7,7
2023,5,GAS,Miami Grand Prix,United States,Miami,2023-05-07,True,57.0,10,GAS,Alpine,5.0,8.0,4.0,57.0,Finished,False,False,1,MEDIUM,MEDIUM→HARD,15.0,False,False,False,27.126315789473686,34.882456140350875,92.519,92.0535,92.768,91.537,-0.24899999999999523,0.5164999999999935,-0.4420000000000073,12.0,11.8,0.25,2.0,8.0,1,0,9
2023,5,HAM,Miami Grand Prix,United States,Miami,2023-05-07,True,57.0,44,HAM,Mercedes,13.0,6.0,8.0,57.0,Finished,False,False,1,HARD,HARD→MEDIUM,37.0,False,False,False,27.13157894736842,34.91052631578947,92.7935,91.2405,92.768,91.537,0.02549999999999386,-0.29650000000000887,0.5874999999999773,4.333333333333333,7.2,0.0,17.666666666666668,69.0,2,6,11
2023,5,HUL,Miami Grand Prix,United States,Miami,2023-05-07,True,57.0,27,HUL,Haas F1 Team,12.0,15.0,0.0,57.0,Finished,False,False,1,HARD,HARD→MEDIUM,33.0,False,False,False,27.12982456140351,34.89473684210526,93.037,92.005,92.768,91.537,0.26900000000000546,0.4679999999999893,0.33199999999999363,12.0,12.6,0.0,2.3333333333333335,7.0,2,3,12
2023,5,LEC,Miami Grand Prix,United States,Miami,2023-05-07,True,57.0,16,LEC,Ferrari,7.0,7.0,6.0,57.0,Finished,False,False,1,MEDIUM,MEDIUM→HARD,17.0,False,False,False,27.12982456140351,34.92280701754386,92.566,91.70750000000001,92.768,91.537,-0.20199999999999818,0.1705000000000041,0.10550000000000637,10.0,10.2,0.5,13.0,51.0,1,2,15
2023,5,MAG,Miami Grand Prix,United States,Miami,2023-05-07,True,57.0,20,MAG,Haas F1 Team,4.0,10.0,1.0,57.0,Finished,False,False,1,MEDIUM,MEDIUM→HARD,14.0,False,False,False,27.12982456140351,34.921052631578945,92.705,91.9945,92.768,91.537,-0.06300000000000239,0.457499999999996,-0.33200000000002206,13.333333333333334,14.0,0.25,2.3333333333333335,7.0,1,3,16
2023,5,NOR,Miami Grand Prix,United States,Miami,2023-05-07,True,57.0,4,NOR,McLaren,16.0,17.0,0.0,57.0,Finished,False,False,1,SOFT,SOFT→HARD,4.0,False,False,False,27.12982456140351,34.843859649122805,93.1185,92.65450000000001,92.768,91.537,0.3504999999999967,1.1175000000000068,-0.3185000000000002,10.666666666666666,11.0,0.0,4.666666666666667,14.0,0,5,18
2023,5,OCO,Miami Grand Prix,United States,Miami,2023-05-07,True,57.0,31,OCO,Alpine,8.0,9.0,2.0,57.0,Finished,False,False,1,HARD,HARD→MEDIUM,39.0,False,False,False,27.12982456140351,34.90526315789474,92.961,91.5515,92.768,91.537,0.19299999999999784,0.014499999999998181,0.44199999999997885,12.333333333333334,12.4,0.5,2.0,8.0,2,0,19
2023,5,PER,Miami Grand Prix,United States,Miami,2023-05-07,True,57.0,11,PER,Red Bull Racing,1.0,2.0,18.0,57.0,Finished,False,False,1,MEDIUM,MEDIUM→HARD,20.0,False,False,False,27.128070175438594,34.93157894736842,91.6185,90.8065,92.768,91.537,-1.1495000000000033,-0.7305000000000064,-0.17949999999999022,2.3333333333333335,2.4,0.0,41.0,166.0,1,8,20
2023,5,PIA,Miami Grand Prix,United States,Miami,2023-05-07,True,57.0,81,PIA,McLaren,19.0,19.0,0.0,56.0,Lapped,False,False,1,SOFT,SOFT→HARD,5.0,False,False,False,27.135714285714283,34.86964285714286,93.437,92.597,92.768,91.537,0.6689999999999969,1.059999999999988,0.3185000000000002,11.333333333333334,13.5,0.25,4.666666666666667,14.0,0,5,21
2023,5,RUS,Miami Grand Prix,United States,Miami,2023-05-07,True,57.0,63,RUS,Mercedes,6.0,4.0,12.0,57.0,Finished,False,False,1,MEDIUM,MEDIUM→HARD,17.0,False,False,False,27.135087719298248,34.88947368421053,92.206,91.3785,92.768,91.537,-0.5619999999999976,-0.15850000000000364,-0.5875000000000057,10.0,8.4,0.25,17.666666666666668,69.0,1,6,23
2023,5,SAI,Miami Grand Prix,United States,Miami,2023-05-07,True,57.0,55,SAI,Ferrari,3.0,5.0,10.0,57.0,Finished,False,False,1,MEDIUM,MEDIUM→HARD,18.0,False,False,False,27.128070175438594,34.87719298245614,92.4605,91.56,92.768,91.537,-0.30750000000000455,0.022999999999996135,-0.10550000000000637,7.666666666666667,6.2,0.0,13.0,51.0,1,2,24
2023,5,SAR,Miami Grand Prix,United States,Miami,2023-05-07,True,57.0,2,SAR,Williams,20.0,20.0,0.0,56.0,Lapped,False,False,1,MEDIUM,MEDIUM→HARD,2.0,False,False,False,27.13214285714286,34.85357142857143,93.394,92.62899999999999,92.768,91.537,0.6260000000000048,1.0919999999999845,0.7605000000000075,16.0,15.0,0.25,0.0,1.0,1,9,25
2023,5,STR,Miami Grand Prix,United States,Miami,2023-05-07,True,57.0,18,STR,Aston Martin,18.0,12.0,0.0,57.0,Finished,False,False,1,HARD,HARD→MEDIUM,42.0,False,False,False,27.13157894736842,34.924561403508775,92.85249999999999,91.1875,92.768,91.537,0.08449999999999136,-0.34950000000000614,0.5240000000000009,10.333333333333334,9.0,0.25,20.0,83.0,2,1,26
2023,5,TSU,Miami Grand Prix,United States,Miami,2023-05-07,True,57.0,22,TSU,RB,17.0,11.0,0.0,57.0,Finished,False,False,1,HARD,HARD→MEDIUM,36.0,False,False,False,27.13157894736842,34.90175438596491,92.9255,91.4925,92.768,91.537,0.15749999999999886,-0.04449999999999932,0.0,10.333333333333334,10.6,0.0,0.6666666666666666,2.0,2,7,27
2023,5,VER,Miami Grand Prix,United States,Miami,2023-05-07,True,57.0,1,VER,Red Bull Racing,9.0,1.0,26.0,57.0,Finished,False,False,1,HARD,HARD→MEDIUM,45.0,False,False,False,27.128070175438594,34.9140350877193,91.798,90.519,92.768,91.537,-0.9699999999999989,-1.0180000000000007,0.17950000000001864,1.6666666666666667,1.4,0.0,41.0,166.0,2,8,28
2023,5,ZHO,Miami Grand Prix,United States,Miami,2023-05-07,True,57.0,24,ZHO,Kick Sauber,14.0,16.0,0.0,57.0,Finished,False,False,1,HARD,HARD→MEDIUM,31.0,False,False,False,27.12982456140351,34.90350877192982,93.2345,91.9015,92.768,91.537,0.46649999999999636,0.3644999999999925,0.38700000000000045,13.666666666666666,13.8,0.25,0.6666666666666666,6.0,2,4,30
2023,6,ALB,Monaco Grand Prix,Monaco,Monaco,2023-05-28,True,78.0,23,ALB,Williams,13.0,14.0,0.0,77.0,Lapped,False,True,2,MEDIUM,MEDIUM→HARD→INTERMEDIATE,18.0,False,False,False,24.783116883116882,35.763636363636365,80.2125,77.91499999999999,79.165,77.221,1.0474999999999994,0.6939999999999884,-0.1214999999999975,15.0,14.8,0.4,0.0,1.0,1,9,0
2023,6,ALO,Monaco Grand Prix,Monaco,Monaco,2023-05-28,True,78.0,14,ALO,Aston Martin,2.0,2.0,18.0,78.0,Finished,False,True,2,HARD,HARD→MEDIUM→INTERMEDIATE,54.0,False,False,False,24.78846153846154,35.82692307692308,77.7995,77.004,79.165,77.221,-1.3655000000000115,-0.21699999999999875,-1.4230000000000018,3.3333333333333335,3.2,0.0,20.0,98.0,2,1,1
2023,6,BOT,Monaco Grand Prix,Monaco,Monaco,2023-05-28,True,78.0,77,BOT,Kick Sauber,15.0,11.0,0.0,77.0,Lapped,False,True,1,HARD,HARD→INTERMEDIATE,51.0,False,False,False,24.78051948051948,35.79350649350649,80.06899999999999,78.3015,79.165,77.221,0.9039999999999822,1.0805000000000007,-0.32900000000000773,14.0,13.6,0.0,0.6666666666666666,6.0,2,4,5
2023,6,DEV,Monaco Grand Prix,Monaco,Monaco,2023-05-28,True,78.0,21,DEV,RB,12.0,12.0,0.0,77.0,Lapped,False,True,1,MEDIUM,MEDIUM→INTERMEDIATE,53.0,False,False,False,24.784415584415587,35.785714285714285,79.8815,77.91499999999999,79.165,77.221,0.7164999999999964,0.6939999999999884,0.7505000000000166,17.666666666666668,16.2,0.4,0.6666666666666666,2.0,1,7,7
2023,6,GAS,Monaco Grand Prix,Monaco,Monaco,2023-05-28,True,78.0,10,GAS,Alpine,7.0,7.0,6.0,78.0,Finished,False,True,2,HARD,HARD→MEDIUM→INTERMEDIATE,47.0,False,False,False,24.79102564102564,35.81923076923077,78.559,77.1545,79.165,77.221,-0.6060000000000088,-0.06650000000000489,0.18700000000001182,11.666666666666666,10.6,0.2,2.0,14.0,2,0,9
2023,6,HAM,Monaco Grand Prix,Monaco,Monaco,2023-05-28,True,78.0,44,HAM,Mercedes,5.0,4.0,13.0,78.0,Finished,False,True,2,MEDIUM,MEDIUM→HARD→INTERMEDIATE,31.0,False,False,False,24.789743589743587,35.800000000000004,78.357,76.85499999999999,79.165,77.221,-0.8080000000000069,-0.36600000000001387,-0.12600000000000477,4.666666666666667,4.8,0.0,17.0,89.0,1,6,11
2023,6,HUL,Monaco Grand Prix,Monaco,Monaco,2023-05-28,True,78.0,27,HUL,Haas F1 Team,18.0,17.0,0.0,76.0,Lapped,False,True,3,MEDIUM,MEDIUM→HARD→INTERMEDIATE→WET,1.0,False,False,False,24.78684210526316,35.824999999999996,79.732,77.38300000000001,79.165,77.221,0.5669999999999931,0.16200000000000614,-0.11700000000001864,13.0,13.2,0.0,2.3333333333333335,8.0,1,3,12
2023,6,LEC,Monaco Grand Prix,Monaco,Monaco,2023-05-28,True,78.0,16,LEC,Ferrari,6.0,6.0,8.0,78.0,Finished,False,True,2,HARD,HARD→MEDIUM→INTERMEDIATE,44.0,False,False,False,24.79102564102564,35.81923076923077,78.361,77.114,79.165,77.221,-0.804000000000002,-0.10699999999999932,0.07500000000001705,10.0,11.2,0.4,13.666666666666666,67.0,2,2,15
2023,6,MAG,Monaco Grand Prix,Monaco,Monaco,2023-05-28,True,78.0,20,MAG,Haas F1 Team,17.0,19.0,0.0,70.0,Retired,True,True,2,HARD,HARD→WET,56.0,False,False,False,24.86056338028169,36.23521126760563,79.849,78.498,79.165,77.221,0.6839999999999975,1.277000000000001,0.11699999999999022,13.333333333333334,12.6,0.2,2.3333333333333335,8.0,2,3,16
2023,6,NOR,Monaco Grand Prix,Monaco,Monaco,2023-05-28,True,78.0,4,NOR,McLaren,10.0,9.0,2.0,77.0,Lapped,False,True,2,MEDIUM,MEDIUM→HARD→INTERMEDIATE,50.0,False,False,False,24.783116883116882,35.81298701298701,79.049,78.0475,79.165,77.221,-0.11599999999999966,0.8264999999999958,-0.30349999999998545,10.666666666666666,13.2,0.0,4.666666666666667,14.0,1,5,18
2023,6,OCO,Monaco Grand Prix,Monaco,Monaco,2023-05-28,True,78.0,31,OCO,Alpine,3.0,3.0,15.0,78.0,Finished,False,True,2,MEDIUM,MEDIUM→HARD→INTERMEDIATE,32.0,False,False,False,24.789743589743587,35.80897435897436,78.372,77.006,79.165,77.221,-0.7930000000000064,-0.2150000000000034,-0.1869999999999834,12.666666666666666,12.8,0.4,2.0,14.0,1,0,19
2023,6,PER,Monaco Grand Prix,Monaco,Monaco,2023-05-28,True,78.0,11,PER,Red Bull Racing,20.0,16.0,0.0,76.0,Lapped,False,True,5,MEDIUM,MEDIUM→HARD→MEDIUM→INTERMEDIATE→WET→INTERMEDIATE,1.0,False,False,False,24.79078947368421,35.85394736842105,79.69900000000001,76.706,79.165,77.221,0.534000000000006,-0.5150000000000006,1.9290000000000305,2.6666666666666665,2.2,0.0,41.0,210.0,1,8,20
2023,6,PIA,Monaco Grand Prix,Monaco,Monaco,2023-05-28,True,78.0,81,PIA,McLaren,11.0,10.0,1.0,77.0,Lapped,False,True,1,HARD,HARD→INTERMEDIATE,54.0,False,False,False,24.78831168831169,35.82857142857143,79.35249999999999,77.93700000000001,79.165,77.221,0.1874999999999858,0.7160000000000082,0.30349999999998545,12.666666666666666,14.6,0.2,4.666666666666667,14.0,2,5,21
2023,6,RUS,Monaco Grand Prix,Monaco,Monaco,2023-05-28,True,78.0,63,RUS,Mercedes,8.0,5.0,10.0,78.0,Finished,False,True,1,HARD,HARD→INTERMEDIATE,54.0,False,False,False,24.78846153846154,35.80128205128205,78.483,77.3,79.165,77.221,-0.6820000000000022,0.07899999999999352,0.12600000000000477,10.0,8.2,0.2,17.0,89.0,2,6,23
2023,6,SAI,Monaco Grand Prix,Monaco,Monaco,2023-05-28,True,78.0,55,SAI,Ferrari,4.0,8.0,4.0,78.0,Finished,False,True,2,HARD,HARD→MEDIUM→INTERMEDIATE,33.0,False,False,False,24.785897435897436,35.800000000000004,78.286,76.8515,79.165,77.221,-0.8790000000000049,-0.36950000000000216,-0.07499999999998863,7.333333333333333,6.4,0.0,13.666666666666666,67.0,2,2,24
2023,6,SAR,Monaco Grand Prix,Monaco,Monaco,2023-05-28,True,78.0,2,SAR,Williams,16.0,18.0,0.0,76.0,Lapped,False,True,3,MEDIUM,MEDIUM→HARD→SOFT→INTERMEDIATE,20.0,False,False,False,24.79342105263158,35.805263157894736,80.334,77.535,79.165,77.221,1.168999999999997,0.31399999999999295,0.1214999999999975,17.333333333333332,16.0,0.2,0.0,1.0,1,9,25
2023,6,STR,Monaco Grand Prix,Monaco,Monaco,2023-05-28,True,78.0,18,STR,Aston Martin,14.0,20.0,0.0,53.0,Retired,True,True,1,HARD,HARD→INTERMEDIATE,51.0,False,False,False,25.27592592592593,38.52407407407408,79.2225,78.421,79.165,77.221,0.05749999999999034,1.2000000000000028,1.4230000000000018,7.666666666666667,9.8,0.2,20.0,98.0,2,1,26
2023,6,TSU,Monaco Grand Prix,Monaco,Monaco,2023-05-28,True,78.0,22,TSU,RB,9.0,15.0,0.0,76.0,Lapped,False,True,1,MEDIUM,MEDIUM→INTERMEDIATE,53.0,False,False,False,24.806578947368422,35.93421052631579,79.131,78.0425,79.165,77.221,-0.034000000000006025,0.8215000000000003,-0.7504999999999882,10.333333333333334,10.6,0.0,0.6666666666666666,2.0,1,7,27
2023,6,VER,Monaco Grand Prix,Monaco,Monaco,2023-05-28,True,78.0,1,VER,Red Bull Racing,1.0,1.0,25.0,78.0,Finished,False,True,1,MEDIUM,MEDIUM→INTERMEDIATE,55.0,False,False,False,24.793589743589745,35.86666666666667,77.77,76.803,79.165,77.221,-1.3950000000000102,-0.41800000000000637,-1.929000000000002,1.3333333333333333,1.4,0.0,41.0,210.0,1,8,28
2023,6,ZHO,Monaco Grand Prix,Monaco,Monaco,2023-05-28,True,78.0,24,ZHO,Kick Sauber,19.0,13.0,0.0,77.0,Lapped,False,True,2,SOFT,SOFT→HARD→INTERMEDIATE,1.0,False,False,False,24.784415584415587,35.76233766233766,80.398,77.45750000000001,79.165,77.221,1.2329999999999899,0.2365000000000066,0.32900000000000773,14.666666666666666,14.6,0.2,0.6666666666666666,6.0,0,4,30
2023,7,ALB,Spanish Grand Prix,Spain,Barcelona,2023-06-04,False,66.0,23,ALB,Williams,18.0,16.0,0.0,65.0,Lapped,False,False,2,SOFT,SOFT→HARD→MEDIUM,16.0,False,False,False,22.02923076923077,30.14923076923077,80.75800000000001,79.33500000000001,80.178,78.796,0.5800000000000125,0.5390000000000015,-0.10149999999998727,13.333333333333334,15.6,0.3333333333333333,0.0,1.0,0,9,0
2023,7,ALO,Spanish Grand Prix,Spain,Barcelona,2023-06-04,False,66.0,14,ALO,Aston Martin,8.0,7.0,6.0,66.0,Finished,False,False,2,SOFT,SOFT→SOFT→HARD,19.0,False,False,False,22.02878787878788,30.131818181818183,80.32,78.5395,80.178,78.796,0.1419999999999959,-0.2565000000000026,0.19900000000001228,3.0,3.0,0.0,17.0,116.0,0,1,1
2023,7,BOT,Spanish Grand Prix,Spain,Barcelona,2023-06-04,False,66.0,77,BOT,Kick Sauber,16.0,19.0,0.0,65.0,Lapped,False,False,2,SOFT,SOFT→HARD→HARD,5.0,False,False,False,22.027692307692305,30.152307692307694,81.19749999999999,79.2615,80.178,78.796,1.0194999999999936,0.4654999999999916,0.8625000000000114,14.0,14.2,0.0,0.0,6.0,0,4,5
2023,7,DEV,Spanish Grand Prix,Spain,Barcelona,2023-06-04,False,66.0,21,DEV,RB,14.0,14.0,0.0,65.0,Lapped,False,False,2,SOFT,SOFT→HARD→MEDIUM,9.0,False,False,False,22.036923076923078,30.16923076923077,80.53649999999999,79.02250000000001,80.178,78.796,0.35849999999999227,0.22650000000000148,0.3754999999999882,16.666666666666668,15.8,0.3333333333333333,0.3333333333333333,2.0,0,7,7
2023,7,GAS,Spanish Grand Prix,Spain,Barcelona,2023-06-04,False,66.0,10,GAS,Alpine,10.0,10.0,1.0,66.0,Finished,False,False,2,SOFT,SOFT→MEDIUM→HARD,19.0,False,False,False,22.03030303030303,30.11969696969697,79.996,78.8335,80.178,78.796,-0.18200000000000216,0.037499999999994316,-0.3170000000000073,9.666666666666666,10.2,0.16666666666666666,9.0,35.0,0,0,9
2023,7,HAM,Spanish Grand Prix,Spain,Barcelona,2023-06-04,False,66.0,44,HAM,Mercedes,4.0,2.0,18.0,66.0,Finished,False,False,2,SOFT,SOFT→MEDIUM→SOFT,24.0,False,False,False,22.039393939393943,30.151515151515152,79.468,77.86099999999999,80.178,78.796,-0.7099999999999937,-0.9350000000000165,-0.020999999999986585,5.333333333333333,4.6,0.0,18.666666666666668,112.0,0,6,11
2023,7,HUL,Spanish Grand Prix,Spain,Barcelona,2023-06-04,False,66.0,27,HUL,Haas F1 Team,7.0,15.0,0.0,65.0,Lapped,False,False,3,SOFT,SOFT→MEDIUM→HARD→MEDIUM,8.0,False,False,False,22.027692307692305,30.16,79.9615,78.947,80.178,78.796,-0.21649999999999636,0.15099999999999625,-0.39400000000000546,16.333333333333332,13.6,0.0,0.3333333333333333,8.0,0,3,12
2023,7,LEC,Spanish Grand Prix,Spain,Barcelona,2023-06-04,False,66.0,16,LEC,Ferrari,19.0,11.0,0.0,66.0,Finished,False,False,2,HARD,HARD→SOFT→HARD,16.0,False,False,False,22.03030303030303,30.11969696969697,80.316,78.6455,80.178,78.796,0.13800000000000523,-0.15050000000000807,0.1519999999999868,5.333333333333333,8.6,0.3333333333333333,17.666666666666668,79.0,2,2,15
2023,7,MAG,Spanish Grand Prix,Spain,Barcelona,2023-06-04,False,66.0,20,MAG,Haas F1 Team,17.0,18.0,0.0,65.0,Lapped,False,False,3,SOFT,SOFT→MEDIUM→HARD→MEDIUM,10.0,False,False,False,22.027692307692305,30.147692307692306,80.3555,79.009,80.178,78.796,0.1775000000000091,0.21299999999999386,0.39400000000000546,14.0,13.8,0.3333333333333333,0.3333333333333333,8.0,0,3,16
2023,7,NOR,Spanish Grand Prix,Spain,Barcelona,2023-06-04,False,66.0,4,NOR,McLaren,3.0,17.0,0.0,65.0,Lapped,False,False,3,SOFT,SOFT→HARD→MEDIUM→SOFT,1.0,False,False,False,22.023076923076925,30.138461538461538,80.117,78.746,80.178,78.796,-0.06099999999999284,-0.05000000000001137,-0.4954999999999927,11.666666666666666,11.6,0.0,1.6666666666666667,17.0,0,5,18
2023,7,OCO,Spanish Grand Prix,Spain,Barcelona,2023-06-04,False,66.0,31,OCO,Alpine,6.0,8.0,4.0,66.0,Finished,False,False,2,SOFT,SOFT→MEDIUM→HARD,13.0,False,False,False,22.03030303030303,30.134848484848487,80.313,79.077,80.178,78.796,0.13500000000000512,0.2809999999999917,0.3170000000000073,9.0,9.8,0.3333333333333333,9.0,35.0,0,0,19
2023,7,PER,Spanish Grand Prix,Spain,Barcelona,2023-06-04,False,66.0,11,PER,Red Bull Racing,11.0,4.0,12.0,66.0,Finished,False,False,2,MEDIUM,MEDIUM→HARD→SOFT,27.0,False,False,False,22.03030303030303,30.15757575757576,79.504,77.7825,80.178,78.796,-0.6739999999999924,-1.0135000000000076,0.33899999999999864,6.333333333333333,5.0,0.0,37.333333333333336,235.0,1,8,20
2023,7,PIA,Spanish Grand Prix,Spain,Barcelona,2023-06-04,False,66.0,81,PIA,McLaren,9.0,13.0,0.0,65.0,Lapped,False,False,2,SOFT,SOFT→HARD→MEDIUM,17.0,False,False,False,22.036923076923078,30.16923076923077,80.6125,79.07900000000001,80.178,78.796,0.4344999999999999,0.28300000000000125,0.4954999999999927,13.333333333333334,12.6,0.16666666666666666,1.6666666666666667,17.0,0,5,21
2023,7,RUS,Spanish Grand Prix,Spain,Barcelona,2023-06-04,False,66.0,63,RUS,Mercedes,12.0,3.0,15.0,66.0,Finished,False,False,2,SOFT,SOFT→MEDIUM→SOFT,25.0,False,False,False,22.033333333333335,30.162121212121214,79.489,78.1765,80.178,78.796,-0.688999999999993,-0.6195000000000022,0.021000000000015007,5.666666666666667,7.8,0.16666666666666666,18.666666666666668,112.0,0,6,23
2023,7,SAI,Spanish Grand Prix,Spain,Barcelona,2023-06-04,False,66.0,55,SAI,Ferrari,2.0,5.0,10.0,66.0,Finished,False,False,2,SOFT,SOFT→MEDIUM→HARD,15.0,False,False,False,22.034848484848485,30.14090909090909,80.164,78.56049999999999,80.178,78.796,-0.013999999999995794,-0.23550000000001603,-0.15200000000001523,6.0,7.2,0.0,17.666666666666668,79.0,0,2,24
2023,7,SAR,Spanish Grand Prix,Spain,Barcelona,2023-06-04,False,66.0,2,SAR,Williams,20.0,20.0,0.0,65.0,Lapped,False,False,2,MEDIUM,MEDIUM→HARD→HARD,17.0,False,False,False,22.024615384615384,30.13230769230769,80.8595,79.6495,80.178,78.796,0.6814999999999998,0.8534999999999968,0.10149999999998727,18.0,17.2,0.16666666666666666,0.0,1.0,1,9,25
2023,7,STR,Spanish Grand Prix,Spain,Barcelona,2023-06-04,False,66.0,18,STR,Aston Martin,5.0,6.0,8.0,66.0,Finished,False,False,2,SOFT,SOFT→SOFT→HARD,14.0,False,False,False,22.031818181818185,30.134848484848487,80.121,79.0295,80.178,78.796,-0.05700000000000216,0.23349999999999227,-0.19899999999998386,13.0,12.6,0.3333333333333333,17.0,116.0,0,1,26
2023,7,TSU,Spanish Grand Prix,Spain,Barcelona,2023-06-04,False,66.0,22,TSU,RB,15.0,12.0,0.0,66.0,Finished,False,False,2,SOFT,SOFT→HARD→MEDIUM,10.0,False,False,False,22.02878787878788,30.136363636363637,80.161,79.1745,80.178,78.796,-0.016999999999995907,0.3784999999999883,-0.3754999999999882,12.0,11.4,0.0,0.3333333333333333,2.0,0,7,27
2023,7,VER,Spanish Grand Prix,Spain,Barcelona,2023-06-04,False,66.0,1,VER,Red Bull Racing,1.0,1.0,26.0,66.0,Finished,False,False,2,MEDIUM,MEDIUM→HARD→SOFT,26.0,False,False,False,22.042424242424243,30.168181818181818,79.165,77.654,80.178,78.796,-1.012999999999991,-1.1420000000000101,-0.33899999999999864,1.3333333333333333,1.4,0.0,37.333333333333336,235.0,1,8,28
2023,7,ZHO,Spanish Grand Prix,Spain,Barcelona,2023-06-04,False,66.0,24,ZHO,Kick Sauber,13.0,9.0,2.0,66.0,Finished,False,False,2,SOFT,SOFT→HARD→HARD,9.0,False,False,False,22.03181818181818,30.133333333333333,80.335,79.0505,80.178,78.796,0.15699999999999648,0.25449999999999307,-0.862499999999983,16.0,14.0,0.16666666666666666,0.0,6.0,0,4,30
2023,8,ALB,Canadian Grand Prix,Canada,Montréal,2023-06-18,False,70.0,23,ALB,Williams,9.0,7.0,6.0,70.0,Finished,False,False,1,MEDIUM,MEDIUM→HARD,12.0,True,False,False,19.045714285714286,30.85571428571429,77.9425,77.1385,77.427,76.284,0.5154999999999887,0.8544999999999874,-1.2235000000000014,14.666666666666666,15.0,0.2857142857142857,0.0,1.0,1,9,0
2023,8,ALO,Canadian Grand Prix,Canada,Montréal,2023-06-18,False,70.0,14,ALO,Aston Martin,2.0,2.0,18.0,70.0,Finished,False,False,2,MEDIUM,MEDIUM→HARD→HARD,12.0,True,False,False,19.035714285714285,30.868571428571432,76.81,75.90350000000001,77.427,76.284,-0.6170000000000044,-0.38049999999999784,-0.49200000000001864,4.0,3.8,0.0,15.666666666666666,130.0,1,1,1
2023,8,BOT,Canadian Grand Prix,Canada,Montréal,2023-06-18,False,70.0,77,BOT,Kick Sauber,14.0,10.0,1.0,70.0,Finished,False,False,1,HARD,HARD→MEDIUM,36.0,True,False,False,19.037142857142857,30.835714285714285,77.436,77.013,77.427,76.284,0.009000000000000341,0.7289999999999992,-0.6189999999999998,14.333333333333334,14.4,0.0,0.6666666666666666,8.0,2,4,5
2023,8,DEV,Canadian Grand Prix,Canada,Montréal,2023-06-18,False,70.0,21,DEV,RB,17.0,18.0,0.0,69.0,Lapped,False,False,2,MEDIUM,MEDIUM→HARD→HARD,11.0,True,False,False,19.040579710144925,30.83478260869565,78.4005,76.821,77.427,76.284,0.9734999999999872,0.5369999999999919,1.0024999999999977,14.666666666666666,15.8,0.2857142857142857,0.0,2.0,1,7,7
2023,8,GAS,Canadian Grand Prix,Canada,Montréal,2023-06-18,False,70.0,10,GAS,Alpine,15.0,12.0,0.0,70.0,Finished,False,False,2,SOFT,SOFT→HARD→HARD,10.0,True,False,False,19.04,30.845714285714283,77.2155,76.721,77.427,76.284,-0.2115000000000009,0.4369999999999976,-0.17650000000000432,8.333333333333334,10.4,0.14285714285714285,10.666666666666666,40.0,0,0,9
2023,8,HAM,Canadian Grand Prix,Canada,Montréal,2023-06-18,False,70.0,44,HAM,Mercedes,3.0,3.0,15.0,70.0,Finished,False,False,2,MEDIUM,MEDIUM→HARD→MEDIUM,12.0,True,False,False,19.035714285714285,30.867142857142856,76.905,75.84450000000001,77.427,76.284,-0.5220000000000056,-0.43949999999999534,-0.9964999999999975,4.0,4.0,0.0,25.333333333333332,145.0,1,6,11
2023,8,HUL,Canadian Grand Prix,Canada,Montréal,2023-06-18,False,70.0,27,HUL,Haas F1 Team,5.0,15.0,0.0,69.0,Lapped,False,False,2,MEDIUM,MEDIUM→HARD→HARD,11.0,True,False,False,19.040579710144925,30.86666666666667,78.135,77.427,77.427,76.284,0.7079999999999984,1.1430000000000007,-0.06299999999998818,15.666666666666666,14.2,0.0,0.3333333333333333,8.0,1,3,12
2023,8,LEC,Canadian Grand Prix,Canada,Montréal,2023-06-18,False,70.0,16,LEC,Ferrari,10.0,4.0,12.0,70.0,Finished,False,False,1,MEDIUM,MEDIUM→HARD,39.0,True,False,False,19.03857142857143,30.85142857142857,77.03,75.968,77.427,76.284,-0.39700000000000557,-0.3160000000000025,0.09700000000000841,8.0,9.4,0.2857142857142857,12.666666666666666,89.0,1,2,15
2023,8,MAG,Canadian Grand Prix,Canada,Montréal,2023-06-18,False,70.0,20,MAG,Haas F1 Team,13.0,17.0,0.0,69.0,Lapped,False,False,2,HARD,HARD→MEDIUM→MEDIUM,35.0,True,False,False,19.040579710144925,30.83478260869565,78.198,76.729,77.427,76.284,0.7709999999999866,0.4449999999999932,0.06299999999998818,15.666666666666666,15.4,0.2857142857142857,0.3333333333333333,8.0,2,3,16
2023,8,NOR,Canadian Grand Prix,Canada,Montréal,2023-06-18,False,70.0,4,NOR,McLaren,7.0,13.0,0.0,70.0,Finished,False,False,2,MEDIUM,MEDIUM→HARD→HARD,12.0,True,False,False,19.04,30.85,77.426,76.944,77.427,76.284,-0.0010000000000047748,0.6599999999999966,0.07099999999999795,14.333333333333334,11.6,0.0,1.0,17.0,1,5,18
2023,8,OCO,Canadian Grand Prix,Canada,Montréal,2023-06-18,False,70.0,31,OCO,Alpine,6.0,8.0,4.0,70.0,Finished,False,False,2,MEDIUM,MEDIUM→HARD→HARD,12.0,True,False,False,19.034285714285716,30.840000000000003,77.392,77.04650000000001,77.427,76.284,-0.0350000000000108,0.7625000000000028,0.1764999999999759,6.666666666666667,9.8,0.2857142857142857,10.666666666666666,40.0,1,0,19
2023,8,PER,Canadian Grand Prix,Canada,Montréal,2023-06-18,False,70.0,11,PER,Red Bull Racing,12.0,6.0,9.0,70.0,Finished,False,False,2,HARD,HARD→MEDIUM→SOFT,37.0,True,False,False,19.041428571428572,30.832857142857147,77.0155,76.288,77.427,76.284,-0.41150000000000375,0.003999999999990678,0.3725000000000023,7.333333333333333,5.6,0.0,35.666666666666664,273.0,2,8,20
2023,8,PIA,Canadian Grand Prix,Canada,Montréal,2023-06-18,False,70.0,81,PIA,McLaren,8.0,11.0,0.0,70.0,Finished,False,False,2,MEDIUM,MEDIUM→HARD→HARD,12.0,True,False,False,19.03857142857143,30.837142857142855,77.355,76.793,77.427,76.284,-0.07200000000000273,0.5090000000000003,-0.07099999999999795,14.0,12.2,0.14285714285714285,1.0,17.0,1,5,21
2023,8,RUS,Canadian Grand Prix,Canada,Montréal,2023-06-18,False,70.0,63,RUS,Mercedes,4.0,19.0,0.0,53.0,Retired,True,False,2,MEDIUM,MEDIUM→HARD,12.0,True,False,False,19.01851851851852,31.331481481481482,77.9015,77.387,77.427,76.284,0.47449999999999193,1.1029999999999944,0.9964999999999975,4.0,7.6,0.14285714285714285,25.333333333333332,145.0,1,6,23
2023,8,SAI,Canadian Grand Prix,Canada,Montréal,2023-06-18,False,70.0,55,SAI,Ferrari,11.0,5.0,10.0,70.0,Finished,False,False,1,MEDIUM,MEDIUM→HARD,38.0,True,False,False,19.041428571428572,30.85,76.93299999999999,76.0365,77.427,76.284,-0.494000000000014,-0.24750000000000227,-0.09700000000000841,6.0,7.0,0.0,12.666666666666666,89.0,1,2,24
2023,8,SAR,Canadian Grand Prix,Canada,Montréal,2023-06-18,False,70.0,2,SAR,Williams,18.0,20.0,0.0,6.0,Retired,True,False,0,MEDIUM,MEDIUM,7.0,False,False,False,18.485714285714288,31.614285714285717,79.166,78.437,77.427,76.284,1.73899999999999,2.1529999999999916,1.2235000000000014,19.333333333333332,18.0,0.14285714285714285,0.0,1.0,1,9,25
2023,8,STR,Canadian Grand Prix,Canada,Montréal,2023-06-18,False,70.0,18,STR,Aston Martin,16.0,9.0,2.0,70.0,Finished,False,False,2,MEDIUM,MEDIUM→HARD→HARD,11.0,True,False,False,19.042857142857144,30.858571428571427,77.302,76.853,77.427,76.284,-0.125,0.5689999999999884,0.4919999999999902,12.666666666666666,9.8,0.2857142857142857,15.666666666666666,130.0,1,1,26
2023,8,TSU,Canadian Grand Prix,Canada,Montréal,2023-06-18,False,70.0,22,TSU,RB,19.0,14.0,0.0,70.0,Finished,False,False,2,MEDIUM,MEDIUM→HARD→HARD,1.0,True,False,False,19.03857142857143,30.82428571428571,77.398,76.821,77.427,76.284,-0.029000000000010573,0.5369999999999919,-1.0024999999999977,12.666666666666666,11.6,0.0,0.0,2.0,1,7,27
2023,8,VER,Canadian Grand Prix,Canada,Montréal,2023-06-18,False,70.0,1,VER,Red Bull Racing,1.0,1.0,25.0,70.0,Finished,False,False,2,MEDIUM,MEDIUM→HARD→MEDIUM,12.0,True,False,False,19.034285714285716,30.867142857142856,76.643,75.838,77.427,76.284,-0.784000000000006,-0.44600000000001216,-0.3725000000000023,1.0,1.2,0.0,35.666666666666664,273.0,1,8,28
2023,8,ZHO,Canadian Grand Prix,Canada,Montréal,2023-06-18,False,70.0,24,ZHO,Kick Sauber,20.0,16.0,0.0,69.0,Lapped,False,False,2,MEDIUM,MEDIUM→HARD→HARD,12.0,True,False,False,19.043478260869566,30.868115942028986,78.055,77.227,77.427,76.284,0.6280000000000001,0.9429999999999978,0.6189999999999998,12.666666666666666,13.2,0.14285714285714285,0.6666666666666666,8.0,1,4,30
2023,9,ALB,Austrian Grand Prix,Austria,Spielberg,2023-07-02,False,71.0,23,ALB,Williams,10.0,11.0,0.0,71.0,Finished,False,False,3,MEDIUM,MEDIUM→MEDIUM→HARD→HARD,2.0,True,False,False,22.68169014084507,32.167605633802815,70.918,69.745,70.481,69.317,0.4370000000000118,0.4280000000000115,-0.24399999999999977,12.333333333333334,12.6,0.25,2.0,7.0,1,9,0
2023,9,ALO,Austrian Grand Prix,Austria,Spielberg,2023-07-02,False,71.0,14,ALO,Aston Martin,7.0,5.0,10.0,71.0,Finished,False,False,3,HARD,HARD→HARD→MEDIUM→MEDIUM,2.0,True,True,False,22.68169014084507,32.16901408450704,70.301,69.2855,70.481,69.317,-0.1799999999999926,-0.03149999999999409,0.3499999999999943,3.6666666666666665,3.6,0.0,17.333333333333332,150.0,2,1,1
2023,9,BOT,Austrian Grand Prix,Austria,Spielberg,2023-07-02,False,71.0,77,BOT,Kick Sauber,14.0,15.0,0.0,70.0,Lapped,False,False,3,HARD,HARD→HARD→MEDIUM→HARD,2.0,True,False,False,22.675714285714285,32.16285714285714,70.68950000000001,70.08500000000001,70.481,69.317,0.208500000000015,0.7680000000000149,-0.26949999999999363,13.333333333333334,14.2,0.0,1.0,9.0,2,4,5
2023,9,DEV,Austrian Grand Prix,Austria,Spielberg,2023-07-02,False,71.0,21,DEV,RB,20.0,17.0,0.0,70.0,Lapped,False,False,3,MEDIUM,MEDIUM→MEDIUM→HARD→MEDIUM,2.0,True,False,False,22.675714285714285,32.14142857142857,71.185,70.1845,70.481,69.317,0.7040000000000077,0.8675000000000068,0.19200000000000728,14.666666666666666,16.4,0.25,0.0,2.0,1,7,7
2023,9,GAS,Austrian Grand Prix,Austria,Spielberg,2023-07-02,False,71.0,10,GAS,Alpine,9.0,10.0,1.0,71.0,Finished,False,False,3,MEDIUM,MEDIUM→MEDIUM→HARD→MEDIUM,2.0,True,False,False,22.680281690140845,32.173239436619724,70.592,69.307,70.481,69.317,0.1110000000000042,-0.009999999999990905,-0.3810000000000002,9.666666666666666,10.2,0.125,10.0,44.0,1,0,9
2023,9,HAM,Austrian Grand Prix,Austria,Spielberg,2023-07-02,False,71.0,44,HAM,Mercedes,5.0,8.0,4.0,71.0,Finished,False,False,3,MEDIUM,MEDIUM→MEDIUM→HARD→MEDIUM,2.0,True,False,False,22.680281690140845,32.17464788732394,70.326,69.3925,70.481,69.317,-0.15500000000000114,0.07550000000000523,-0.28249999999999886,3.0,4.2,0.0,23.666666666666668,160.0,1,6,11
2023,9,HUL,Austrian Grand Prix,Austria,Spielberg,2023-07-02,False,71.0,27,HUL,Haas F1 Team,8.0,20.0,0.0,12.0,Retired,True,False,2,MEDIUM,MEDIUM→MEDIUM→HARD,2.0,True,False,False,22.915384615384614,33.676923076923075,71.254,71.066,70.481,69.317,0.7730000000000103,1.7490000000000094,-0.5579999999999927,15.666666666666666,15.8,0.0,0.0,8.0,1,3,12
2023,9,LEC,Austrian Grand Prix,Austria,Spielberg,2023-07-02,False,71.0,16,LEC,Ferrari,2.0,2.0,18.0,71.0,Finished,False,False,3,MEDIUM,MEDIUM→MEDIUM→MEDIUM→HARD,2.0,True,True,False,22.680281690140845,32.183098591549296,69.905,68.996,70.481,69.317,-0.5759999999999934,-0.32099999999999795,-0.117999999999995,7.0,6.2,0.25,14.666666666666666,111.0,1,2,15
2023,9,MAG,Austrian Grand Prix,Austria,Spielberg,2023-07-02,False,71.0,20,MAG,Haas F1 Team,19.0,18.0,0.0,70.0,Lapped,False,False,3,HARD,HARD→MEDIUM→HARD→HARD,1.0,True,False,False,22.678571428571427,32.15142857142857,71.812,70.4345,70.481,69.317,1.331000000000003,1.1175000000000068,0.5579999999999927,18.0,15.4,0.25,0.0,8.0,2,3,16
2023,9,NOR,Austrian Grand Prix,Austria,Spielberg,2023-07-02,False,71.0,4,NOR,McLaren,4.0,4.0,12.0,71.0,Finished,False,False,3,MEDIUM,MEDIUM→MEDIUM→HARD→HARD,2.0,True,False,False,22.67887323943662,32.16197183098591,70.208,69.134,70.481,69.317,-0.27299999999999613,-0.18299999999999272,-0.5660000000000025,13.0,13.0,0.0,1.0,17.0,1,5,18
2023,9,OCO,Austrian Grand Prix,Austria,Spielberg,2023-07-02,False,71.0,31,OCO,Alpine,12.0,14.0,0.0,70.0,Lapped,False,False,3,MEDIUM,MEDIUM→MEDIUM→HARD→HARD,2.0,True,False,False,22.68285714285714,32.16857142857143,70.973,69.97649999999999,70.481,69.317,0.49200000000000443,0.6594999999999942,0.3810000000000002,6.333333333333333,8.6,0.25,10.0,44.0,1,0,19
2023,9,PER,Austrian Grand Prix,Austria,Spielberg,2023-07-02,False,71.0,11,PER,Red Bull Racing,15.0,3.0,15.0,71.0,Finished,False,False,3,MEDIUM,MEDIUM→MEDIUM→MEDIUM→HARD,2.0,True,True,False,22.68169014084507,32.16197183098591,69.537,68.982,70.481,69.317,-0.9439999999999884,-0.33499999999999375,0.08600000000001273,8.666666666666666,5.8,0.0,32.333333333333336,307.0,1,8,20
2023,9,PIA,Austrian Grand Prix,Austria,Spielberg,2023-07-02,False,71.0,81,PIA,McLaren,13.0,16.0,0.0,70.0,Lapped,False,False,4,MEDIUM,MEDIUM→MEDIUM→HARD→HARD→MEDIUM,2.0,True,False,False,22.675714285714285,32.16142857142857,70.774,70.0405,70.481,69.317,0.29300000000000637,0.7235000000000014,0.5660000000000025,11.333333333333334,12.8,0.125,1.0,17.0,1,5,21
2023,9,RUS,Austrian Grand Prix,Austria,Spielberg,2023-07-02,False,71.0,63,RUS,Mercedes,11.0,7.0,6.0,71.0,Finished,False,False,3,MEDIUM,MEDIUM→MEDIUM→HARD→MEDIUM,2.0,True,False,False,22.68169014084507,32.17183098591549,70.60849999999999,69.5875,70.481,69.317,0.12749999999999773,0.2705000000000126,0.28249999999999886,9.0,7.8,0.25,23.666666666666668,160.0,1,6,23
2023,9,SAI,Austrian Grand Prix,Austria,Spielberg,2023-07-02,False,71.0,55,SAI,Ferrari,3.0,6.0,8.0,71.0,Finished,False,False,3,MEDIUM,MEDIUM→MEDIUM→MEDIUM→HARD,2.0,True,True,False,22.67887323943662,32.167605633802815,70.023,69.1455,70.481,69.317,-0.4579999999999984,-0.17149999999999466,0.117999999999995,6.0,5.6,0.0,14.666666666666666,111.0,1,2,24
2023,9,SAR,Austrian Grand Prix,Austria,Spielberg,2023-07-02,False,71.0,2,SAR,Williams,18.0,13.0,0.0,70.0,Lapped,False,False,3,MEDIUM,MEDIUM→MEDIUM→HARD→HARD,2.0,True,False,False,22.68285714285714,32.167142857142856,71.162,69.995,70.481,69.317,0.6810000000000116,0.6780000000000115,0.24399999999999977,19.333333333333332,18.8,0.25,2.0,7.0,1,9,25
2023,9,STR,Austrian Grand Prix,Austria,Spielberg,2023-07-02,False,71.0,18,STR,Aston Martin,6.0,9.0,2.0,71.0,Finished,False,False,4,MEDIUM,MEDIUM→MEDIUM→HARD→HARD→MEDIUM,2.0,True,True,False,22.683098591549296,32.160563380281694,69.951,68.855,70.481,69.317,-0.5300000000000011,-0.4619999999999891,-0.35000000000002274,11.666666666666666,10.8,0.25,17.333333333333332,150.0,1,1,26
2023,9,TSU,Austrian Grand Prix,Austria,Spielberg,2023-07-02,False,71.0,22,TSU,RB,16.0,19.0,0.0,70.0,Lapped,False,False,4,MEDIUM,MEDIUM→HARD→HARD→HARD→MEDIUM,1.0,True,False,False,22.68,32.16428571428571,70.993,70.1285,70.481,69.317,0.5120000000000005,0.8115000000000094,-0.19200000000000728,13.666666666666666,12.4,0.0,0.0,2.0,1,7,27
2023,9,VER,Austrian Grand Prix,Austria,Spielberg,2023-07-02,False,71.0,1,VER,Red Bull Racing,1.0,1.0,26.0,71.0,Finished,False,False,4,MEDIUM,MEDIUM→MEDIUM→HARD→MEDIUM→SOFT,2.0,True,True,False,22.68169014084507,32.173239436619724,69.451,68.342,70.481,69.317,-1.0300000000000011,-0.9749999999999943,-0.08600000000001273,1.0,1.2,0.0,32.333333333333336,307.0,1,8,28
2023,9,ZHO,Austrian Grand Prix,Austria,Spielberg,2023-07-02,False,71.0,24,ZHO,Kick Sauber,17.0,12.0,0.0,70.0,Lapped,False,False,3,MEDIUM,MEDIUM→MEDIUM→HARD→HARD,2.0,True,False,False,22.677142857142858,32.16285714285714,70.959,69.928,70.481,69.317,0.47800000000000864,0.6110000000000042,0.26949999999999363,12.666666666666666,14.6,0.125,1.0,9.0,1,4,30
2023,10,ALB,British Grand Prix,Great Britain,Silverstone,2023-07-09,False,52.0,23,ALB,Williams,8.0,8.0,4.0,52.0,Finished,False,False,1,MEDIUM,MEDIUM→SOFT,32.0,True,False,False,21.04615384615385,29.903846153846153,93.169,91.78049999999999,93.0995,91.5685,0.06949999999999079,0.21199999999998909,-0.3269999999999982,11.333333333333334,12.4,0.2222222222222222,2.0,7.0,1,9,0
2023,10,ALO,British Grand Prix,Great Britain,Silverstone,2023-07-09,False,52.0,14,ALO,Aston Martin,9.0,7.0,6.0,52.0,Finished,False,False,1,MEDIUM,MEDIUM→SOFT,33.0,True,False,False,21.04615384615385,29.884615384615383,93.05199999999999,91.729,93.0995,91.5685,-0.04750000000001364,0.16049999999999898,-0.4460000000000264,4.666666666666667,3.8,0.0,15.333333333333334,162.0,1,1,1
2023,10,BOT,British Grand Prix,Great Britain,Silverstone,2023-07-09,False,52.0,77,BOT,Kick Sauber,20.0,12.0,0.0,52.0,Finished,False,False,1,HARD,HARD→SOFT,32.0,True,False,False,21.048076923076923,29.9,93.544,92.06299999999999,93.0995,91.5685,0.4444999999999908,0.49449999999998795,-0.05699999999998795,14.666666666666666,13.6,0.0,1.0,9.0,2,4,5
2023,10,DEV,British Grand Prix,Great Britain,Silverstone,2023-07-09,False,52.0,21,DEV,RB,18.0,17.0,0.0,52.0,Finished,False,False,2,SOFT,SOFT→MEDIUM→SOFT,27.0,True,False,False,21.048076923076923,29.890384615384615,93.647,92.4505,93.0995,91.5685,0.5474999999999994,0.882000000000005,0.43550000000001887,16.333333333333332,15.8,0.2222222222222222,0.0,2.0,0,7,7
2023,10,GAS,British Grand Prix,Great Britain,Silverstone,2023-07-09,False,52.0,10,GAS,Alpine,10.0,18.0,0.0,46.0,Retired,True,False,2,MEDIUM,MEDIUM→SOFT,31.0,True,False,False,20.969565217391306,29.910869565217393,93.287,92.823,93.0995,91.5685,0.1875,1.254499999999993,-0.8259999999999934,10.666666666666666,9.4,0.1111111111111111,3.3333333333333335,45.0,1,0,9
2023,10,HAM,British Grand Prix,Great Britain,Silverstone,2023-07-09,False,52.0,44,HAM,Mercedes,7.0,3.0,15.0,52.0,Finished,False,False,1,MEDIUM,MEDIUM→SOFT,33.0,True,False,False,21.049999999999997,29.888461538461538,92.8,91.2,93.0995,91.5685,-0.299500000000009,-0.3684999999999974,-0.051000000000016144,4.333333333333333,4.6,0.0,19.333333333333332,170.0,1,6,11
2023,10,HUL,British Grand Prix,Great Britain,Silverstone,2023-07-09,False,52.0,27,HUL,Haas F1 Team,11.0,13.0,0.0,52.0,Finished,False,False,2,HARD,HARD→MEDIUM→SOFT,7.0,True,False,False,21.03846153846154,29.896153846153844,93.341,92.09899999999999,93.0995,91.5685,0.24149999999998784,0.5304999999999893,-0.9545000000000243,16.666666666666668,16.4,0.1111111111111111,0.0,8.0,2,3,12
2023,10,LEC,British Grand Prix,Great Britain,Silverstone,2023-07-09,False,52.0,16,LEC,Ferrari,4.0,9.0,2.0,52.0,Finished,False,False,2,MEDIUM,MEDIUM→HARD→MEDIUM,18.0,True,False,False,21.053846153846152,29.896153846153844,92.8315,91.73949999999999,93.0995,91.5685,-0.2680000000000007,0.17099999999999227,-0.15949999999998,5.666666666666667,6.0,0.2222222222222222,19.333333333333332,137.0,1,2,15
2023,10,MAG,British Grand Prix,Great Britain,Silverstone,2023-07-09,False,52.0,20,MAG,Haas F1 Team,19.0,19.0,0.0,31.0,Retired,True,False,0,MEDIUM,MEDIUM,32.0,False,False,False,20.90625,29.86875,94.2955,93.613,93.0995,91.5685,1.195999999999998,2.0444999999999993,0.9544999999999959,17.666666666666668,16.4,0.2222222222222222,0.0,8.0,1,3,16
2023,10,NOR,British Grand Prix,Great Britain,Silverstone,2023-07-09,False,52.0,4,NOR,McLaren,2.0,2.0,18.0,52.0,Finished,False,False,1,MEDIUM,MEDIUM→HARD,33.0,True,False,False,21.04423076923077,29.859615384615385,92.721,90.997,93.0995,91.5685,-0.3785000000000025,-0.5715000000000003,-0.019499999999993634,11.333333333333334,12.0,0.0,4.0,29.0,1,5,18
2023,10,OCO,British Grand Prix,Great Britain,Silverstone,2023-07-09,False,52.0,31,OCO,Alpine,13.0,20.0,0.0,9.0,Retired,True,False,1,SOFT,SOFT,9.0,False,False,False,21.41111111111111,29.32222222222222,94.113,93.941,93.0995,91.5685,1.0134999999999934,2.3725000000000023,0.8259999999999934,10.0,8.4,0.2222222222222222,3.3333333333333335,45.0,0,0,19
2023,10,PER,British Grand Prix,Great Britain,Silverstone,2023-07-09,False,52.0,11,PER,Red Bull Racing,15.0,6.0,8.0,52.0,Finished,False,False,1,MEDIUM,MEDIUM→SOFT,28.0,True,False,False,21.04615384615385,29.892307692307693,93.04050000000001,91.28450000000001,93.0995,91.5685,-0.0589999999999975,-0.2839999999999918,0.7454999999999927,4.333333333333333,6.2,0.0,37.666666666666664,348.0,1,8,20
2023,10,PIA,British Grand Prix,Great Britain,Silverstone,2023-07-09,False,52.0,81,PIA,McLaren,3.0,4.0,12.0,52.0,Finished,False,False,1,MEDIUM,MEDIUM→HARD,29.0,True,False,False,21.048076923076923,29.857692307692307,92.7405,91.1685,93.0995,91.5685,-0.35900000000000887,-0.4000000000000057,0.019499999999993634,13.333333333333334,13.8,0.1111111111111111,4.0,29.0,1,5,21
2023,10,RUS,British Grand Prix,Great Britain,Silverstone,2023-07-09,False,52.0,63,RUS,Mercedes,6.0,5.0,10.0,52.0,Finished,False,False,1,SOFT,SOFT→MEDIUM,28.0,True,False,False,21.048076923076923,29.86730769230769,92.851,91.427,93.0995,91.5685,-0.24850000000000705,-0.14149999999999352,0.05099999999998772,9.666666666666666,7.6,0.2222222222222222,19.333333333333332,170.0,0,6,23
2023,10,SAI,British Grand Prix,Great Britain,Silverstone,2023-07-09,False,52.0,55,SAI,Ferrari,5.0,10.0,1.0,52.0,Finished,False,False,1,MEDIUM,MEDIUM→HARD,26.0,True,False,False,21.048076923076923,29.86730769230769,92.991,91.515,93.0995,91.5685,-0.10850000000000648,-0.05349999999999966,0.1595000000000084,5.333333333333333,5.8,0.0,19.333333333333332,137.0,1,2,24
2023,10,SAR,British Grand Prix,Great Britain,Silverstone,2023-07-09,False,52.0,2,SAR,Williams,14.0,11.0,0.0,52.0,Finished,False,False,1,MEDIUM,MEDIUM→SOFT,29.0,True,False,False,21.049999999999997,29.896153846153844,93.496,91.854,93.0995,91.5685,0.396499999999989,0.285499999999999,0.3269999999999982,17.666666666666668,18.2,0.2222222222222222,2.0,7.0,1,9,25
2023,10,STR,British Grand Prix,Great Britain,Silverstone,2023-07-09,False,52.0,18,STR,Aston Martin,12.0,14.0,0.0,52.0,Finished,False,False,1,MEDIUM,MEDIUM→SOFT,31.0,True,False,False,21.049999999999997,29.91346153846154,93.498,91.7565,93.0995,91.5685,0.3984999999999985,0.1880000000000024,0.44599999999999795,8.0,11.2,0.2222222222222222,15.333333333333334,162.0,1,1,26
2023,10,TSU,British Grand Prix,Great Britain,Silverstone,2023-07-09,False,52.0,22,TSU,RB,16.0,16.0,0.0,52.0,Finished,False,False,2,SOFT,SOFT→HARD→SOFT,14.0,True,False,False,21.040384615384614,29.91923076923077,93.2115,92.499,93.0995,91.5685,0.11199999999999477,0.930499999999995,-0.43549999999999045,15.0,14.2,0.0,0.0,2.0,0,7,27
2023,10,VER,British Grand Prix,Great Britain,Silverstone,2023-07-09,False,52.0,1,VER,Red Bull Racing,1.0,1.0,26.0,52.0,Finished,False,False,1,MEDIUM,MEDIUM→SOFT,33.0,True,False,False,21.042307692307695,29.873076923076926,92.295,90.648,93.0995,91.5685,-0.8045000000000044,-0.9205000000000041,-0.7455000000000211,1.0,1.0,0.0,37.666666666666664,348.0,1,8,28
2023,10,ZHO,British Grand Prix,Great Britain,Silverstone,2023-07-09,False,52.0,24,ZHO,Kick Sauber,17.0,15.0,0.0,52.0,Finished,False,False,3,MEDIUM,MEDIUM→HARD→SOFT→SOFT,24.0,True,False,False,21.048076923076923,29.903846153846153,93.601,92.1785,93.0995,91.5685,0.501499999999993,0.6099999999999994,0.05700000000001637,12.333333333333334,13.2,0.1111111111111111,1.0,9.0,1,4,30
2023,11,ALB,Hungarian Grand Prix,Hungary,Budapest,2023-07-23,False,70.0,23,ALB,Williams,16.0,11.0,0.0,69.0,Lapped,False,False,2,MEDIUM,MEDIUM→HARD→HARD,8.0,False,False,False,29.18550724637681,48.005797101449275,84.825,84.074,84.572,83.094,0.2530000000000001,0.980000000000004,-0.4099999999999966,8.666666666666666,11.2,0.2,3.3333333333333335,11.0,1,9,0
2023,11,ALO,Hungarian Grand Prix,Hungary,Budapest,2023-07-23,False,70.0,14,ALO,Aston Martin,8.0,9.0,2.0,70.0,Finished,False,False,2,MEDIUM,MEDIUM→HARD→HARD,20.0,False,False,False,29.187142857142856,47.97428571428571,84.654,82.992,84.572,83.094,0.08199999999999363,-0.10199999999998965,0.0,4.666666666666667,4.6,0.0,12.666666666666666,168.0,1,1,1
2023,11,BOT,Hungarian Grand Prix,Hungary,Budapest,2023-07-23,False,70.0,77,BOT,Kick Sauber,7.0,12.0,0.0,69.0,Lapped,False,False,2,MEDIUM,MEDIUM→HARD→HARD,9.0,False,False,False,29.18550724637681,48.01884057971015,84.95750000000001,84.00999999999999,84.572,83.094,0.3855000000000075,0.9159999999999968,-0.33899999999999864,12.333333333333334,13.4,0.0,0.3333333333333333,9.0,1,4,5
2023,11,GAS,Hungarian Grand Prix,Hungary,Budapest,2023-07-23,False,70.0,10,GAS,Alpine,15.0,20.0,0.0,1.0,Retired,True,False,1,SOFT,SOFT,1.0,False,False,False,28.8,49.5,,,84.572,83.094,,,0.0,13.333333333333334,11.4,0.2,1.6666666666666667,45.0,0,0,9
2023,11,HAM,Hungarian Grand Prix,Hungary,Budapest,2023-07-23,False,70.0,44,HAM,Mercedes,1.0,4.0,12.0,70.0,Finished,False,False,2,MEDIUM,MEDIUM→HARD→MEDIUM,16.0,False,False,False,29.18285714285714,48.00142857142857,84.202,82.127,84.572,83.094,-0.37000000000000455,-0.9669999999999987,0.3019999999999925,4.666666666666667,4.0,0.0,16.666666666666668,195.0,1,6,11
2023,11,HUL,Hungarian Grand Prix,Hungary,Budapest,2023-07-23,False,70.0,27,HUL,Haas F1 Team,10.0,14.0,0.0,69.0,Lapped,False,False,2,MEDIUM,MEDIUM→HARD→HARD,16.0,False,False,False,29.182608695652174,47.99710144927536,85.569,84.2125,84.572,83.094,0.9969999999999999,1.1185000000000116,-0.41799999999997794,16.0,16.0,0.1,0.0,8.0,1,3,12
2023,11,LEC,Hungarian Grand Prix,Hungary,Budapest,2023-07-23,False,70.0,16,LEC,Ferrari,6.0,7.0,6.0,70.0,Finished,False,False,2,MEDIUM,MEDIUM→HARD→HARD,17.0,False,False,False,29.181428571428572,47.97571428571429,84.516,82.814,84.572,83.094,-0.055999999999997385,-0.28000000000000114,0.020000000000010232,5.0,6.4,0.2,17.0,140.0,1,2,15
2023,11,MAG,Hungarian Grand Prix,Hungary,Budapest,2023-07-23,False,70.0,20,MAG,Haas F1 Team,19.0,17.0,0.0,69.0,Lapped,False,False,2,MEDIUM,MEDIUM→HARD→HARD,14.0,False,False,False,29.184057971014493,47.98550724637681,85.987,84.15299999999999,84.572,83.094,1.414999999999992,1.0589999999999975,0.41800000000000637,18.0,18.2,0.3,0.0,8.0,1,3,16
2023,11,NOR,Hungarian Grand Prix,Hungary,Budapest,2023-07-23,False,70.0,4,NOR,McLaren,3.0,2.0,18.0,70.0,Finished,False,False,2,MEDIUM,MEDIUM→HARD→MEDIUM,17.0,False,False,False,29.178571428571427,48.02142857142857,83.974,82.827,84.572,83.094,-0.597999999999999,-0.2669999999999959,-0.5289999999999964,6.333333333333333,9.0,0.0,14.0,59.0,1,5,18
2023,11,OCO,Hungarian Grand Prix,Hungary,Budapest,2023-07-23,False,70.0,31,OCO,Alpine,12.0,19.0,0.0,2.0,Retired,True,False,1,MEDIUM,MEDIUM,2.0,False,False,False,28.8,49.8,,,84.572,83.094,,,0.0,14.0,10.6,0.3,1.6666666666666667,45.0,1,0,19
2023,11,PER,Hungarian Grand Prix,Hungary,Budapest,2023-07-23,False,70.0,11,PER,Red Bull Racing,9.0,3.0,15.0,70.0,Finished,False,False,2,HARD,HARD→MEDIUM→MEDIUM,24.0,False,False,False,29.178571428571427,48.004285714285714,83.671,82.484,84.572,83.094,-0.9009999999999962,-0.6099999999999994,0.03200000000001069,5.0,7.0,0.0,36.333333333333336,382.0,2,8,20
2023,11,PIA,Hungarian Grand Prix,Hungary,Budapest,2023-07-23,False,70.0,81,PIA,McLaren,4.0,5.0,10.0,70.0,Finished,False,False,2,MEDIUM,MEDIUM→HARD→MEDIUM,18.0,False,False,False,29.18285714285714,48.01,84.503,83.456,84.572,83.094,-0.06900000000000261,0.362000000000009,0.5289999999999964,10.333333333333334,10.8,0.1,14.0,59.0,1,5,21
2023,11,RIC,Hungarian Grand Prix,Hungary,Budapest,2023-07-23,False,70.0,3,RIC,RB,13.0,13.0,0.0,69.0,Lapped,False,False,2,MEDIUM,MEDIUM→HARD→MEDIUM,18.0,False,False,False,29.184057971014493,48.017391304347825,84.4675,84.0895,84.572,83.094,-0.10450000000000159,0.9955000000000069,-1.021000000000015,12.0,12.6,,0.0,2.0,1,7,22
2023,11,RUS,Hungarian Grand Prix,Hungary,Budapest,2023-07-23,False,70.0,63,RUS,Mercedes,18.0,6.0,8.0,70.0,Finished,False,False,2,HARD,HARD→MEDIUM→MEDIUM,28.0,False,False,False,29.18857142857143,47.97857142857143,83.9,82.628,84.572,83.094,-0.671999999999997,-0.465999999999994,-0.3019999999999925,10.333333333333334,7.8,0.2,16.666666666666668,195.0,2,6,23
2023,11,SAI,Hungarian Grand Prix,Hungary,Budapest,2023-07-23,False,70.0,55,SAI,Ferrari,11.0,8.0,4.0,70.0,Finished,False,False,2,SOFT,SOFT→HARD→HARD,15.0,False,False,False,29.184285714285714,47.96857142857143,84.496,82.845,84.572,83.094,-0.07600000000000762,-0.24899999999999523,-0.020000000000010232,7.0,6.8,0.0,17.0,140.0,0,2,24
2023,11,SAR,Hungarian Grand Prix,Hungary,Budapest,2023-07-23,False,70.0,2,SAR,Williams,20.0,18.0,0.0,67.0,Retired,True,False,3,MEDIUM,MEDIUM→HARD→HARD,13.0,False,False,False,29.17910447761194,48.05671641791045,85.235,84.077,84.572,83.094,0.6629999999999967,0.9830000000000041,0.4099999999999966,14.666666666666666,16.4,0.2,3.3333333333333335,11.0,1,9,25
2023,11,STR,Hungarian Grand Prix,Hungary,Budapest,2023-07-23,False,70.0,18,STR,Aston Martin,14.0,10.0,1.0,69.0,Lapped,False,False,2,SOFT,SOFT→HARD→HARD,9.0,False,False,False,29.181159420289855,48.017391304347825,84.654,83.773,84.572,83.094,0.08199999999999363,0.679000000000002,0.0,10.666666666666666,11.6,0.2,12.666666666666666,168.0,0,1,26
2023,11,TSU,Hungarian Grand Prix,Hungary,Budapest,2023-07-23,False,70.0,22,TSU,RB,17.0,15.0,0.0,69.0,Lapped,False,False,2,SOFT,SOFT→HARD→MEDIUM,9.0,False,False,False,29.184057971014493,47.982608695652175,85.4885,83.976,84.572,83.094,0.9164999999999992,0.882000000000005,1.0209999999999866,16.333333333333332,15.2,0.0,0.0,2.0,0,7,27
2023,11,VER,Hungarian Grand Prix,Hungary,Budapest,2023-07-23,False,70.0,1,VER,Red Bull Racing,2.0,1.0,26.0,70.0,Finished,False,False,2,MEDIUM,MEDIUM→HARD→MEDIUM,23.0,False,False,False,29.18,48.01571428571428,83.639,81.754,84.572,83.094,-0.9330000000000069,-1.3399999999999892,-0.03200000000001069,1.0,1.0,0.0,36.333333333333336,382.0,1,8,28
2023,11,ZHO,Hungarian Grand Prix,Hungary,Budapest,2023-07-23,False,70.0,24,ZHO,Kick Sauber,5.0,16.0,0.0,69.0,Lapped,False,False,2,MEDIUM,MEDIUM→HARD→HARD,10.0,False,False,False,29.179710144927537,47.982608695652175,85.29650000000001,84.185,84.572,83.094,0.7245000000000061,1.0910000000000082,0.33899999999999864,14.333333333333334,13.0,0.1,0.3333333333333333,9.0,1,4,30
2023,12,ALB,Belgian Grand Prix,Belgium,Spa-Francorchamps,2023-07-30,False,44.0,23,ALB,Williams,15.0,14.0,0.0,44.0,Finished,False,True,3,SOFT,SOFT→MEDIUM→MEDIUM→SOFT,7.0,False,False,False,18.09090909090909,28.75909090909091,113.203,111.14,112.839,111.315,0.3640000000000043,-0.17499999999999716,-0.6189999999999998,10.0,10.6,0.18181818181818182,1.3333333333333333,11.0,0,9,0
2023,12,ALO,Belgian Grand Prix,Belgium,Spa-Francorchamps,2023-07-30,False,44.0,14,ALO,Aston Martin,9.0,5.0,10.0,44.0,Finished,False,True,2,MEDIUM,MEDIUM→MEDIUM→SOFT,10.0,False,False,False,18.079545454545453,28.786363636363635,112.505,111.279,112.839,111.315,-0.3340000000000032,-0.036000000000001364,-0.3790000000000191,7.0,6.0,0.0,7.0,171.0,1,1,1
2023,12,BOT,Belgian Grand Prix,Belgium,Spa-Francorchamps,2023-07-30,False,44.0,77,BOT,Kick Sauber,13.0,12.0,0.0,44.0,Finished,False,True,2,SOFT,SOFT→MEDIUM→MEDIUM,6.0,False,False,False,18.077272727272728,28.761363636363637,113.411,111.672,112.839,111.315,0.5720000000000027,0.3569999999999993,0.10800000000000409,13.0,13.6,0.0,0.0,9.0,0,4,5
2023,12,GAS,Belgian Grand Prix,Belgium,Spa-Francorchamps,2023-07-30,False,44.0,10,GAS,Alpine,12.0,11.0,0.0,44.0,Finished,False,True,1,SOFT,SOFT→MEDIUM,23.0,False,False,False,18.079545454545453,28.777272727272727,113.43,111.8665,112.839,111.315,0.5910000000000082,0.5515000000000043,0.703000000000003,16.0,14.0,0.2727272727272727,0.3333333333333333,45.0,0,0,9
2023,12,HAM,Belgian Grand Prix,Belgium,Spa-Francorchamps,2023-07-30,False,44.0,44,HAM,Mercedes,3.0,4.0,13.0,44.0,Finished,False,True,3,SOFT,SOFT→MEDIUM→SOFT→MEDIUM,12.0,False,False,False,18.075,28.829545454545453,112.215,110.935,112.839,111.315,-0.6239999999999952,-0.37999999999999545,-0.006000000000000227,5.0,4.0,0.0,18.333333333333332,215.0,0,6,11
2023,12,HUL,Belgian Grand Prix,Belgium,Spa-Francorchamps,2023-07-30,False,44.0,27,HUL,Haas F1 Team,20.0,18.0,0.0,44.0,Finished,False,True,2,MEDIUM,MEDIUM→SOFT→SOFT,12.0,False,False,False,18.09090909090909,28.802272727272726,113.91,111.844,112.839,111.315,1.070999999999998,0.5289999999999964,0.09100000000000819,15.666666666666666,15.4,0.09090909090909091,0.0,8.0,1,3,12
2023,12,LEC,Belgian Grand Prix,Belgium,Spa-Francorchamps,2023-07-30,False,44.0,16,LEC,Ferrari,1.0,3.0,15.0,44.0,Finished,False,True,2,SOFT,SOFT→MEDIUM→SOFT,13.0,False,False,False,18.08409090909091,28.85,112.243,110.919,112.839,111.315,-0.5960000000000036,-0.3960000000000008,-3.819000000000017,6.0,6.6,0.18181818181818182,13.0,150.0,0,2,15
2023,12,MAG,Belgian Grand Prix,Belgium,Spa-Francorchamps,2023-07-30,False,44.0,20,MAG,Haas F1 Team,16.0,15.0,0.0,44.0,Finished,False,True,2,SOFT,SOFT→MEDIUM→MEDIUM,5.0,False,False,False,18.088636363636365,28.79090909090909,113.819,111.804,112.839,111.315,0.980000000000004,0.4890000000000043,-0.09099999999997976,18.0,17.8,0.2727272727272727,0.0,8.0,0,3,16
2023,12,NOR,Belgian Grand Prix,Belgium,Spa-Francorchamps,2023-07-30,False,44.0,4,NOR,McLaren,7.0,7.0,6.0,44.0,Finished,False,True,2,MEDIUM,MEDIUM→HARD→SOFT,5.0,False,False,False,18.077272727272728,28.779545454545453,112.659,111.789,112.839,111.315,-0.1799999999999926,0.47400000000000375,0.0,2.6666666666666665,7.6,0.0,23.333333333333332,87.0,1,5,18
2023,12,OCO,Belgian Grand Prix,Belgium,Spa-Francorchamps,2023-07-30,False,44.0,31,OCO,Alpine,14.0,8.0,4.0,44.0,Finished,False,True,2,SOFT,SOFT→MEDIUM→SOFT,6.0,False,False,False,18.08409090909091,28.75681818181818,112.727,111.484,112.839,111.315,-0.11199999999999477,0.16899999999999693,-0.703000000000003,17.666666666666668,13.8,0.36363636363636365,0.3333333333333333,45.0,0,0,19
2023,12,PER,Belgian Grand Prix,Belgium,Spa-Francorchamps,2023-07-30,False,44.0,11,PER,Red Bull Racing,2.0,2.0,18.0,44.0,Finished,False,True,2,SOFT,SOFT→MEDIUM→SOFT,13.0,False,False,False,18.077272727272728,28.829545454545453,112.153,110.935,112.839,111.315,-0.6859999999999928,-0.37999999999999545,0.6810000000000116,4.0,4.4,0.0,38.666666666666664,423.0,0,8,20
2023,12,PIA,Belgian Grand Prix,Belgium,Spa-Francorchamps,2023-07-30,False,44.0,81,PIA,McLaren,5.0,20.0,0.0,0.0,Retired,True,True,0,MEDIUM,MEDIUM,1.0,False,False,False,18.0,28.6,,,112.839,111.315,,,0.0,8.333333333333334,9.8,0.09090909090909091,23.333333333333332,87.0,1,5,21
2023,12,RIC,Belgian Grand Prix,Belgium,Spa-Francorchamps,2023-07-30,False,44.0,3,RIC,RB,19.0,16.0,0.0,44.0,Finished,False,True,2,SOFT,SOFT→MEDIUM→MEDIUM,5.0,False,False,False,18.088636363636365,28.79090909090909,113.369,111.719,112.839,111.315,0.5300000000000011,0.40399999999999636,0.8149999999999977,14.0,13.0,0.0,0.0,2.0,0,7,22
2023,12,RUS,Belgian Grand Prix,Belgium,Spa-Francorchamps,2023-07-30,False,44.0,63,RUS,Mercedes,8.0,6.0,8.0,44.0,Finished,False,True,1,MEDIUM,MEDIUM→SOFT,22.0,False,False,False,18.072727272727274,28.772727272727273,112.221,111.474,112.839,111.315,-0.617999999999995,0.15900000000000603,0.006000000000000227,6.0,8.0,0.18181818181818182,18.333333333333332,215.0,1,6,23
2023,12,SAI,Belgian Grand Prix,Belgium,Spa-Francorchamps,2023-07-30,False,44.0,55,SAI,Ferrari,4.0,19.0,0.0,23.0,Retired,True,True,2,SOFT,SOFT→MEDIUM,7.0,False,False,False,17.97391304347826,28.70434782608696,116.062,113.893,112.839,111.315,3.222999999999999,2.578000000000003,3.8189999999999884,8.0,6.8,0.0,13.0,150.0,0,2,24
2023,12,SAR,Belgian Grand Prix,Belgium,Spa-Francorchamps,2023-07-30,False,44.0,2,SAR,Williams,18.0,17.0,0.0,44.0,Finished,False,True,3,SOFT,SOFT→MEDIUM→MEDIUM→SOFT,8.0,False,False,False,18.09318181818182,28.786363636363635,113.822,110.818,112.839,111.315,0.9830000000000041,-0.4969999999999999,0.6189999999999998,14.0,16.4,0.2727272727272727,1.3333333333333333,11.0,0,9,25
2023,12,STR,Belgian Grand Prix,Belgium,Spa-Francorchamps,2023-07-30,False,44.0,18,STR,Aston Martin,10.0,9.0,2.0,44.0,Finished,False,True,1,MEDIUM,MEDIUM→SOFT,20.0,False,False,False,18.077272727272728,28.779545454545453,112.884,111.70599999999999,112.839,111.315,0.045000000000001705,0.39099999999999113,0.3789999999999907,11.0,9.6,0.18181818181818182,7.0,171.0,1,1,26
2023,12,TSU,Belgian Grand Prix,Belgium,Spa-Francorchamps,2023-07-30,False,44.0,22,TSU,RB,11.0,10.0,1.0,44.0,Finished,False,True,2,MEDIUM,MEDIUM→MEDIUM→SOFT,9.0,False,False,False,18.081818181818182,28.76590909090909,112.554,111.997,112.839,111.315,-0.2849999999999966,0.6820000000000022,-0.8149999999999977,16.666666666666668,15.2,0.0,0.0,2.0,1,7,27
2023,12,VER,Belgian Grand Prix,Belgium,Spa-Francorchamps,2023-07-30,False,44.0,1,VER,Red Bull Racing,6.0,1.0,25.0,44.0,Finished,False,True,2,SOFT,SOFT→MEDIUM→SOFT,14.0,False,False,False,18.075,28.827272727272728,111.472,110.095,112.839,111.315,-1.3670000000000044,-1.2199999999999989,-0.6810000000000116,1.0,1.0,0.0,38.666666666666664,423.0,0,8,28
2023,12,ZHO,Belgian Grand Prix,Belgium,Spa-Francorchamps,2023-07-30,False,44.0,24,ZHO,Kick Sauber,17.0,13.0,0.0,44.0,Finished,False,True,2,SOFT,SOFT→MEDIUM→SOFT,7.0,False,False,False,18.088636363636365,28.797727272727272,113.303,111.69,112.839,111.315,0.46399999999999864,0.375,-0.10800000000000409,14.333333333333334,13.6,0.09090909090909091,0.0,9.0,0,4,30
2023,13,ALB,Dutch Grand Prix,Netherlands,Zandvoort,2023-08-27,False,72.0,23,ALB,Williams,4.0,8.0,4.0,72.0,Finished,False,True,4,SOFT,SOFT→MEDIUM→INTERMEDIATE→INTERMEDIATE→INTERMEDIATE,44.0,True,False,False,16.881944444444443,25.3375,76.391,74.917,76.90950000000001,75.046,-0.5185000000000031,-0.1290000000000049,-13.486999999999995,11.0,10.2,0.16666666666666666,1.3333333333333333,11.0,0,9,0
2023,13,ALO,Dutch Grand Prix,Netherlands,Zandvoort,2023-08-27,False,72.0,14,ALO,Aston Martin,5.0,2.0,19.0,72.0,Finished,False,True,5,SOFT,SOFT→INTERMEDIATE→SOFT→SOFT→INTERMEDIATE→INTERMEDIATE,2.0,True,False,False,16.88611111111111,25.381944444444443,75.921,74.12950000000001,76.90950000000001,75.046,-0.9885000000000019,-0.9164999999999992,-1.5139999999999816,7.0,5.6,0.0,7.0,183.0,0,1,1
2023,13,BOT,Dutch Grand Prix,Netherlands,Zandvoort,2023-08-27,False,72.0,77,BOT,Kick Sauber,18.0,14.0,0.0,72.0,Finished,False,True,5,SOFT,SOFT→MEDIUM→SOFT→INTERMEDIATE→INTERMEDIATE→INTERMEDIATE,16.0,True,False,False,16.87222222222222,25.322222222222223,77.837,75.297,76.90950000000001,75.046,0.9274999999999949,0.25099999999999056,0.8644999999999925,12.0,12.2,0.0,0.0,9.0,0,4,5
2023,13,GAS,Dutch Grand Prix,Netherlands,Zandvoort,2023-08-27,False,72.0,10,GAS,Alpine,12.0,3.0,15.0,72.0,Finished,False,True,5,SOFT,SOFT→INTERMEDIATE→SOFT→SOFT→INTERMEDIATE→INTERMEDIATE,1.0,True,False,False,16.887500000000003,25.397222222222222,76.0775,74.958,76.90950000000001,75.046,-0.8320000000000078,-0.08800000000000807,-0.5635000000000048,16.333333333333332,14.2,0.25,1.3333333333333333,49.0,0,0,9
2023,13,HAM,Dutch Grand Prix,Netherlands,Zandvoort,2023-08-27,False,72.0,44,HAM,Mercedes,13.0,6.0,8.0,72.0,Finished,False,True,5,MEDIUM,MEDIUM→INTERMEDIATE→SOFT→SOFT→INTERMEDIATE→INTERMEDIATE,3.0,True,False,False,16.88611111111111,25.387500000000003,76.519,74.6175,76.90950000000001,75.046,-0.39050000000000296,-0.42849999999999966,-0.5849999999999795,3.6666666666666665,4.4,0.0,22.0,236.0,1,6,11
2023,13,HUL,Dutch Grand Prix,Netherlands,Zandvoort,2023-08-27,False,72.0,27,HUL,Haas F1 Team,14.0,12.0,0.0,72.0,Finished,False,True,5,SOFT,SOFT→MEDIUM→SOFT→INTERMEDIATE→INTERMEDIATE→INTERMEDIATE,16.0,True,False,False,16.87222222222222,25.330555555555556,77.381,74.93,76.90950000000001,75.046,0.4714999999999918,-0.11599999999999966,0.06049999999999045,15.0,16.0,0.08333333333333333,0.0,8.0,0,3,12
2023,13,LAW,Dutch Grand Prix,Netherlands,Zandvoort,2023-08-27,False,72.0,40,LAW,RB,19.0,13.0,0.0,72.0,Finished,False,True,7,SOFT,SOFT→INTERMEDIATE→SOFT→MEDIUM→SOFT→INTERMEDIATE→INTERMEDIATE→INTERMEDIATE,1.0,True,False,False,16.873611111111114,25.334722222222222,77.7125,75.10050000000001,76.90950000000001,75.046,0.8029999999999973,0.054500000000004434,0.5185000000000173,,,,0.3333333333333333,3.0,0,7,14
2023,13,LEC,Dutch Grand Prix,Netherlands,Zandvoort,2023-08-27,False,72.0,16,LEC,Ferrari,9.0,19.0,0.0,41.0,Undertray,True,True,3,SOFT,SOFT→INTERMEDIATE→SOFT,1.0,True,False,False,16.88780487804878,26.44390243902439,78.0655,77.4315,76.90950000000001,75.046,1.1559999999999917,2.3854999999999933,1.8485000000000014,6.333333333333333,5.0,0.16666666666666666,9.333333333333334,165.0,0,2,15
2023,13,MAG,Dutch Grand Prix,Netherlands,Zandvoort,2023-08-27,False,72.0,20,MAG,Haas F1 Team,21.0,16.0,0.0,72.0,Finished,False,True,6,SOFT,SOFT→INTERMEDIATE→SOFT→MEDIUM→INTERMEDIATE→INTERMEDIATE→INTERMEDIATE,1.0,True,False,False,16.87222222222222,25.320833333333333,77.32050000000001,76.0135,76.90950000000001,75.046,0.41100000000000136,0.9674999999999869,-0.06049999999999045,17.0,17.2,0.25,0.0,8.0,0,3,16
2023,13,NOR,Dutch Grand Prix,Netherlands,Zandvoort,2023-08-27,False,72.0,4,NOR,McLaren,2.0,7.0,6.0,72.0,Finished,False,True,6,SOFT,SOFT→INTERMEDIATE→SOFT→SOFT→INTERMEDIATE→INTERMEDIATE→INTERMEDIATE,3.0,True,False,False,16.879166666666666,25.36388888888889,76.606,74.951,76.90950000000001,75.046,-0.30350000000001387,-0.09500000000001307,-0.11250000000001137,3.6666666666666665,5.6,0.0,21.333333333333332,93.0,0,5,18
2023,13,OCO,Dutch Grand Prix,Netherlands,Zandvoort,2023-08-27,False,72.0,31,OCO,Alpine,16.0,10.0,1.0,72.0,Finished,False,True,6,SOFT,SOFT→INTERMEDIATE→SOFT→SOFT→WET→INTERMEDIATE→INTERMEDIATE,2.0,True,False,False,16.876388888888886,25.354166666666668,76.641,74.9345,76.90950000000001,75.046,-0.26850000000000307,-0.1115000000000066,0.5635000000000048,15.666666666666666,13.8,0.3333333333333333,1.3333333333333333,49.0,0,0,19
2023,13,PER,Dutch Grand Prix,Netherlands,Zandvoort,2023-08-27,False,72.0,11,PER,Red Bull Racing,7.0,4.0,12.0,72.0,Finished,False,True,6,SOFT,SOFT→INTERMEDIATE→SOFT→SOFT→INTERMEDIATE→INTERMEDIATE→INTERMEDIATE,1.0,True,False,False,16.880555555555556,25.397222222222222,75.7765,74.65700000000001,76.90950000000001,75.046,-1.1330000000000098,-0.3889999999999958,0.26650000000000773,3.6666666666666665,4.0,0.0,39.333333333333336,466.0,0,8,20
2023,13,PIA,Dutch Grand Prix,Netherlands,Zandvoort,2023-08-27,False,72.0,81,PIA,McLaren,8.0,9.0,2.0,72.0,Finished,False,True,5,SOFT,SOFT→SOFT→MEDIUM→INTERMEDIATE→INTERMEDIATE→INTERMEDIATE,15.0,True,False,False,16.881944444444443,25.33888888888889,76.7185,74.685,76.90950000000001,75.046,-0.1910000000000025,-0.3610000000000042,0.11250000000001137,9.666666666666666,11.2,0.16666666666666666,21.333333333333332,93.0,0,5,21
2023,13,RUS,Dutch Grand Prix,Netherlands,Zandvoort,2023-08-27,False,72.0,63,RUS,Mercedes,3.0,17.0,0.0,72.0,Finished,False,True,7,SOFT,SOFT→INTERMEDIATE→SOFT→HARD→INTERMEDIATE→INTERMEDIATE→INTERMEDIATE→INTERMEDIATE,4.0,True,False,False,16.887500000000003,25.345833333333335,77.104,75.38,76.90950000000001,75.046,0.1944999999999908,0.333999999999989,0.585000000000008,5.666666666666667,8.6,0.16666666666666666,22.0,236.0,0,6,23
2023,13,SAI,Dutch Grand Prix,Netherlands,Zandvoort,2023-08-27,False,72.0,55,SAI,Ferrari,6.0,5.0,10.0,72.0,Finished,False,True,5,SOFT,SOFT→INTERMEDIATE→SOFT→SOFT→INTERMEDIATE→INTERMEDIATE,2.0,True,False,False,16.887500000000003,25.394444444444446,76.217,75.131,76.90950000000001,75.046,-0.6925000000000097,0.08499999999999375,-1.8485000000000014,12.333333333333334,9.6,0.08333333333333333,9.333333333333334,165.0,0,2,24
2023,13,SAR,Dutch Grand Prix,Netherlands,Zandvoort,2023-08-27,False,72.0,2,SAR,Williams,10.0,20.0,0.0,14.0,Accident,True,True,0,SOFT,SOFT,15.0,False,False,False,16.62666666666667,24.966666666666665,89.878,77.6115,76.90950000000001,75.046,12.968499999999992,2.5655,13.486999999999995,15.333333333333334,15.8,0.25,1.3333333333333333,11.0,0,9,25
2023,13,STR,Dutch Grand Prix,Netherlands,Zandvoort,2023-08-27,False,72.0,18,STR,Aston Martin,11.0,11.0,0.0,72.0,Finished,False,True,7,SOFT,SOFT→INTERMEDIATE→SOFT→MEDIUM→SOFT→INTERMEDIATE→INTERMEDIATE→INTERMEDIATE,4.0,True,False,False,16.881944444444443,25.354166666666668,77.435,75.611,76.90950000000001,75.046,0.5254999999999939,0.5649999999999977,1.51400000000001,11.0,10.2,0.16666666666666666,7.0,183.0,0,1,26
2023,13,TSU,Dutch Grand Prix,Netherlands,Zandvoort,2023-08-27,False,72.0,22,TSU,RB,17.0,15.0,0.0,72.0,Finished,False,True,5,SOFT,SOFT→INTERMEDIATE→SOFT→INTERMEDIATE→INTERMEDIATE→INTERMEDIATE,1.0,True,False,False,16.880555555555556,25.351388888888888,77.194,76.44,76.90950000000001,75.046,0.2844999999999942,1.3939999999999912,-0.5184999999999889,13.666666666666666,14.8,0.0,0.3333333333333333,3.0,0,7,27
2023,13,VER,Dutch Grand Prix,Netherlands,Zandvoort,2023-08-27,False,72.0,1,VER,Red Bull Racing,1.0,1.0,25.0,72.0,Finished,False,True,6,SOFT,SOFT→INTERMEDIATE→SOFT→SOFT→INTERMEDIATE→WET→INTERMEDIATE,2.0,True,False,False,16.890277777777776,25.40972222222222,75.51,74.26400000000001,76.90950000000001,75.046,-1.3995000000000033,-0.7819999999999965,-0.2664999999999793,1.0,1.0,0.0,39.333333333333336,466.0,0,8,28
2023,13,ZHO,Dutch Grand Prix,Netherlands,Zandvoort,2023-08-27,False,72.0,24,ZHO,Kick Sauber,15.0,18.0,0.0,62.0,Accident,True,True,4,SOFT,SOFT→INTERMEDIATE→MEDIUM→SOFT→INTERMEDIATE,1.0,True,False,False,17.030158730158732,26.214285714285715,76.9725,75.752,76.90950000000001,75.046,0.06299999999998818,0.7059999999999889,-0.8645000000000209,14.666666666666666,14.4,0.08333333333333333,0.0,9.0,0,4,30
2023,14,ALB,Italian Grand Prix,Italy,Monza,2023-09-03,False,51.0,23,ALB,Williams,6.0,7.0,6.0,51.0,Finished,False,False,1,MEDIUM,MEDIUM→HARD,15.0,False,False,False,29.870588235294118,42.856862745098034,86.8955,86.578,86.9625,85.988,-0.06700000000000728,0.5900000000000034,-0.39750000000000796,11.0,10.4,0.15384615384615385,1.3333333333333333,15.0,1,9,0
2023,14,ALO,Italian Grand Prix,Italy,Monza,2023-09-03,False,51.0,14,ALO,Aston Martin,10.0,9.0,2.0,51.0,Finished,False,False,1,MEDIUM,MEDIUM→HARD,21.0,False,False,False,29.870588235294118,42.864705882352936,86.929,86.403,86.9625,85.988,-0.03350000000000364,0.41500000000000625,-0.41100000000000136,5.333333333333333,5.6,0.0,11.333333333333334,202.0,1,1,1
2023,14,BOT,Italian Grand Prix,Italy,Monza,2023-09-03,False,51.0,77,BOT,Kick Sauber,14.0,10.0,1.0,51.0,Finished,False,False,1,HARD,HARD→MEDIUM,25.0,False,False,False,29.876470588235296,42.872549019607845,87.203,86.545,86.9625,85.988,0.24049999999999727,0.5570000000000022,0.05000000000001137,12.666666666666666,13.0,0.0,0.0,9.0,2,4,5
2023,14,GAS,Italian Grand Prix,Italy,Monza,2023-09-03,False,51.0,10,GAS,Alpine,17.0,15.0,0.0,51.0,Finished,False,False,2,MEDIUM,MEDIUM→HARD→MEDIUM,10.0,False,False,False,29.880392156862747,42.89019607843137,87.189,86.292,86.9625,85.988,0.22649999999998727,0.30400000000000205,-0.3930000000000007,11.333333333333334,12.4,0.23076923076923078,6.666666666666667,65.0,1,0,9
2023,14,HAM,Italian Grand Prix,Italy,Monza,2023-09-03,False,51.0,44,HAM,Mercedes,8.0,6.0,8.0,51.0,Finished,False,False,1,HARD,HARD→MEDIUM,27.0,False,False,False,29.866666666666667,42.86666666666666,86.8755,85.999,86.9625,85.988,-0.0870000000000033,0.01099999999999568,0.45750000000001023,4.666666666666667,5.0,0.0,16.333333333333332,244.0,2,6,11
2023,14,HUL,Italian Grand Prix,Italy,Monza,2023-09-03,False,51.0,27,HUL,Haas F1 Team,13.0,17.0,0.0,50.0,Lapped,False,False,2,MEDIUM,MEDIUM→HARD→MEDIUM,14.0,False,False,False,29.872549019607842,42.87647058823529,87.294,86.251,86.9625,85.988,0.33149999999999125,0.26300000000000523,-0.09000000000000341,14.666666666666666,15.4,0.07692307692307693,0.0,8.0,1,3,12
2023,14,LAW,Italian Grand Prix,Italy,Monza,2023-09-03,False,51.0,40,LAW,RB,12.0,11.0,0.0,51.0,Finished,False,False,2,MEDIUM,MEDIUM→HARD→MEDIUM,13.0,False,False,False,29.872549019607842,42.86274509803921,87.089,86.121,86.9625,85.988,0.12649999999999295,0.13299999999999557,0.0,13.0,13.0,0.0,0.3333333333333333,3.0,1,7,14
2023,14,LEC,Italian Grand Prix,Italy,Monza,2023-09-03,False,51.0,16,LEC,Ferrari,3.0,4.0,12.0,51.0,Finished,False,False,1,MEDIUM,MEDIUM→HARD,20.0,False,False,False,29.872549019607842,42.87647058823529,86.4605,85.671,86.9625,85.988,-0.5020000000000095,-0.31699999999999307,0.16949999999999932,9.666666666666666,8.0,0.23076923076923078,11.666666666666666,175.0,1,2,15
2023,14,MAG,Italian Grand Prix,Italy,Monza,2023-09-03,False,51.0,20,MAG,Haas F1 Team,19.0,18.0,0.0,50.0,Lapped,False,False,2,HARD,HARD→MEDIUM→MEDIUM,12.0,False,False,False,29.876470588235296,42.85294117647059,87.384,86.394,86.9625,85.988,0.42149999999999466,0.4060000000000059,0.09000000000000341,16.0,17.0,0.23076923076923078,0.0,8.0,2,3,16
2023,14,NOR,Italian Grand Prix,Italy,Monza,2023-09-03,False,51.0,4,NOR,McLaren,9.0,8.0,4.0,51.0,Finished,False,False,1,MEDIUM,MEDIUM→HARD,22.0,False,False,False,29.86862745098039,42.86078431372549,86.9925,86.424,86.9625,85.988,0.030000000000001137,0.43600000000000705,0.13249999999999318,5.333333333333333,4.4,0.0,14.0,101.0,1,5,18
2023,14,OCO,Italian Grand Prix,Italy,Monza,2023-09-03,False,51.0,31,OCO,Alpine,18.0,19.0,0.0,39.0,Retired,True,False,2,MEDIUM,MEDIUM→HARD,24.0,False,False,False,29.825641025641026,43.276923076923076,87.582,87.119,86.9625,85.988,0.619499999999988,1.1310000000000002,0.3930000000000007,12.333333333333334,14.2,0.3076923076923077,6.666666666666667,65.0,1,0,19
2023,14,PER,Italian Grand Prix,Italy,Monza,2023-09-03,False,51.0,11,PER,Red Bull Racing,5.0,2.0,18.0,51.0,Finished,False,False,1,MEDIUM,MEDIUM→HARD,21.0,False,False,False,29.872549019607842,42.88235294117647,86.3435,85.598,86.9625,85.988,-0.6189999999999998,-0.39000000000000057,0.32150000000001455,3.0,3.6,0.0,40.333333333333336,503.0,1,8,20
2023,14,PIA,Italian Grand Prix,Italy,Monza,2023-09-03,False,51.0,81,PIA,McLaren,7.0,12.0,0.0,51.0,Finished,False,False,2,MEDIUM,MEDIUM→HARD→MEDIUM,23.0,False,False,False,29.86470588235294,42.864705882352936,86.86,85.841,86.9625,85.988,-0.10250000000000625,-0.14700000000000557,-0.1325000000000216,11.333333333333334,10.8,0.15384615384615385,14.0,101.0,1,5,21
2023,14,RUS,Italian Grand Prix,Italy,Monza,2023-09-03,False,51.0,63,RUS,Mercedes,4.0,5.0,10.0,51.0,Finished,False,False,1,MEDIUM,MEDIUM→HARD,19.0,False,False,False,29.872549019607842,42.87647058823529,86.418,86.119,86.9625,85.988,-0.5444999999999993,0.13100000000000023,-0.4574999999999818,9.666666666666666,8.2,0.15384615384615385,16.333333333333332,244.0,1,6,23
2023,14,SAI,Italian Grand Prix,Italy,Monza,2023-09-03,False,51.0,55,SAI,Ferrari,1.0,3.0,15.0,51.0,Finished,False,False,1,MEDIUM,MEDIUM→HARD,19.0,False,False,False,29.86862745098039,42.87647058823529,86.291,85.72,86.9625,85.988,-0.6715000000000089,-0.2680000000000007,-0.16949999999999932,10.666666666666666,9.6,0.07692307692307693,11.666666666666666,175.0,1,2,24
2023,14,SAR,Italian Grand Prix,Italy,Monza,2023-09-03,False,51.0,2,SAR,Williams,15.0,13.0,0.0,51.0,Finished,False,False,1,MEDIUM,MEDIUM→HARD,14.0,False,False,False,29.874509803921566,42.88235294117647,87.293,87.103,86.9625,85.988,0.3305000000000007,1.1149999999999949,0.39750000000000796,18.333333333333332,15.8,0.3076923076923077,1.3333333333333333,15.0,1,9,25
2023,14,STR,Italian Grand Prix,Italy,Monza,2023-09-03,False,51.0,18,STR,Aston Martin,20.0,16.0,0.0,51.0,Finished,False,False,1,MEDIUM,MEDIUM→HARD,20.0,False,False,False,29.874509803921566,42.8686274509804,87.34,86.832,86.9625,85.988,0.3774999999999977,0.8439999999999941,0.41100000000000136,10.0,10.6,0.15384615384615385,11.333333333333334,202.0,1,1,26
2023,14,VER,Italian Grand Prix,Italy,Monza,2023-09-03,False,51.0,1,VER,Red Bull Racing,2.0,1.0,25.0,51.0,Finished,False,False,1,MEDIUM,MEDIUM→HARD,20.0,False,False,False,29.86862745098039,42.8921568627451,86.02199999999999,85.471,86.9625,85.988,-0.9405000000000143,-0.5169999999999959,-0.32150000000001455,1.0,1.0,0.0,40.333333333333336,503.0,1,8,28
2023,14,ZHO,Italian Grand Prix,Italy,Monza,2023-09-03,False,51.0,24,ZHO,Kick Sauber,16.0,14.0,0.0,51.0,Finished,False,False,2,MEDIUM,MEDIUM→HARD→MEDIUM,11.0,False,False,False,29.87843137254902,42.88823529411765,87.153,86.305,86.9625,85.988,0.1905000000000001,0.3170000000000073,-0.04999999999998295,15.666666666666666,14.8,0.15384615384615385,0.0,9.0,1,4,30
2023,15,ALB,Singapore Grand Prix,Singapore,Marina Bay,2023-09-17,True,62.0,23,ALB,Williams,14.0,11.0,0.0,62.0,Finished,False,False,2,MEDIUM,MEDIUM→HARD→MEDIUM,20.0,True,False,False,29.822580645161292,35.788709677419355,100.775,98.122,100.40450000000001,98.439,0.3704999999999927,-0.31699999999999307,0.8029999999999973,9.666666666666666,9.6,0.14285714285714285,3.3333333333333335,21.0,1,9,0
2023,15,ALO,Singapore Grand Prix,Singapore,Marina Bay,2023-09-17,True,62.0,14,ALO,Aston Martin,7.0,15.0,0.0,62.0,Finished,False,False,2,MEDIUM,MEDIUM→HARD→SOFT,20.0,True,True,False,29.825806451612905,35.8,100.346,98.303,100.40450000000001,98.439,-0.05850000000000932,-0.13599999999999568,0.0,5.333333333333333,6.4,0.0,11.0,204.0,1,1,1
2023,15,BOT,Singapore Grand Prix,Singapore,Marina Bay,2023-09-17,True,62.0,77,BOT,Kick Sauber,16.0,17.0,0.0,51.0,Retired,True,False,1,HARD,HARD→MEDIUM,40.0,True,False,False,29.88269230769231,35.95,101.27,98.549,100.40450000000001,98.439,0.8654999999999831,0.11000000000001364,0.46399999999999864,12.0,12.0,0.0,0.3333333333333333,10.0,2,4,5
2023,15,GAS,Singapore Grand Prix,Singapore,Marina Bay,2023-09-17,True,62.0,10,GAS,Alpine,12.0,6.0,8.0,62.0,Finished,False,False,1,MEDIUM,MEDIUM→HARD,20.0,True,True,False,29.82903225806452,35.79354838709677,100.602,98.688,100.40450000000001,98.439,0.1974999999999909,0.24900000000000944,0.050499999999999545,9.666666666666666,13.4,0.21428571428571427,6.666666666666667,65.0,1,0,9
2023,15,HAM,Singapore Grand Prix,Singapore,Marina Bay,2023-09-17,True,62.0,44,HAM,Mercedes,5.0,3.0,16.0,62.0,Finished,False,False,2,MEDIUM,MEDIUM→HARD→MEDIUM,20.0,True,True,False,29.82741935483871,35.79677419354839,99.686,96.479,100.40450000000001,98.439,-0.7185000000000059,-1.9599999999999937,-0.08999999999997499,5.333333333333333,4.6,0.0,15.666666666666666,262.0,1,6,11
2023,15,HUL,Singapore Grand Prix,Singapore,Marina Bay,2023-09-17,True,62.0,27,HUL,Haas F1 Team,9.0,13.0,0.0,62.0,Finished,False,False,1,MEDIUM,MEDIUM→HARD,20.0,True,True,False,29.822580645161292,35.78387096774193,101.038,100.479,100.40450000000001,98.439,0.6334999999999837,2.0400000000000063,0.27149999999997476,15.666666666666666,14.8,0.07142857142857142,0.0,8.0,1,3,12
2023,15,LAW,Singapore Grand Prix,Singapore,Marina Bay,2023-09-17,True,62.0,40,LAW,RB,10.0,9.0,2.0,62.0,Finished,False,False,1,MEDIUM,MEDIUM→HARD,20.0,True,True,False,29.824193548387097,35.78064516129032,100.953,99.884,100.40450000000001,98.439,0.54849999999999,1.4450000000000074,0.0,12.0,12.0,0.0,0.3333333333333333,3.0,1,7,14
2023,15,LEC,Singapore Grand Prix,Singapore,Marina Bay,2023-09-17,True,62.0,16,LEC,Ferrari,3.0,4.0,12.0,62.0,Finished,False,False,1,SOFT,SOFT→HARD,20.0,True,True,False,29.82741935483871,35.80483870967742,99.892,98.803,100.40450000000001,98.439,-0.512500000000017,0.3640000000000043,0.26249999999998863,8.666666666666666,8.4,0.21428571428571427,17.333333333333332,202.0,0,2,15
2023,15,MAG,Singapore Grand Prix,Singapore,Marina Bay,2023-09-17,True,62.0,20,MAG,Haas F1 Team,6.0,10.0,1.0,62.0,Finished,False,False,2,MEDIUM,MEDIUM→HARD→SOFT,20.0,True,False,False,29.822580645161292,35.791935483870965,100.76650000000001,98.407,100.40450000000001,98.439,0.36199999999999477,-0.031999999999996476,-0.2715000000000032,16.333333333333332,17.0,0.21428571428571427,0.0,8.0,1,3,16
2023,15,NOR,Singapore Grand Prix,Singapore,Marina Bay,2023-09-17,True,62.0,4,NOR,McLaren,4.0,2.0,18.0,62.0,Finished,False,False,1,MEDIUM,MEDIUM→HARD,20.0,True,False,False,29.82903225806452,35.80483870967742,99.697,98.173,100.40450000000001,98.439,-0.7075000000000102,-0.26599999999999113,-0.8559999999999945,7.333333333333333,5.2,0.0,6.0,105.0,1,5,18
2023,15,OCO,Singapore Grand Prix,Singapore,Marina Bay,2023-09-17,True,62.0,31,OCO,Alpine,8.0,18.0,0.0,42.0,Retired,True,False,1,MEDIUM,MEDIUM→HARD,20.0,True,False,False,29.948837209302326,36.169767441860465,100.5515,100.04,100.40450000000001,98.439,0.14699999999999136,1.6010000000000133,-0.050499999999999545,12.333333333333334,15.2,0.35714285714285715,6.666666666666667,65.0,1,0,19
2023,15,PER,Singapore Grand Prix,Singapore,Marina Bay,2023-09-17,True,62.0,11,PER,Red Bull Racing,13.0,8.0,4.0,62.0,Finished,False,False,1,HARD,HARD→MEDIUM,39.0,True,False,False,29.824193548387097,35.79032258064516,100.595,98.013,100.40450000000001,98.439,0.1904999999999859,-0.4259999999999877,0.32900000000000773,2.6666666666666665,3.4,0.0,41.0,546.0,2,8,20
2023,15,PIA,Singapore Grand Prix,Singapore,Marina Bay,2023-09-17,True,62.0,81,PIA,McLaren,17.0,7.0,6.0,62.0,Finished,False,False,1,MEDIUM,MEDIUM→HARD,20.0,True,True,False,29.82903225806452,35.79032258064516,100.553,98.832,100.40450000000001,98.439,0.1484999999999843,0.3930000000000007,0.8559999999999945,13.666666666666666,10.0,0.14285714285714285,6.0,105.0,1,5,21
2023,15,RUS,Singapore Grand Prix,Singapore,Marina Bay,2023-09-17,True,62.0,63,RUS,Mercedes,2.0,16.0,0.0,61.0,Retired,True,False,2,MEDIUM,MEDIUM→HARD→MEDIUM,20.0,True,False,False,29.82903225806452,35.8,99.776,96.937,100.40450000000001,98.439,-0.6285000000000167,-1.5019999999999953,0.09000000000000341,9.333333333333334,7.8,0.14285714285714285,15.666666666666666,262.0,1,6,23
2023,15,SAI,Singapore Grand Prix,Singapore,Marina Bay,2023-09-17,True,62.0,55,SAI,Ferrari,1.0,1.0,25.0,62.0,Finished,False,False,1,MEDIUM,MEDIUM→HARD,20.0,True,False,False,29.82741935483871,35.81612903225806,99.62950000000001,98.221,100.40450000000001,98.439,-0.7750000000000057,-0.2179999999999893,-0.26249999999998863,9.0,9.0,0.07142857142857142,17.333333333333332,202.0,1,2,24
2023,15,SAR,Singapore Grand Prix,Singapore,Marina Bay,2023-09-17,True,62.0,2,SAR,Williams,18.0,14.0,0.0,62.0,Finished,False,False,2,MEDIUM,MEDIUM→HARD→MEDIUM,19.0,True,False,False,29.822580645161292,35.774193548387096,99.972,98.711,100.40450000000001,98.439,-0.43250000000001876,0.27200000000000557,-0.8030000000000257,16.666666666666668,15.8,0.2857142857142857,3.3333333333333335,21.0,1,9,25
2023,15,TSU,Singapore Grand Prix,Singapore,Marina Bay,2023-09-17,True,62.0,22,TSU,RB,15.0,19.0,0.0,0.0,Retired,True,False,0,SOFT,SOFT,1.0,False,False,False,29.8,36.7,,,100.40450000000001,98.439,,,0.0,13.333333333333334,15.0,0.0,0.3333333333333333,3.0,0,7,27
2023,15,VER,Singapore Grand Prix,Singapore,Marina Bay,2023-09-17,True,62.0,1,VER,Red Bull Racing,11.0,5.0,10.0,62.0,Finished,False,False,1,HARD,HARD→MEDIUM,40.0,True,True,False,29.824193548387097,35.79354838709677,100.266,96.9055,100.40450000000001,98.439,-0.13850000000000762,-1.5334999999999894,-0.3289999999999793,1.0,1.0,0.0,41.0,546.0,2,8,28
2023,15,ZHO,Singapore Grand Prix,Singapore,Marina Bay,2023-09-17,True,62.0,24,ZHO,Kick Sauber,19.0,12.0,0.0,62.0,Finished,False,False,2,SOFT,SOFT→HARD→MEDIUM,2.0,True,True,False,29.820967741935487,35.777419354838706,100.806,100.179,100.40450000000001,98.439,0.4014999999999844,1.740000000000009,-0.46399999999999864,15.0,15.2,0.14285714285714285,0.3333333333333333,10.0,0,4,30
2023,16,ALB,Japanese Grand Prix,Japan,Suzuka,2023-09-24,False,53.0,23,ALB,Williams,13.0,16.0,0.0,26.0,Retired,True,False,3,MEDIUM,MEDIUM→MEDIUM→SOFT,1.0,True,False,False,27.24230769230769,42.36538461538461,100.339,99.549,98.6225,97.21000000000001,1.7164999999999964,2.3389999999999986,-0.2545000000000073,8.666666666666666,10.2,0.13333333333333333,3.3333333333333335,21.0,1,9,0
2023,16,ALO,Japanese Grand Prix,Japan,Suzuka,2023-09-24,False,53.0,14,ALO,Aston Martin,10.0,8.0,4.0,53.0,Finished,False,False,2,SOFT,SOFT→HARD→HARD,11.0,True,False,False,27.249056603773585,39.818867924528305,98.637,97.398,98.6225,97.21000000000001,0.014499999999998181,0.18799999999998818,-1.4300000000000068,8.666666666666666,8.0,0.0,7.0,204.0,0,1,1
2023,16,BOT,Japanese Grand Prix,Japan,Suzuka,2023-09-24,False,53.0,77,BOT,Kick Sauber,16.0,20.0,0.0,7.0,Retired,True,False,3,SOFT,SOFT→SOFT→HARD,1.0,True,False,False,27.12857142857143,43.300000000000004,122.755,122.755,98.6225,97.21000000000001,24.132499999999993,25.544999999999987,23.877499999999998,13.666666666666666,13.0,0.06666666666666667,0.3333333333333333,10.0,0,4,5
2023,16,GAS,Japanese Grand Prix,Japan,Suzuka,2023-09-24,False,53.0,10,GAS,Alpine,12.0,10.0,1.0,53.0,Finished,False,False,2,MEDIUM,MEDIUM→HARD→HARD,18.0,True,False,False,27.247169811320752,39.820754716981135,98.656,97.1,98.6225,97.21000000000001,0.03350000000000364,-0.11000000000001364,-0.10199999999997544,8.0,11.0,0.2,8.0,73.0,1,0,9
2023,16,HAM,Japanese Grand Prix,Japan,Suzuka,2023-09-24,False,53.0,44,HAM,Mercedes,7.0,5.0,10.0,53.0,Finished,False,False,2,MEDIUM,MEDIUM→HARD→HARD,16.0,True,False,False,27.250943396226415,39.81132075471698,98.33500000000001,96.92699999999999,98.6225,97.21000000000001,-0.2874999999999943,-0.28300000000001546,-0.626499999999993,5.0,4.6,0.0,14.0,278.0,1,6,11
2023,16,HUL,Japanese Grand Prix,Japan,Suzuka,2023-09-24,False,53.0,27,HUL,Haas F1 Team,18.0,14.0,0.0,52.0,Lapped,False,False,3,SOFT,SOFT→MEDIUM→HARD→MEDIUM,8.0,True,False,False,27.251923076923074,39.87307692307692,98.605,97.53649999999999,98.6225,97.21000000000001,-0.017499999999998295,0.3264999999999816,-0.6629999999999825,14.0,14.8,0.06666666666666667,0.3333333333333333,9.0,0,3,12
2023,16,LAW,Japanese Grand Prix,Japan,Suzuka,2023-09-24,False,53.0,40,LAW,RB,11.0,11.0,0.0,52.0,Lapped,False,False,2,SOFT,SOFT→MEDIUM→HARD,10.0,True,False,False,27.253846153846155,39.87307692307692,98.8105,98.35849999999999,98.6225,97.21000000000001,0.1880000000000024,1.1484999999999843,-0.47599999999997067,11.0,11.0,0.0,0.6666666666666666,5.0,0,7,14
2023,16,LEC,Japanese Grand Prix,Japan,Suzuka,2023-09-24,False,53.0,16,LEC,Ferrari,4.0,4.0,12.0,53.0,Finished,False,False,2,MEDIUM,MEDIUM→MEDIUM→HARD,17.0,True,False,False,27.250943396226415,39.81509433962264,98.16749999999999,96.83600000000001,98.6225,97.21000000000001,-0.4550000000000125,-0.3739999999999952,-0.4435000000000002,9.0,7.4,0.2,24.666666666666668,239.0,1,2,15
2023,16,MAG,Japanese Grand Prix,Japan,Suzuka,2023-09-24,False,53.0,20,MAG,Haas F1 Team,15.0,15.0,0.0,52.0,Lapped,False,False,2,MEDIUM,MEDIUM→HARD→HARD,12.0,True,False,False,27.25576923076923,39.857692307692304,99.268,98.042,98.6225,97.21000000000001,0.6454999999999984,0.8319999999999936,0.6630000000000109,14.666666666666666,15.2,0.2,0.3333333333333333,9.0,1,3,16
2023,16,NOR,Japanese Grand Prix,Japan,Suzuka,2023-09-24,False,53.0,4,NOR,McLaren,3.0,2.0,18.0,53.0,Finished,False,False,2,MEDIUM,MEDIUM→HARD→HARD,17.0,True,False,False,27.256603773584903,39.83396226415094,97.7425,95.9875,98.6225,97.21000000000001,-0.8799999999999955,-1.2225000000000108,-0.7154999999999916,5.666666666666667,5.2,0.0,12.0,129.0,1,5,18
2023,16,OCO,Japanese Grand Prix,Japan,Suzuka,2023-09-24,False,53.0,31,OCO,Alpine,14.0,9.0,2.0,53.0,Finished,False,False,2,MEDIUM,MEDIUM→HARD→HARD,1.0,True,False,False,27.249056603773585,39.82452830188679,98.758,97.793,98.6225,97.21000000000001,0.1354999999999933,0.5829999999999984,0.10200000000000387,15.666666666666666,14.8,0.4,8.0,73.0,1,0,19
2023,16,PER,Japanese Grand Prix,Japan,Suzuka,2023-09-24,False,53.0,11,PER,Red Bull Racing,5.0,19.0,0.0,15.0,Retired,True,False,5,MEDIUM,MEDIUM→HARD→SOFT→SOFT→SOFT,2.0,True,False,False,27.186666666666667,42.473333333333336,100.466,99.704,98.6225,97.21000000000001,1.8434999999999917,2.4939999999999856,2.8704999999999927,4.666666666666667,3.8,0.0,31.333333333333332,560.0,1,8,20
2023,16,PIA,Japanese Grand Prix,Japan,Suzuka,2023-09-24,False,53.0,81,PIA,McLaren,2.0,3.0,15.0,53.0,Finished,False,False,2,MEDIUM,MEDIUM→HARD→HARD,13.0,True,False,False,27.250943396226415,39.82452830188679,98.458,96.704,98.6225,97.21000000000001,-0.16450000000000387,-0.5060000000000144,0.7154999999999916,9.333333333333334,10.6,0.13333333333333333,12.0,129.0,1,5,21
2023,16,RUS,Japanese Grand Prix,Japan,Suzuka,2023-09-24,False,53.0,63,RUS,Mercedes,8.0,7.0,6.0,53.0,Finished,False,False,1,MEDIUM,MEDIUM→HARD,24.0,True,False,False,27.249056603773585,39.820754716981135,98.9615,97.951,98.6225,97.21000000000001,0.33899999999999864,0.7409999999999854,0.626499999999993,12.666666666666666,10.0,0.2,14.0,278.0,1,6,23
2023,16,SAI,Japanese Grand Prix,Japan,Suzuka,2023-09-24,False,53.0,55,SAI,Ferrari,6.0,6.0,8.0,53.0,Finished,False,False,2,MEDIUM,MEDIUM→MEDIUM→HARD,18.0,True,False,False,27.249056603773585,39.816981132075476,98.61099999999999,96.7005,98.6225,97.21000000000001,-0.011500000000012278,-0.5095000000000027,0.4435000000000002,3.0,7.2,0.06666666666666667,24.666666666666668,239.0,1,2,24
2023,16,SAR,Japanese Grand Prix,Japan,Suzuka,2023-09-24,False,53.0,2,SAR,Williams,20.0,17.0,0.0,22.0,Retired,True,False,4,MEDIUM,MEDIUM→MEDIUM→MEDIUM→HARD,2.0,True,False,False,27.222727272727273,42.872727272727275,100.5935,99.28450000000001,98.6225,97.21000000000001,1.9710000000000036,2.0745000000000005,0.2545000000000073,15.666666666666666,16.4,0.26666666666666666,3.3333333333333335,21.0,1,9,25
2023,16,STR,Japanese Grand Prix,Japan,Suzuka,2023-09-24,False,53.0,18,STR,Aston Martin,17.0,18.0,0.0,20.0,Retired,True,False,2,SOFT,SOFT→MEDIUM,14.0,True,False,False,27.205000000000002,43.11,100.06700000000001,99.08099999999999,98.6225,97.21000000000001,1.444500000000005,1.870999999999981,1.4300000000000068,12.0,12.0,0.14285714285714285,7.0,204.0,0,1,26
2023,16,TSU,Japanese Grand Prix,Japan,Suzuka,2023-09-24,False,53.0,22,TSU,RB,9.0,12.0,0.0,52.0,Lapped,False,False,2,SOFT,SOFT→MEDIUM→HARD,9.0,True,False,False,27.253846153846155,39.88461538461539,99.28649999999999,97.90899999999999,98.6225,97.21000000000001,0.6639999999999873,0.6989999999999839,0.4759999999999991,14.666666666666666,15.0,0.07142857142857142,0.6666666666666666,5.0,0,7,27
2023,16,VER,Japanese Grand Prix,Japan,Suzuka,2023-09-24,False,53.0,1,VER,Red Bull Racing,1.0,1.0,26.0,53.0,Finished,False,False,2,MEDIUM,MEDIUM→MEDIUM→HARD,16.0,True,False,False,27.254716981132077,39.85849056603774,97.5955,95.688,98.6225,97.21000000000001,-1.027000000000001,-1.5220000000000056,-2.8704999999999927,2.3333333333333335,1.8,0.0,31.333333333333332,560.0,1,8,28
2023,16,ZHO,Japanese Grand Prix,Japan,Suzuka,2023-09-24,False,53.0,24,ZHO,Kick Sauber,19.0,13.0,0.0,52.0,Lapped,False,False,3,SOFT,SOFT→SOFT→SOFT→HARD,1.0,True,False,False,27.251923076923074,39.87692307692308,98.8775,98.1445,98.6225,97.21000000000001,0.25499999999999545,0.9344999999999857,-23.877499999999998,14.666666666666666,14.6,0.13333333333333333,0.3333333333333333,10.0,0,4,30
2023,17,ALB,Qatar Grand Prix,Qatar,Lusail,2023-10-08,False,57.0,23,ALB,Williams,13.0,13.0,0.0,57.0,Finished,False,False,3,MEDIUM,MEDIUM→MEDIUM→HARD→HARD,18.0,True,False,False,31.259649122807016,36.54736842105263,88.305,86.841,88.24950000000001,86.2555,0.055499999999995,0.5854999999999961,-1.1159999999999854,11.333333333333334,11.2,0.1875,2.0,21.0,1,9,0
2023,17,ALO,Qatar Grand Prix,Qatar,Lusail,2023-10-08,False,57.0,14,ALO,Aston Martin,4.0,6.0,8.0,57.0,Finished,False,False,3,MEDIUM,MEDIUM→MEDIUM→HARD→MEDIUM,11.0,True,False,False,31.26140350877193,36.55614035087719,87.644,86.258,88.24950000000001,86.2555,-0.6055000000000064,0.0024999999999977263,-0.7740000000000009,10.666666666666666,7.8,0.0,2.0,208.0,1,1,1
2023,17,BOT,Qatar Grand Prix,Qatar,Lusail,2023-10-08,False,57.0,77,BOT,Kick Sauber,9.0,8.0,4.0,57.0,Finished,False,False,3,SOFT,SOFT→MEDIUM→HARD→HARD,3.0,True,False,False,31.259649122807016,36.54736842105263,88.212,86.905,88.24950000000001,86.2555,-0.037500000000008527,0.6495000000000033,-0.036000000000001364,15.666666666666666,14.6,0.125,0.3333333333333333,10.0,0,4,5
2023,17,GAS,Qatar Grand Prix,Qatar,Lusail,2023-10-08,False,57.0,10,GAS,Alpine,7.0,12.0,0.0,57.0,Finished,False,False,3,MEDIUM,MEDIUM→MEDIUM→HARD→MEDIUM,11.0,True,False,False,31.264912280701754,36.54210526315789,88.118,86.519,88.24950000000001,86.2555,-0.13150000000001683,0.2635000000000076,0.2259999999999991,10.333333333333334,9.0,0.1875,3.6666666666666665,76.0,1,0,9
2023,17,HAM,Qatar Grand Prix,Qatar,Lusail,2023-10-08,False,57.0,44,HAM,Mercedes,3.0,19.0,0.0,0.0,Retired,True,False,0,SOFT,SOFT,1.0,False,False,False,31.5,37.4,,,88.24950000000001,86.2555,,,0.0,4.666666666666667,4.8,0.0,16.666666666666668,294.0,0,6,11
2023,17,HUL,Qatar Grand Prix,Qatar,Lusail,2023-10-08,False,57.0,27,HUL,Haas F1 Team,14.0,16.0,0.0,56.0,Lapped,False,False,3,MEDIUM,MEDIUM→HARD→MEDIUM→HARD,13.0,True,False,False,31.2625,36.55,88.83500000000001,86.942,88.24950000000001,86.2555,0.5854999999999961,0.6864999999999952,0.12000000000000455,14.666666666666666,14.8,0.0625,0.3333333333333333,9.0,1,3,12
2023,17,LAW,Qatar Grand Prix,Qatar,Lusail,2023-10-08,False,57.0,40,LAW,RB,17.0,17.0,0.0,56.0,Lapped,False,False,3,SOFT,SOFT→HARD→HARD→MEDIUM,3.0,True,False,False,31.2625,36.54642857142857,89.295,87.865,88.24950000000001,86.2555,1.0454999999999899,1.609499999999997,0.5440000000000111,10.333333333333334,11.0,0.0,0.6666666666666666,5.0,0,7,14
2023,17,LEC,Qatar Grand Prix,Qatar,Lusail,2023-10-08,False,57.0,16,LEC,Ferrari,5.0,5.0,10.0,57.0,Finished,False,False,3,MEDIUM,MEDIUM→MEDIUM→HARD→MEDIUM,12.0,True,False,False,31.259649122807016,36.550877192982455,87.37,85.97,88.24950000000001,86.2555,-0.8795000000000073,-0.285499999999999,0.0,4.0,6.8,0.1875,28.0,259.0,1,2,15
2023,17,MAG,Qatar Grand Prix,Qatar,Lusail,2023-10-08,False,57.0,20,MAG,Haas F1 Team,18.0,14.0,0.0,56.0,Lapped,False,False,3,SOFT,SOFT→MEDIUM→HARD→HARD,3.0,True,False,False,31.26607142857143,36.56071428571428,88.715,87.286,88.24950000000001,86.2555,0.4654999999999916,1.0305000000000035,-0.12000000000000455,14.333333333333334,14.8,0.1875,0.3333333333333333,9.0,0,3,16
2023,17,NOR,Qatar Grand Prix,Qatar,Lusail,2023-10-08,False,57.0,4,NOR,McLaren,10.0,3.0,15.0,57.0,Finished,False,False,3,MEDIUM,MEDIUM→MEDIUM→MEDIUM→HARD,13.0,True,False,False,31.26140350877193,36.54210526315789,86.552,85.146,88.24950000000001,86.2555,-1.6975000000000051,-1.109499999999997,-0.32399999999998386,4.0,5.2,0.0,20.333333333333332,162.0,1,5,18
2023,17,OCO,Qatar Grand Prix,Qatar,Lusail,2023-10-08,False,57.0,31,OCO,Alpine,8.0,7.0,6.0,57.0,Finished,False,False,3,MEDIUM,MEDIUM→MEDIUM→HARD→MEDIUM,10.0,True,False,False,31.26140350877193,36.54210526315789,87.892,86.737,88.24950000000001,86.2555,-0.3575000000000159,0.48149999999999693,-0.2259999999999991,15.333333333333334,12.8,0.375,3.6666666666666665,76.0,1,0,19
2023,17,PER,Qatar Grand Prix,Qatar,Lusail,2023-10-08,False,57.0,11,PER,Red Bull Racing,20.0,10.0,1.0,57.0,Finished,False,False,3,HARD,HARD→MEDIUM→MEDIUM→MEDIUM,17.0,True,False,False,31.263157894736842,36.54210526315789,88.003,86.687,88.24950000000001,86.2555,-0.2465000000000117,0.4314999999999998,0.48799999999999955,9.666666666666666,7.0,0.0625,27.666666666666668,586.0,2,8,20
2023,17,PIA,Qatar Grand Prix,Qatar,Lusail,2023-10-08,False,57.0,81,PIA,McLaren,6.0,2.0,18.0,57.0,Finished,False,False,3,MEDIUM,MEDIUM→MEDIUM→MEDIUM→HARD,12.0,True,False,False,31.257894736842108,36.54736842105263,86.876,85.238,88.24950000000001,86.2555,-1.373500000000007,-1.0174999999999983,0.3240000000000123,7.333333333333333,10.2,0.125,20.333333333333332,162.0,1,5,21
2023,17,RUS,Qatar Grand Prix,Qatar,Lusail,2023-10-08,False,57.0,63,RUS,Mercedes,2.0,4.0,12.0,57.0,Finished,False,False,4,MEDIUM,MEDIUM→MEDIUM→MEDIUM→HARD→SOFT,1.0,True,False,False,31.263157894736842,36.55614035087719,87.214,85.89,88.24950000000001,86.2555,-1.0355000000000132,-0.36549999999999727,0.0,9.333333333333334,10.2,0.1875,16.666666666666668,294.0,1,6,23
2023,17,SAR,Qatar Grand Prix,Qatar,Lusail,2023-10-08,False,57.0,2,SAR,Williams,15.0,18.0,0.0,40.0,Retired,True,False,3,MEDIUM,MEDIUM→MEDIUM→HARD,13.0,True,False,False,31.357499999999998,36.795,89.421,88.26050000000001,88.24950000000001,86.2555,1.1714999999999947,2.0050000000000097,1.1160000000000139,14.666666666666666,16.2,0.3125,2.0,21.0,1,9,25
2023,17,STR,Qatar Grand Prix,Qatar,Lusail,2023-10-08,False,57.0,18,STR,Aston Martin,16.0,11.0,0.0,57.0,Finished,False,False,3,MEDIUM,MEDIUM→MEDIUM→HARD→MEDIUM,3.0,True,False,False,31.26140350877193,36.545614035087716,88.418,86.857,88.24950000000001,86.2555,0.16849999999999454,0.6015000000000015,0.7740000000000009,15.0,12.8,0.2,2.0,208.0,1,1,26
2023,17,TSU,Qatar Grand Prix,Qatar,Lusail,2023-10-08,False,57.0,22,TSU,RB,11.0,15.0,0.0,56.0,Lapped,False,False,3,MEDIUM,MEDIUM→MEDIUM→HARD→HARD,9.0,True,False,False,31.26607142857143,36.5375,88.751,87.349,88.24950000000001,86.2555,0.501499999999993,1.093500000000006,-0.5439999999999827,15.333333333333334,14.2,0.06666666666666667,0.6666666666666666,5.0,1,7,27
2023,17,VER,Qatar Grand Prix,Qatar,Lusail,2023-10-08,False,57.0,1,VER,Red Bull Racing,1.0,1.0,26.0,57.0,Finished,False,False,3,MEDIUM,MEDIUM→MEDIUM→HARD→MEDIUM,17.0,True,False,False,31.26140350877193,36.54210526315789,87.515,85.475,88.24950000000001,86.2555,-0.7345000000000113,-0.7805000000000035,-0.48799999999999955,2.3333333333333335,1.8,0.0,27.666666666666668,586.0,1,8,28
2023,17,ZHO,Qatar Grand Prix,Qatar,Lusail,2023-10-08,False,57.0,24,ZHO,Kick Sauber,19.0,9.0,2.0,57.0,Finished,False,False,3,MEDIUM,MEDIUM→HARD→HARD→SOFT,18.0,True,False,False,31.257894736842108,36.540350877192985,88.248,86.649,88.24950000000001,86.2555,-0.0015000000000071623,0.39350000000000307,0.036000000000001364,13.0,14.0,0.125,0.3333333333333333,10.0,1,4,30
2023,18,ALB,United States Grand Prix,United States,Austin,2023-10-22,False,56.0,23,ALB,Williams,15.0,9.0,2.0,56.0,Finished,False,False,2,MEDIUM,MEDIUM→HARD→MEDIUM,10.0,False,False,False,30.435714285714287,41.15714285714286,102.855,101.54499999999999,102.341,100.636,0.51400000000001,0.9089999999999918,0.16200000000000614,13.333333333333334,11.0,0.17647058823529413,0.0,21.0,1,9,0
2023,18,ALO,United States Grand Prix,United States,Austin,2023-10-22,False,56.0,14,ALO,Aston Martin,19.0,16.0,0.0,49.0,Retired,True,False,3,MEDIUM,MEDIUM→MEDIUM→HARD,19.0,False,False,False,30.379591836734694,41.210204081632654,101.905,100.913,102.341,100.636,-0.43599999999999284,0.277000000000001,0.2740000000000009,9.666666666666666,8.0,0.0,4.0,216.0,1,1,1
2023,18,BOT,United States Grand Prix,United States,Austin,2023-10-22,False,56.0,77,BOT,Kick Sauber,13.0,12.0,0.0,56.0,Finished,False,False,2,MEDIUM,MEDIUM→HARD→HARD,10.0,False,False,False,30.43392857142857,41.15535714285714,102.902,102.1985,102.341,100.636,0.561000000000007,1.5625,-0.09200000000001296,15.0,13.8,0.11764705882352941,2.0,16.0,1,4,5
2023,18,GAS,United States Grand Prix,United States,Austin,2023-10-22,False,56.0,10,GAS,Alpine,7.0,6.0,8.0,56.0,Finished,False,False,2,MEDIUM,MEDIUM→MEDIUM→HARD,18.0,False,False,False,30.43035714285714,41.15535714285714,102.178,100.838,102.341,100.636,-0.1629999999999967,0.20199999999999818,-5.501500000000021,9.333333333333334,9.2,0.17647058823529413,5.666666666666667,82.0,1,0,9
2023,18,HAM,United States Grand Prix,United States,Austin,2023-10-22,False,56.0,44,HAM,Mercedes,3.0,19.0,0.0,56.0,Disqualified,True,False,2,MEDIUM,MEDIUM→HARD→MEDIUM,20.0,False,False,False,30.4375,41.15535714285714,101.31,99.8835,102.341,100.636,-1.0309999999999917,-0.7524999999999977,-0.7549999999999955,9.0,7.8,0.058823529411764705,14.666666666666666,306.0,1,6,11
2023,18,HUL,United States Grand Prix,United States,Austin,2023-10-22,False,56.0,27,HUL,Haas F1 Team,18.0,11.0,0.0,56.0,Finished,False,False,2,HARD,HARD→MEDIUM→MEDIUM,19.0,False,False,False,30.435714285714287,41.169642857142854,102.65,101.31649999999999,102.341,100.636,0.3090000000000117,0.680499999999995,-0.4689999999999941,14.333333333333334,14.4,0.058823529411764705,0.3333333333333333,9.0,2,3,12
2023,18,LEC,United States Grand Prix,United States,Austin,2023-10-22,False,56.0,16,LEC,Ferrari,1.0,20.0,0.0,56.0,Disqualified,True,False,1,MEDIUM,MEDIUM→HARD,23.0,False,False,False,30.435714285714287,41.1625,102.15,101.219,102.341,100.636,-0.1909999999999883,0.5829999999999984,0.660000000000025,4.333333333333333,7.2,0.17647058823529413,22.333333333333332,269.0,1,2,15
2023,18,MAG,United States Grand Prix,United States,Austin,2023-10-22,False,56.0,20,MAG,Haas F1 Team,17.0,14.0,0.0,55.0,Lapped,False,False,2,MEDIUM,MEDIUM→HARD→MEDIUM,10.0,False,False,False,30.425454545454546,41.16909090909091,103.119,101.981,102.341,100.636,0.7780000000000058,1.3449999999999989,0.4689999999999941,13.0,14.6,0.17647058823529413,0.3333333333333333,9.0,1,3,16
2023,18,NOR,United States Grand Prix,United States,Austin,2023-10-22,False,56.0,4,NOR,McLaren,2.0,2.0,18.0,56.0,Finished,False,False,2,MEDIUM,MEDIUM→HARD→HARD,17.0,False,False,False,30.435714285714287,41.14821428571429,101.471,100.6255,102.341,100.636,-0.8699999999999903,-0.010499999999993292,-1.625,2.3333333333333335,4.4,0.0,30.0,195.0,1,5,18
2023,18,OCO,United States Grand Prix,United States,Austin,2023-10-22,False,56.0,31,OCO,Alpine,8.0,18.0,0.0,6.0,Retired,True,False,1,MEDIUM,MEDIUM,6.0,False,False,False,29.916666666666668,40.75,107.6795,104.789,102.341,100.636,5.3385000000000105,4.153000000000006,5.501499999999993,11.333333333333334,12.6,0.35294117647058826,5.666666666666667,82.0,1,0,19
2023,18,PER,United States Grand Prix,United States,Austin,2023-10-22,False,56.0,11,PER,Red Bull Racing,9.0,4.0,12.0,56.0,Finished,False,False,2,MEDIUM,MEDIUM→MEDIUM→HARD,17.0,False,False,False,30.4375,41.17321428571428,101.377,100.3495,102.341,100.636,-0.9639999999999986,-0.28649999999998954,0.24799999999999045,12.333333333333334,8.6,0.058823529411764705,22.333333333333332,613.0,1,8,20
2023,18,PIA,United States Grand Prix,United States,Austin,2023-10-22,False,56.0,81,PIA,McLaren,10.0,17.0,0.0,10.0,Retired,True,False,1,MEDIUM,MEDIUM,10.0,False,False,False,29.95,40.660000000000004,103.096,102.705,102.341,100.636,0.7550000000000097,2.0690000000000026,1.625,4.0,6.6,0.11764705882352941,30.0,195.0,1,5,21
2023,18,RIC,United States Grand Prix,United States,Austin,2023-10-22,False,56.0,3,RIC,RB,14.0,15.0,0.0,55.0,Lapped,False,False,2,MEDIUM,MEDIUM→HARD→SOFT,22.0,False,False,False,30.425454545454546,41.14727272727273,103.3905,101.964,102.341,100.636,1.049500000000009,1.328000000000003,0.9635000000000105,12.666666666666666,13.0,0.0,0.6666666666666666,5.0,1,7,22
2023,18,RUS,United States Grand Prix,United States,Austin,2023-10-22,False,56.0,63,RUS,Mercedes,5.0,5.0,10.0,56.0,Finished,False,False,2,MEDIUM,MEDIUM→HARD→MEDIUM,21.0,False,False,False,30.435714285714287,41.17321428571428,102.065,99.7735,102.341,100.636,-0.27599999999999625,-0.8624999999999972,0.7549999999999955,9.0,9.8,0.17647058823529413,14.666666666666666,306.0,1,6,23
2023,18,SAI,United States Grand Prix,United States,Austin,2023-10-22,False,56.0,55,SAI,Ferrari,4.0,3.0,15.0,56.0,Finished,False,False,2,MEDIUM,MEDIUM→MEDIUM→HARD,17.0,False,False,False,30.4375,41.17142857142857,101.49,100.57650000000001,102.341,100.636,-0.8509999999999991,-0.059499999999985675,-0.6599999999999966,3.3333333333333335,6.8,0.0625,22.333333333333332,269.0,1,2,24
2023,18,SAR,United States Grand Prix,United States,Austin,2023-10-22,False,56.0,2,SAR,Williams,16.0,10.0,1.0,56.0,Finished,False,False,2,MEDIUM,MEDIUM→HARD→MEDIUM,11.0,False,False,False,30.4375,41.1625,102.693,101.548,102.341,100.636,0.35200000000000387,0.9120000000000061,-0.16200000000000614,16.333333333333332,16.4,0.35294117647058826,0.0,21.0,1,9,25
2023,18,STR,United States Grand Prix,United States,Austin,2023-10-22,False,56.0,18,STR,Aston Martin,20.0,7.0,6.0,56.0,Finished,False,False,2,HARD,HARD→MEDIUM→MEDIUM,20.0,False,False,False,30.432142857142857,41.169642857142854,101.631,100.2,102.341,100.636,-0.7099999999999937,-0.43599999999999284,-0.2740000000000009,15.0,13.0,0.1875,4.0,216.0,2,1,26
2023,18,TSU,United States Grand Prix,United States,Austin,2023-10-22,False,56.0,22,TSU,RB,11.0,8.0,5.0,56.0,Finished,False,False,3,MEDIUM,MEDIUM→HARD→MEDIUM→SOFT,17.0,False,False,False,30.432142857142857,41.158928571428575,102.427,100.695,102.341,100.636,0.08600000000001273,0.0589999999999975,-0.963499999999982,15.333333333333334,14.2,0.0625,0.6666666666666666,5.0,1,7,27
2023,18,VER,United States Grand Prix,United States,Austin,2023-10-22,False,56.0,1,VER,Red Bull Racing,6.0,1.0,25.0,56.0,Finished,False,False,2,MEDIUM,MEDIUM→MEDIUM→HARD,16.0,False,False,False,30.43392857142857,41.144642857142856,101.129,100.2285,102.341,100.636,-1.211999999999989,-0.40749999999999886,-0.24799999999999045,2.3333333333333335,1.8,0.0,22.333333333333332,613.0,1,8,28
2023,18,ZHO,United States Grand Prix,United States,Austin,2023-10-22,False,56.0,24,ZHO,Kick Sauber,12.0,13.0,0.0,55.0,Lapped,False,False,2,MEDIUM,MEDIUM→HARD→HARD,9.0,False,False,False,30.427272727272726,41.16909090909091,102.994,102.1095,102.341,100.636,0.6530000000000058,1.4735000000000014,0.09199999999998454,11.333333333333334,13.2,0.11764705882352941,2.0,16.0,1,4,30
2023,19,ALB,Mexico City Grand Prix,Mexico,Mexico City,2023-10-29,False,71.0,23,ALB,Williams,14.0,9.0,2.0,71.0,Finished,False,False,2,HARD,HARD→MEDIUM→MEDIUM,33.0,False,False,False,26.025352112676057,44.635211267605634,84.067,82.979,83.932,82.785,0.1349999999999909,0.19400000000000261,-0.16800000000000637,12.666666666666666,11.2,0.16666666666666666,1.0,24.0,2,9,0
2023,19,ALO,Mexico City Grand Prix,Mexico,Mexico City,2023-10-29,False,71.0,14,ALO,Aston Martin,13.0,18.0,0.0,47.0,Withdrew,True,False,3,MEDIUM,MEDIUM→HARD→HARD,29.0,True,False,False,25.785106382978725,46.5,85.181,83.913,83.932,82.785,1.2489999999999952,1.1280000000000001,0.5895000000000152,10.0,10.8,0.05555555555555555,6.0,222.0,1,1,1
2023,19,BOT,Mexico City Grand Prix,Mexico,Mexico City,2023-10-29,False,71.0,77,BOT,Kick Sauber,9.0,15.0,0.0,71.0,Finished,False,False,2,MEDIUM,MEDIUM→HARD→HARD,31.0,True,False,False,26.026760563380282,44.62112676056338,84.517,83.678,83.932,82.785,0.5849999999999937,0.8930000000000007,0.11949999999998795,13.333333333333334,13.4,0.1111111111111111,2.0,16.0,1,4,5
2023,19,GAS,Mexico City Grand Prix,Mexico,Mexico City,2023-10-29,False,71.0,10,GAS,Alpine,11.0,11.0,0.0,71.0,Finished,False,False,2,MEDIUM,MEDIUM→HARD→HARD,28.0,False,False,False,26.026760563380282,44.62676056338028,84.275,83.372,83.932,82.785,0.3430000000000035,0.5870000000000033,-0.2115000000000009,9.333333333333334,9.8,0.16666666666666666,5.666666666666667,90.0,1,0,9
2023,19,HAM,Mexico City Grand Prix,Mexico,Mexico City,2023-10-29,False,71.0,44,HAM,Mercedes,6.0,2.0,19.0,71.0,Finished,False,False,2,MEDIUM,MEDIUM→HARD→MEDIUM,24.0,False,False,False,26.03380281690141,44.67464788732394,83.152,82.2415,83.932,82.785,-0.7800000000000011,-0.5434999999999945,-0.2920000000000016,14.333333333333334,10.4,0.1111111111111111,12.666666666666666,316.0,1,6,11
2023,19,HUL,Mexico City Grand Prix,Mexico,Mexico City,2023-10-29,False,71.0,27,HUL,Haas F1 Team,12.0,13.0,0.0,71.0,Finished,False,False,2,MEDIUM,MEDIUM→HARD→MEDIUM,23.0,False,False,False,26.025352112676057,44.60985915492958,84.426,83.60499999999999,83.932,82.785,0.4939999999999998,0.8199999999999932,-0.7435000000000116,13.666666666666666,14.2,0.05555555555555555,0.0,9.0,1,3,12
2023,19,LEC,Mexico City Grand Prix,Mexico,Mexico City,2023-10-29,False,71.0,16,LEC,Ferrari,1.0,3.0,15.0,71.0,Finished,False,False,2,MEDIUM,MEDIUM→HARD→HARD,31.0,False,False,False,26.03943661971831,44.65915492957747,83.118,82.63300000000001,83.932,82.785,-0.8140000000000072,-0.1519999999999868,-0.13800000000000523,9.666666666666666,7.4,0.2222222222222222,15.0,284.0,1,2,15
2023,19,MAG,Mexico City Grand Prix,Mexico,Mexico City,2023-10-29,False,71.0,20,MAG,Haas F1 Team,16.0,19.0,0.0,31.0,Accident,True,False,1,MEDIUM,MEDIUM→HARD,23.0,False,False,False,25.440625,47.253125,85.1695,83.881,83.932,82.785,1.2374999999999972,1.0960000000000036,0.7434999999999832,14.333333333333334,14.2,0.16666666666666666,0.0,9.0,1,3,16
2023,19,NOR,Mexico City Grand Prix,Mexico,Mexico City,2023-10-29,False,71.0,4,NOR,McLaren,17.0,5.0,10.0,71.0,Finished,False,False,3,SOFT,SOFT→HARD→MEDIUM→MEDIUM,11.0,False,False,False,26.03239436619718,44.640845070422536,83.351,82.476,83.932,82.785,-0.5810000000000031,-0.3089999999999975,-0.12100000000000932,2.3333333333333335,3.4,0.0,28.0,213.0,0,5,18
2023,19,OCO,Mexico City Grand Prix,Mexico,Mexico City,2023-10-29,False,71.0,31,OCO,Alpine,15.0,10.0,1.0,71.0,Finished,False,False,1,HARD,HARD→MEDIUM,34.0,True,False,False,26.02957746478873,44.623943661971836,84.4865,83.25399999999999,83.932,82.785,0.5545000000000044,0.4689999999999941,0.2115000000000009,11.333333333333334,14.2,0.3888888888888889,5.666666666666667,90.0,2,0,19
2023,19,PER,Mexico City Grand Prix,Mexico,Mexico City,2023-10-29,False,71.0,11,PER,Red Bull Racing,5.0,20.0,0.0,1.0,Collision damage,True,False,1,MEDIUM,MEDIUM,1.0,False,False,False,24.5,48.1,,,83.932,82.785,,,0.0,11.0,8.6,0.05555555555555555,30.0,650.0,1,8,20
2023,19,PIA,Mexico City Grand Prix,Mexico,Mexico City,2023-10-29,False,71.0,81,PIA,McLaren,7.0,8.0,4.0,71.0,Finished,False,False,2,MEDIUM,MEDIUM→HARD→MEDIUM,25.0,False,False,False,26.028169014084508,44.638028169014085,83.47200000000001,82.947,83.932,82.785,-0.45999999999999375,0.16200000000000614,0.12100000000000932,7.333333333333333,8.2,0.16666666666666666,28.0,213.0,1,5,21
2023,19,RIC,Mexico City Grand Prix,Mexico,Mexico City,2023-10-29,False,71.0,3,RIC,RB,4.0,7.0,6.0,71.0,Finished,False,False,2,MEDIUM,MEDIUM→HARD→HARD,27.0,False,False,False,26.03098591549296,44.63661971830986,83.571,82.918,83.932,82.785,-0.3610000000000042,0.13300000000000978,-0.35200000000000387,14.666666666666666,14.6,0.0,1.6666666666666667,10.0,1,7,22
2023,19,RUS,Mexico City Grand Prix,Mexico,Mexico City,2023-10-29,False,71.0,63,RUS,Mercedes,8.0,6.0,8.0,71.0,Finished,False,False,2,MEDIUM,MEDIUM→HARD→MEDIUM,26.0,False,False,False,26.03380281690141,44.64647887323944,83.444,82.93100000000001,83.932,82.785,-0.48799999999999955,0.146000000000015,0.2920000000000016,5.333333333333333,7.4,0.16666666666666666,12.666666666666666,316.0,1,6,23
2023,19,SAI,Mexico City Grand Prix,Mexico,Mexico City,2023-10-29,False,71.0,55,SAI,Ferrari,2.0,4.0,12.0,71.0,Finished,False,False,2,MEDIUM,MEDIUM→HARD→HARD,30.0,False,False,False,26.036619718309858,44.65915492957747,83.256,82.7195,83.932,82.785,-0.6760000000000019,-0.06550000000000011,0.13800000000000523,3.3333333333333335,3.6,0.058823529411764705,15.0,284.0,1,2,24
2023,19,SAR,Mexico City Grand Prix,Mexico,Mexico City,2023-10-29,False,71.0,2,SAR,Williams,19.0,16.0,0.0,70.0,Retired,True,False,3,MEDIUM,MEDIUM→HARD→MEDIUM,22.0,True,False,False,26.026760563380282,44.592957746478874,84.235,83.49000000000001,83.932,82.785,0.30299999999999727,0.7050000000000125,0.16800000000000637,15.0,14.4,0.3333333333333333,1.0,24.0,1,9,25
2023,19,STR,Mexico City Grand Prix,Mexico,Mexico City,2023-10-29,False,71.0,18,STR,Aston Martin,21.0,17.0,0.0,66.0,Collision damage,True,False,3,MEDIUM,MEDIUM→HARD→HARD,30.0,True,False,False,26.006060606060608,45.131818181818176,84.5915,83.559,83.932,82.785,0.6594999999999942,0.7740000000000009,-0.5894999999999868,12.0,12.6,0.17647058823529413,6.0,222.0,1,1,26
2023,19,TSU,Mexico City Grand Prix,Mexico,Mexico City,2023-10-29,False,71.0,22,TSU,RB,18.0,12.0,0.0,71.0,Finished,False,False,2,MEDIUM,MEDIUM→HARD→HARD,9.0,False,False,False,26.022535211267606,44.60281690140845,83.923,83.0985,83.932,82.785,-0.009000000000000341,0.3135000000000048,0.35200000000000387,11.666666666666666,13.8,0.058823529411764705,1.6666666666666667,10.0,1,7,27
2023,19,VER,Mexico City Grand Prix,Mexico,Mexico City,2023-10-29,False,71.0,1,VER,Red Bull Racing,3.0,1.0,25.0,71.0,Finished,False,False,3,MEDIUM,MEDIUM→HARD→HARD→HARD,19.0,False,False,False,26.03943661971831,44.68732394366197,82.421,82.0595,83.932,82.785,-1.5109999999999957,-0.7254999999999967,0.0,1.0,1.8,0.0,30.0,650.0,1,8,28
2023,19,ZHO,Mexico City Grand Prix,Mexico,Mexico City,2023-10-29,False,71.0,24,ZHO,Kick Sauber,10.0,14.0,0.0,71.0,Finished,False,False,2,MEDIUM,MEDIUM→HARD→HARD,21.0,True,False,False,26.026760563380282,44.595774647887325,84.39750000000001,83.7915,83.932,82.785,0.4655000000000058,1.0065000000000026,-0.11949999999998795,11.666666666666666,12.2,0.1111111111111111,2.0,16.0,1,4,30
2023,20,ALB,São Paulo Grand Prix,Brazil,São Paulo,2023-11-05,False,71.0,23,ALB,Williams,13.0,19.0,0.0,0.0,Retired,True,False,0,SOFT,SOFT,1.0,False,False,False,20.6,48.5,,,76.198,74.729,,,0.0,10.333333333333334,11.6,0.15789473684210525,1.6666666666666667,26.0,0,9,0
2023,20,ALO,São Paulo Grand Prix,Brazil,São Paulo,2023-11-05,False,71.0,14,ALO,Aston Martin,4.0,3.0,15.0,71.0,Finished,False,False,4,SOFT,SOFT→SOFT→SOFT→MEDIUM→SOFT,1.0,False,False,False,20.385915492957746,45.18591549295775,75.9465,74.6265,76.198,74.729,-0.25149999999999295,-0.10250000000000625,-0.02049999999999841,13.333333333333334,12.6,0.10526315789473684,4.666666666666667,222.0,0,1,1
2023,20,BOT,São Paulo Grand Prix,Brazil,São Paulo,2023-11-05,False,71.0,77,BOT,Kick Sauber,18.0,16.0,0.0,39.0,Retired,True,False,4,SOFT,SOFT→SOFT→SOFT→MEDIUM,1.0,False,False,False,20.641025641025642,48.39487179487179,77.022,76.477,76.198,74.729,0.8240000000000123,1.7480000000000047,-0.05249999999998067,11.666666666666666,14.4,0.10526315789473684,2.0,16.0,0,4,5
2023,20,GAS,São Paulo Grand Prix,Brazil,São Paulo,2023-11-05,False,71.0,10,GAS,Alpine,15.0,7.0,6.0,71.0,Finished,False,False,4,SOFT,SOFT→SOFT→SOFT→MEDIUM→SOFT,1.0,False,False,False,20.383098591549295,45.13098591549296,76.082,74.76050000000001,76.198,74.729,-0.11599999999999966,0.0315000000000083,-0.17000000000001592,9.666666666666666,9.0,0.15789473684210525,5.0,91.0,0,0,9
2023,20,HAM,São Paulo Grand Prix,Brazil,São Paulo,2023-11-05,False,71.0,44,HAM,Mercedes,5.0,8.0,4.0,71.0,Finished,False,False,4,SOFT,SOFT→SOFT→SOFT→MEDIUM→SOFT,1.0,False,False,False,20.38169014084507,45.13239436619718,76.27850000000001,75.17,76.198,74.729,0.08050000000001489,0.4410000000000025,-0.38049999999998363,13.333333333333334,9.6,0.10526315789473684,16.333333333333332,343.0,0,6,11
2023,20,HUL,São Paulo Grand Prix,Brazil,São Paulo,2023-11-05,False,71.0,27,HUL,Haas F1 Team,11.0,12.0,0.0,70.0,Lapped,False,False,4,SOFT,SOFT→MEDIUM→SOFT→SOFT→SOFT,1.0,False,False,False,20.38142857142857,45.16857142857143,76.791,75.31,76.198,74.729,0.5930000000000035,0.5810000000000031,0.0,13.333333333333334,13.4,0.05263157894736842,0.0,9.0,0,3,12
2023,20,MAG,São Paulo Grand Prix,Brazil,São Paulo,2023-11-05,False,71.0,20,MAG,Haas F1 Team,12.0,18.0,0.0,0.0,Retired,True,False,0,SOFT,SOFT,1.0,False,False,False,20.6,48.5,,,76.198,74.729,,,0.0,15.666666666666666,14.4,0.21052631578947367,0.0,9.0,0,3,16
2023,20,NOR,São Paulo Grand Prix,Brazil,São Paulo,2023-11-05,False,71.0,4,NOR,McLaren,6.0,2.0,19.0,71.0,Finished,False,False,4,SOFT,SOFT→SOFT→SOFT→MEDIUM→SOFT,1.0,False,False,False,20.390140845070423,45.26338028169014,75.60249999999999,73.62700000000001,76.198,74.729,-0.5955000000000013,-1.1019999999999897,-0.7590000000000146,3.3333333333333335,2.8,0.0,21.666666666666668,227.0,0,5,18
2023,20,OCO,São Paulo Grand Prix,Brazil,São Paulo,2023-11-05,False,71.0,31,OCO,Alpine,14.0,10.0,1.0,70.0,Lapped,False,False,5,SOFT,SOFT→SOFT→SOFT→MEDIUM→SOFT→SOFT,1.0,False,False,False,20.387142857142855,45.22142857142857,76.252,75.027,76.198,74.729,0.054000000000002046,0.2980000000000018,0.1699999999999875,11.666666666666666,12.4,0.3684210526315789,5.0,91.0,0,0,19
2023,20,PER,São Paulo Grand Prix,Brazil,São Paulo,2023-11-05,False,71.0,11,PER,Red Bull Racing,9.0,4.0,12.0,71.0,Finished,False,False,4,SOFT,SOFT→SOFT→SOFT→MEDIUM→SOFT,1.0,False,False,False,20.387323943661972,45.170422535211266,75.845,74.5905,76.198,74.729,-0.35299999999999443,-0.1384999999999934,0.40749999999999886,11.333333333333334,12.2,0.10526315789473684,29.666666666666668,675.0,0,8,20
2023,20,PIA,São Paulo Grand Prix,Brazil,São Paulo,2023-11-05,False,71.0,81,PIA,McLaren,10.0,14.0,0.0,69.0,Lapped,False,False,4,SOFT,SOFT→MEDIUM→MEDIUM→SOFT→SOFT,1.0,False,False,False,20.38695652173913,45.233333333333334,76.3615,74.489,76.198,74.729,0.1635000000000133,-0.23999999999999488,0.7590000000000146,9.0,7.4,0.15789473684210525,21.666666666666668,227.0,0,5,21
2023,20,RIC,São Paulo Grand Prix,Brazil,São Paulo,2023-11-05,False,71.0,3,RIC,RB,17.0,13.0,0.0,70.0,Lapped,False,False,4,SOFT,SOFT→SOFT→SOFT→MEDIUM→SOFT,1.0,False,False,False,20.375714285714285,45.12571428571429,76.139,74.756,76.198,74.729,-0.0589999999999975,0.027000000000001023,-0.0030000000000143245,12.666666666666666,12.0,0.0,3.6666666666666665,16.0,0,7,22
2023,20,RUS,São Paulo Grand Prix,Brazil,São Paulo,2023-11-05,False,71.0,63,RUS,Mercedes,8.0,15.0,0.0,57.0,Retired,True,False,5,SOFT,SOFT→SOFT→SOFT→MEDIUM→SOFT,1.0,False,False,False,20.526315789473685,47.01754385964912,76.659,75.628,76.198,74.729,0.46100000000001273,0.8990000000000009,0.38050000000001205,5.0,7.6,0.15789473684210525,16.333333333333332,343.0,0,6,23
2023,20,SAI,São Paulo Grand Prix,Brazil,São Paulo,2023-11-05,False,71.0,55,SAI,Ferrari,7.0,6.0,8.0,71.0,Finished,False,False,4,SOFT,SOFT→SOFT→SOFT→MEDIUM→SOFT,1.0,False,False,False,20.380281690140844,45.16338028169014,75.987,74.6815,76.198,74.729,-0.21099999999999852,-0.04749999999999943,0.0,4.333333333333333,3.4,0.05555555555555555,17.333333333333332,311.0,0,2,24
2023,20,SAR,São Paulo Grand Prix,Brazil,São Paulo,2023-11-05,False,71.0,2,SAR,Williams,19.0,11.0,0.0,70.0,Lapped,False,False,4,MEDIUM,MEDIUM→MEDIUM→SOFT→SOFT→SOFT,1.0,False,False,False,20.385714285714286,45.19571428571428,76.658,75.89099999999999,76.198,74.729,0.46000000000000796,1.161999999999992,0.0,14.666666666666666,15.0,0.3684210526315789,1.6666666666666667,26.0,1,9,25
2023,20,STR,São Paulo Grand Prix,Brazil,São Paulo,2023-11-05,False,71.0,18,STR,Aston Martin,3.0,5.0,10.0,71.0,Finished,False,False,4,SOFT,SOFT→SOFT→SOFT→MEDIUM→SOFT,1.0,False,False,False,20.378873239436622,45.18169014084507,75.967,74.339,76.198,74.729,-0.23099999999999454,-0.39000000000000057,0.02049999999999841,11.666666666666666,13.8,0.2222222222222222,4.666666666666667,222.0,0,1,26
2023,20,TSU,São Paulo Grand Prix,Brazil,São Paulo,2023-11-05,False,71.0,22,TSU,RB,16.0,9.0,2.0,71.0,Finished,False,False,4,SOFT,SOFT→SOFT→SOFT→MEDIUM→SOFT,1.0,False,False,False,20.380281690140844,45.14225352112676,76.142,74.95349999999999,76.198,74.729,-0.055999999999997385,0.22449999999999193,0.002999999999985903,11.666666666666666,13.2,0.05555555555555555,3.6666666666666665,16.0,0,7,27
2023,20,VER,São Paulo Grand Prix,Brazil,São Paulo,2023-11-05,False,71.0,1,VER,Red Bull Racing,1.0,1.0,25.0,71.0,Finished,False,False,4,SOFT,SOFT→SOFT→SOFT→MEDIUM→SOFT,1.0,False,False,False,20.392957746478874,45.280281690140846,75.4375,74.03,76.198,74.729,-0.7604999999999933,-0.6989999999999981,-0.40749999999999886,1.0,1.8,0.0,29.666666666666668,675.0,0,8,28
2023,20,ZHO,São Paulo Grand Prix,Brazil,São Paulo,2023-11-05,False,71.0,24,ZHO,Kick Sauber,20.0,17.0,0.0,22.0,Retired,True,False,4,SOFT,SOFT→SOFT→SOFT→MEDIUM,1.0,False,False,False,20.80909090909091,48.83181818181818,77.0745,76.639,76.198,74.729,0.8765000000000072,1.9099999999999966,0.052500000000009095,12.0,12.2,0.10526315789473684,2.0,16.0,0,4,30
2023,21,ALB,Las Vegas Grand Prix,United States,Las Vegas,2023-11-18,True,50.0,23,ALB,Williams,5.0,12.0,0.0,50.0,Finished,False,False,1,MEDIUM,MEDIUM→HARD,16.0,True,False,False,18.062,17.84,98.865,97.875,98.7185,96.637,0.14649999999998897,1.2379999999999995,0.051000000000016144,12.333333333333334,13.2,0.2,1.6666666666666667,26.0,1,9,0
2023,21,ALO,Las Vegas Grand Prix,United States,Las Vegas,2023-11-18,True,50.0,14,ALO,Aston Martin,9.0,9.0,2.0,50.0,Finished,False,False,2,MEDIUM,MEDIUM→HARD→HARD,1.0,True,False,False,18.062,17.834,98.291,96.711,98.7185,96.637,-0.4275000000000091,0.07399999999999807,-0.4099999999999966,12.333333333333334,10.2,0.1,10.333333333333334,247.0,1,1,1
2023,21,BOT,Las Vegas Grand Prix,United States,Las Vegas,2023-11-18,True,50.0,77,BOT,Kick Sauber,7.0,17.0,0.0,50.0,Finished,False,False,2,MEDIUM,MEDIUM→HARD→MEDIUM,1.0,True,False,False,18.062,17.84,100.816,99.068,98.7185,96.637,2.0974999999999966,2.4309999999999974,1.1610000000000014,14.333333333333334,14.2,0.15,0.0,16.0,1,4,5
2023,21,GAS,Las Vegas Grand Prix,United States,Las Vegas,2023-11-18,True,50.0,10,GAS,Alpine,4.0,11.0,0.0,50.0,Finished,False,False,1,MEDIUM,MEDIUM→HARD,17.0,True,False,False,18.062,17.838,98.72,97.528,98.7185,96.637,0.0014999999999929514,0.8910000000000053,0.9329999999999927,8.0,9.2,0.15,5.333333333333333,98.0,1,0,9
2023,21,HAM,Las Vegas Grand Prix,United States,Las Vegas,2023-11-18,True,50.0,44,HAM,Mercedes,10.0,7.0,6.0,50.0,Finished,False,False,2,HARD,HARD→MEDIUM→HARD,17.0,True,False,False,18.062,17.836,98.279,96.126,98.7185,96.637,-0.43950000000000955,-0.5109999999999957,0.16499999999999204,9.666666666666666,10.6,0.1,13.666666666666666,347.0,2,6,11
2023,21,HUL,Las Vegas Grand Prix,United States,Las Vegas,2023-11-18,True,50.0,27,HUL,Haas F1 Team,13.0,19.0,0.0,45.0,Retired,True,False,2,MEDIUM,MEDIUM→HARD→HARD,12.0,True,False,False,18.067391304347826,17.86304347826087,99.22200000000001,97.887,98.7185,96.637,0.5035000000000025,1.25,0.30400000000000205,12.0,13.2,0.05,0.0,9.0,1,3,12
2023,21,LEC,Las Vegas Grand Prix,United States,Las Vegas,2023-11-18,True,50.0,16,LEC,Ferrari,1.0,2.0,18.0,50.0,Finished,False,False,1,MEDIUM,MEDIUM→HARD,21.0,True,False,False,18.062,17.846,98.107,95.995,98.7185,96.637,-0.6115000000000066,-0.6419999999999959,-0.2909999999999968,9.333333333333334,7.2,0.21052631578947367,16.666666666666668,319.0,1,2,15
2023,21,MAG,Las Vegas Grand Prix,United States,Las Vegas,2023-11-18,True,50.0,20,MAG,Haas F1 Team,8.0,13.0,0.0,50.0,Finished,False,False,2,MEDIUM,MEDIUM→HARD→HARD,14.0,True,False,False,18.062,17.844,98.918,97.774,98.7185,96.637,0.19950000000000045,1.1370000000000005,-0.30400000000000205,17.0,16.0,0.25,0.0,9.0,1,3,16
2023,21,NOR,Las Vegas Grand Prix,United States,Las Vegas,2023-11-18,True,50.0,4,NOR,McLaren,15.0,20.0,0.0,2.0,Retired,True,False,0,MEDIUM,MEDIUM,3.0,False,False,False,18.033333333333335,18.266666666666666,,,98.7185,96.637,,,0.0,3.0,2.8,0.0,17.0,246.0,1,5,18
2023,21,OCO,Las Vegas Grand Prix,United States,Las Vegas,2023-11-18,True,50.0,31,OCO,Alpine,16.0,4.0,12.0,50.0,Finished,False,False,1,MEDIUM,MEDIUM→HARD,20.0,True,False,False,18.062,17.84,97.787,96.917,98.7185,96.637,-0.9314999999999998,0.28000000000000114,-0.9329999999999927,12.666666666666666,10.8,0.35,5.333333333333333,98.0,1,0,19
2023,21,PER,Las Vegas Grand Prix,United States,Las Vegas,2023-11-18,True,50.0,11,PER,Red Bull Racing,11.0,3.0,15.0,50.0,Finished,False,False,2,MEDIUM,MEDIUM→HARD→HARD,1.0,True,False,False,18.064,17.846,97.969,96.122,98.7185,96.637,-0.7495000000000118,-0.5150000000000006,0.22100000000000364,9.333333333333334,11.4,0.1,33.0,712.0,1,8,20
2023,21,PIA,Las Vegas Grand Prix,United States,Las Vegas,2023-11-18,True,50.0,81,PIA,McLaren,18.0,10.0,2.0,50.0,Finished,False,False,2,HARD,HARD→HARD→MEDIUM,16.0,True,False,False,18.06,17.842,97.912,96.014,98.7185,96.637,-0.8064999999999998,-0.6230000000000047,0.0,13.0,8.8,0.15,17.0,246.0,2,5,21
2023,21,RIC,Las Vegas Grand Prix,United States,Las Vegas,2023-11-18,True,50.0,3,RIC,RB,14.0,14.0,0.0,50.0,Finished,False,False,1,MEDIUM,MEDIUM→HARD,17.0,True,False,False,18.06,17.842,99.455,97.51,98.7185,96.637,0.7364999999999924,0.8730000000000047,-0.7259999999999991,11.666666666666666,12.8,0.0,4.333333333333333,18.0,1,7,22
2023,21,RUS,Las Vegas Grand Prix,United States,Las Vegas,2023-11-18,True,50.0,63,RUS,Mercedes,3.0,8.0,4.0,50.0,Finished,False,False,2,MEDIUM,MEDIUM→HARD→HARD,15.0,True,False,False,18.062,17.838,98.114,96.291,98.7185,96.637,-0.6045000000000016,-0.34600000000000364,-0.16499999999999204,8.666666666666666,7.4,0.2,13.666666666666666,347.0,1,6,23
2023,21,SAI,Las Vegas Grand Prix,United States,Las Vegas,2023-11-18,True,50.0,55,SAI,Ferrari,12.0,6.0,8.0,50.0,Finished,False,False,2,MEDIUM,MEDIUM→HARD→HARD,3.0,True,False,False,18.062,17.836,98.398,96.47800000000001,98.7185,96.637,-0.3205000000000098,-0.15899999999999181,0.2909999999999968,4.333333333333333,4.0,0.05263157894736842,16.666666666666668,319.0,1,2,24
2023,21,SAR,Las Vegas Grand Prix,United States,Las Vegas,2023-11-18,True,50.0,2,SAR,Williams,6.0,16.0,0.0,50.0,Finished,False,False,1,MEDIUM,MEDIUM→HARD,15.0,True,False,False,18.06,17.844,98.814,98.198,98.7185,96.637,0.09549999999998704,1.5609999999999928,-0.05099999999998772,12.333333333333334,14.4,0.35,1.6666666666666667,26.0,1,9,25
2023,21,STR,Las Vegas Grand Prix,United States,Las Vegas,2023-11-18,True,50.0,18,STR,Aston Martin,19.0,5.0,10.0,50.0,Finished,False,False,2,SOFT,SOFT→HARD→HARD,3.0,True,False,False,18.064,17.84,98.701,96.8035,98.7185,96.637,-0.017500000000012506,0.1664999999999992,0.4099999999999966,9.666666666666666,11.6,0.21052631578947367,10.333333333333334,247.0,0,1,26
2023,21,TSU,Las Vegas Grand Prix,United States,Las Vegas,2023-11-18,True,50.0,22,TSU,RB,20.0,18.0,0.0,46.0,Retired,True,False,2,SOFT,SOFT→MEDIUM→HARD,10.0,True,False,False,18.06808510638298,17.857446808510637,100.181,97.9255,98.7185,96.637,1.4624999999999915,1.288499999999999,0.7259999999999991,9.666666666666666,11.2,0.05263157894736842,4.333333333333333,18.0,0,7,27
2023,21,VER,Las Vegas Grand Prix,United States,Las Vegas,2023-11-18,True,50.0,1,VER,Red Bull Racing,2.0,1.0,25.0,50.0,Finished,False,False,2,MEDIUM,MEDIUM→HARD→HARD,16.0,True,False,False,18.064,17.846,97.748,95.896,98.7185,96.637,-0.9705000000000013,-0.7409999999999997,-0.22099999999997522,1.0,1.0,0.0,33.0,712.0,1,8,28
2023,21,ZHO,Las Vegas Grand Prix,United States,Las Vegas,2023-11-18,True,50.0,24,ZHO,Kick Sauber,17.0,15.0,0.0,50.0,Finished,False,False,1,HARD,HARD→MEDIUM,26.0,True,False,False,18.062,17.838,99.655,97.97,98.7185,96.637,0.9364999999999952,1.3329999999999984,-1.1610000000000014,14.666666666666666,13.2,0.15,0.0,16.0,2,4,30
2023,22,ALB,Abu Dhabi Grand Prix,Abu Dhabi,Yas Island,2023-11-26,True,58.0,23,ALB,Williams,14.0,14.0,0.0,58.0,Finished,False,False,2,MEDIUM,MEDIUM→HARD→HARD,16.0,False,False,False,26.667241379310347,31.93793103448276,90.447,88.6845,90.245,88.679,0.20199999999999818,0.00549999999999784,-0.19499999999999318,13.333333333333334,12.4,0.19047619047619047,0.6666666666666666,26.0,1,9,0
2023,22,ALO,Abu Dhabi Grand Prix,Abu Dhabi,Yas Island,2023-11-26,True,58.0,14,ALO,Aston Martin,7.0,7.0,6.0,58.0,Finished,False,False,2,MEDIUM,MEDIUM→HARD→HARD,12.0,False,False,False,26.663793103448278,31.92241379310345,90.093,88.598,90.245,88.679,-0.15200000000000102,-0.08100000000000307,-0.09799999999998477,10.0,10.4,0.09523809523809523,12.333333333333334,259.0,1,1,1
2023,22,BOT,Abu Dhabi Grand Prix,Abu Dhabi,Yas Island,2023-11-26,True,58.0,77,BOT,Kick Sauber,18.0,19.0,0.0,57.0,Lapped,False,False,1,HARD,HARD→MEDIUM,29.0,False,False,False,26.668421052631576,31.954385964912284,91.2945,90.07300000000001,90.245,88.679,1.0494999999999948,1.3940000000000055,0.5324999999999989,16.0,13.6,0.14285714285714285,0.0,16.0,2,4,5
2023,22,GAS,Abu Dhabi Grand Prix,Abu Dhabi,Yas Island,2023-11-26,True,58.0,10,GAS,Alpine,10.0,13.0,0.0,58.0,Finished,False,False,2,MEDIUM,MEDIUM→HARD→HARD,17.0,False,False,False,26.663793103448278,31.93448275862069,90.239,89.3895,90.245,88.679,-0.006000000000000227,0.7104999999999961,-0.23799999999999955,9.666666666666666,9.4,0.14285714285714285,6.666666666666667,110.0,1,0,9
2023,22,HAM,Abu Dhabi Grand Prix,Abu Dhabi,Yas Island,2023-11-26,True,58.0,44,HAM,Mercedes,11.0,9.0,2.0,58.0,Finished,False,False,2,MEDIUM,MEDIUM→HARD→HARD,15.0,False,False,False,26.66551724137931,31.925862068965518,89.806,88.6095,90.245,88.679,-0.43900000000000716,-0.069500000000005,0.26899999999997704,5.666666666666667,11.0,0.09523809523809523,13.666666666666666,357.0,1,6,11
2023,22,HUL,Abu Dhabi Grand Prix,Abu Dhabi,Yas Island,2023-11-26,True,58.0,27,HUL,Haas F1 Team,8.0,15.0,0.0,58.0,Finished,False,False,2,MEDIUM,MEDIUM→HARD→HARD,13.0,False,False,False,26.66551724137931,31.93793103448276,90.451,89.4735,90.245,88.679,0.20599999999998886,0.7944999999999993,-0.17850000000001387,14.666666666666666,14.2,0.09523809523809523,0.0,9.0,1,3,12
2023,22,LEC,Abu Dhabi Grand Prix,Abu Dhabi,Yas Island,2023-11-26,True,58.0,16,LEC,Ferrari,2.0,2.0,18.0,58.0,Finished,False,False,2,MEDIUM,MEDIUM→HARD→HARD,17.0,False,False,False,26.670689655172417,31.943103448275863,89.556,88.336,90.245,88.679,-0.6890000000000072,-0.3430000000000035,-0.6520000000000152,8.333333333333334,6.8,0.2,20.333333333333332,345.0,1,2,15
2023,22,MAG,Abu Dhabi Grand Prix,Abu Dhabi,Yas Island,2023-11-26,True,58.0,20,MAG,Haas F1 Team,17.0,20.0,0.0,57.0,Lapped,False,False,2,MEDIUM,MEDIUM→HARD→HARD,5.0,False,False,False,26.666666666666668,31.954385964912284,90.62950000000001,90.16149999999999,90.245,88.679,0.38450000000000273,1.4824999999999875,0.17850000000001387,16.666666666666668,15.6,0.23809523809523808,0.0,9.0,1,3,16
2023,22,NOR,Abu Dhabi Grand Prix,Abu Dhabi,Yas Island,2023-11-26,True,58.0,4,NOR,McLaren,5.0,5.0,10.0,58.0,Finished,False,False,2,MEDIUM,MEDIUM→HARD→HARD,14.0,False,False,False,26.66896551724138,31.93448275862069,89.596,88.5325,90.245,88.679,-0.6490000000000009,-0.14650000000000318,-0.2920000000000016,9.0,6.4,0.047619047619047616,11.666666666666666,248.0,1,5,18
2023,22,OCO,Abu Dhabi Grand Prix,Abu Dhabi,Yas Island,2023-11-26,True,58.0,31,OCO,Alpine,12.0,12.0,0.0,58.0,Finished,False,False,1,MEDIUM,MEDIUM→HARD,15.0,False,False,False,26.66551724137931,31.92413793103448,90.477,90.138,90.245,88.679,0.23199999999999932,1.4590000000000032,0.23799999999999955,8.0,9.8,0.3333333333333333,6.666666666666667,110.0,1,0,19
2023,22,PER,Abu Dhabi Grand Prix,Abu Dhabi,Yas Island,2023-11-26,True,58.0,11,PER,Red Bull Racing,9.0,4.0,12.0,58.0,Finished,False,False,2,MEDIUM,MEDIUM→HARD→HARD,17.0,False,False,False,26.66551724137931,31.948275862068964,89.314,87.89099999999999,90.245,88.679,-0.9310000000000116,-0.7880000000000109,0.16499999999999204,9.0,8.2,0.09523809523809523,34.0,752.0,1,8,20
2023,22,PIA,Abu Dhabi Grand Prix,Abu Dhabi,Yas Island,2023-11-26,True,58.0,81,PIA,McLaren,3.0,6.0,8.0,58.0,Finished,False,False,2,MEDIUM,MEDIUM→HARD→HARD,13.0,False,False,False,26.66551724137931,31.92758620689655,89.888,88.47800000000001,90.245,88.679,-0.3569999999999993,-0.2009999999999934,0.2920000000000016,10.666666666666666,10.2,0.14285714285714285,11.666666666666666,248.0,1,5,21
2023,22,RIC,Abu Dhabi Grand Prix,Abu Dhabi,Yas Island,2023-11-26,True,58.0,3,RIC,RB,15.0,11.0,0.0,58.0,Finished,False,False,2,MEDIUM,MEDIUM→HARD→HARD,7.0,False,False,False,26.66551724137931,31.93448275862069,90.271,88.725,90.245,88.679,0.02599999999999625,0.04599999999999227,0.1670000000000016,11.333333333333334,13.0,0.0,2.6666666666666665,18.0,1,7,22
2023,22,RUS,Abu Dhabi Grand Prix,Abu Dhabi,Yas Island,2023-11-26,True,58.0,63,RUS,Mercedes,4.0,3.0,15.0,58.0,Finished,False,False,2,MEDIUM,MEDIUM→HARD→HARD,14.0,False,False,False,26.66896551724138,31.939655172413794,89.537,88.414,90.245,88.679,-0.7079999999999984,-0.26500000000000057,-0.26900000000000546,9.666666666666666,7.6,0.19047619047619047,13.666666666666666,357.0,1,6,23
2023,22,SAI,Abu Dhabi Grand Prix,Abu Dhabi,Yas Island,2023-11-26,True,58.0,55,SAI,Ferrari,16.0,18.0,0.0,57.0,Retired,True,False,3,HARD,HARD→HARD→SOFT,23.0,False,False,False,26.67017543859649,31.94736842105263,90.208,89.6375,90.245,88.679,-0.03700000000000614,0.9585000000000008,0.6519999999999868,5.333333333333333,5.0,0.05,20.333333333333332,345.0,2,2,24
2023,22,SAR,Abu Dhabi Grand Prix,Abu Dhabi,Yas Island,2023-11-26,True,58.0,2,SAR,Williams,20.0,16.0,0.0,58.0,Finished,False,False,2,MEDIUM,MEDIUM→HARD→HARD,15.0,False,False,False,26.667241379310347,31.939655172413794,90.642,88.8665,90.245,88.679,0.39699999999999136,0.1875,0.19499999999999318,14.333333333333334,14.2,0.3333333333333333,0.6666666666666666,26.0,1,9,25
2023,22,STR,Abu Dhabi Grand Prix,Abu Dhabi,Yas Island,2023-11-26,True,58.0,18,STR,Aston Martin,13.0,10.0,1.0,58.0,Finished,False,False,2,HARD,HARD→HARD→MEDIUM,22.0,False,False,False,26.663793103448278,31.920689655172417,90.191,88.72,90.245,88.679,-0.054000000000002046,0.04099999999999682,0.09800000000001319,9.0,9.0,0.2,12.333333333333334,259.0,2,1,26
2023,22,TSU,Abu Dhabi Grand Prix,Abu Dhabi,Yas Island,2023-11-26,True,58.0,22,TSU,RB,6.0,8.0,4.0,58.0,Finished,False,False,1,MEDIUM,MEDIUM→HARD,22.0,False,False,False,26.663793103448278,31.920689655172417,90.104,89.413,90.245,88.679,-0.14100000000000534,0.7339999999999947,-0.1670000000000016,13.0,12.4,0.1,2.6666666666666665,18.0,1,7,27
2023,22,VER,Abu Dhabi Grand Prix,Abu Dhabi,Yas Island,2023-11-26,True,58.0,1,VER,Red Bull Racing,1.0,1.0,26.0,58.0,Finished,False,False,2,MEDIUM,MEDIUM→HARD→HARD,16.0,False,False,False,26.67241379310345,31.95344827586207,89.149,87.85,90.245,88.679,-1.0960000000000036,-0.8290000000000077,-0.16499999999999204,1.0,1.0,0.0,34.0,752.0,1,8,28
2023,22,ZHO,Abu Dhabi Grand Prix,Abu Dhabi,Yas Island,2023-11-26,True,58.0,24,ZHO,Kick Sauber,19.0,17.0,0.0,58.0,Finished,False,False,2,MEDIUM,MEDIUM→HARD→MEDIUM,13.0,False,False,False,26.66551724137931,31.93793103448276,90.762,89.20349999999999,90.245,88.679,0.5169999999999959,0.5244999999999891,-0.5324999999999989,15.333333333333334,13.6,0.14285714285714285,0.0,16.0,1,4,30
2024,1,ALB,Bahrain Grand Prix,Bahrain,Sakhir,2024-03-02,False,57.0,23,ALB,Williams,13.0,15.0,0.0,56.0,Lapped,False,False,2,SOFT,SOFT→HARD→HARD,15.0,False,False,False,18.001785714285713,22.794642857142858,97.869,95.8275,96.88550000000001,95.2135,0.9834999999999923,0.6140000000000043,0.2615000000000123,15.0,12.6,,0.0,,0,9,0
2024,1,ALO,Bahrain Grand Prix,Bahrain,Sakhir,2024-03-02,False,57.0,14,ALO,Aston Martin,6.0,9.0,2.0,57.0,Finished,False,False,2,SOFT,SOFT→HARD→HARD,15.0,False,False,False,17.996491228070173,22.791228070175436,97.1905,94.894,96.88550000000001,95.2135,0.3049999999999926,-0.3194999999999908,0.37350000000000705,6.333333333333333,10.6,,14.666666666666666,,0,1,1
2024,1,BOT,Bahrain Grand Prix,Bahrain,Sakhir,2024-03-02,False,57.0,77,BOT,Kick Sauber,16.0,19.0,0.0,56.0,Lapped,False,False,2,SOFT,SOFT→HARD→HARD,12.0,False,False,False,17.996428571428574,22.789285714285715,97.765,96.5115,96.88550000000001,95.2135,0.8794999999999931,1.2980000000000018,0.3710000000000093,17.333333333333332,15.8,,0.0,,0,4,5
2024,1,GAS,Bahrain Grand Prix,Bahrain,Sakhir,2024-03-02,False,57.0,10,GAS,Alpine,20.0,18.0,0.0,56.0,Lapped,False,False,3,SOFT,SOFT→HARD→HARD→SOFT,12.0,False,False,False,17.994642857142857,22.792857142857144,97.689,95.341,96.88550000000001,95.2135,0.8034999999999854,0.12749999999999773,-0.15399999999999636,10.333333333333334,9.6,,6.333333333333333,,0,0,9
2024,1,HAM,Bahrain Grand Prix,Bahrain,Sakhir,2024-03-02,False,57.0,44,HAM,Mercedes,9.0,7.0,6.0,57.0,Finished,False,False,2,SOFT,SOFT→HARD→HARD,12.0,False,False,False,17.99824561403509,22.791228070175436,96.64949999999999,95.01849999999999,96.88550000000001,95.2135,-0.23600000000001842,-0.1950000000000074,0.11199999999999477,8.0,9.0,,10.333333333333334,,0,6,11
2024,1,HUL,Bahrain Grand Prix,Bahrain,Sakhir,2024-03-02,False,57.0,27,HUL,Haas F1 Team,10.0,16.0,0.0,56.0,Lapped,False,False,3,SOFT,SOFT→HARD→HARD→SOFT,1.0,False,False,False,17.996428571428574,22.787499999999998,96.816,95.36,96.88550000000001,95.2135,-0.069500000000005,0.14650000000000318,-0.9329999999999927,15.333333333333334,14.0,,0.0,,0,3,12
2024,1,LEC,Bahrain Grand Prix,Bahrain,Sakhir,2024-03-02,False,57.0,16,LEC,Ferrari,2.0,4.0,12.0,57.0,Finished,False,False,2,SOFT,SOFT→HARD→HARD,11.0,False,False,False,17.996491228070173,22.794736842105262,96.75800000000001,95.005,96.88550000000001,95.2135,-0.12749999999999773,-0.2085000000000008,0.6315000000000168,2.3333333333333335,6.4,,17.333333333333332,,0,2,15
2024,1,MAG,Bahrain Grand Prix,Bahrain,Sakhir,2024-03-02,False,57.0,20,MAG,Haas F1 Team,15.0,12.0,0.0,56.0,Lapped,False,False,2,SOFT,SOFT→HARD→HARD,11.0,False,False,False,18.0,22.794642857142858,97.749,95.959,96.88550000000001,95.2135,0.8634999999999877,0.7455000000000069,0.9329999999999927,17.0,16.8,,0.0,,0,3,16
2024,1,NOR,Bahrain Grand Prix,Bahrain,Sakhir,2024-03-02,False,57.0,4,NOR,McLaren,7.0,6.0,8.0,57.0,Finished,False,False,2,SOFT,SOFT→HARD→HARD,13.0,False,False,False,17.99824561403509,22.79298245614035,96.5655,95.15700000000001,96.88550000000001,95.2135,-0.3200000000000074,-0.05649999999998556,-0.09650000000002024,9.0,6.8,,13.0,,0,5,18
2024,1,OCO,Bahrain Grand Prix,Bahrain,Sakhir,2024-03-02,False,57.0,31,OCO,Alpine,19.0,17.0,0.0,56.0,Lapped,False,False,2,SOFT,SOFT→HARD→HARD,10.0,False,False,False,17.996428571428574,22.792857142857144,97.843,96.6,96.88550000000001,95.2135,0.957499999999996,1.386499999999998,0.15400000000002478,8.666666666666666,10.8,,6.333333333333333,,0,0,19
2024,1,PER,Bahrain Grand Prix,Bahrain,Sakhir,2024-03-02,False,57.0,11,PER,Red Bull Racing,5.0,2.0,18.0,57.0,Finished,False,False,2,SOFT,SOFT→HARD→SOFT,12.0,False,False,False,17.994736842105265,22.794736842105262,96.2185,94.6685,96.88550000000001,95.2135,-0.6670000000000016,-0.5450000000000017,0.6895000000000095,3.6666666666666665,7.0,,38.333333333333336,,0,8,20
2024,1,PIA,Bahrain Grand Prix,Bahrain,Sakhir,2024-03-02,False,57.0,81,PIA,McLaren,8.0,8.0,4.0,57.0,Finished,False,False,2,SOFT,SOFT→HARD→HARD,12.0,False,False,False,17.996491228070173,22.789473684210527,96.662,95.19550000000001,96.88550000000001,95.2135,-0.22350000000000136,-0.01799999999998647,0.09649999999999181,10.0,11.0,,13.0,,0,5,21
2024,1,RIC,Bahrain Grand Prix,Bahrain,Sakhir,2024-03-02,False,57.0,3,RIC,RB,14.0,13.0,0.0,56.0,Lapped,False,False,2,SOFT,SOFT→HARD→SOFT,13.0,False,False,False,18.0,22.792857142857144,97.75,95.4985,96.88550000000001,95.2135,0.8644999999999925,0.2850000000000108,0.23399999999998045,12.666666666666666,12.0,,2.0,,0,7,22
2024,1,RUS,Bahrain Grand Prix,Bahrain,Sakhir,2024-03-02,False,57.0,63,RUS,Mercedes,3.0,5.0,10.0,57.0,Finished,False,False,2,SOFT,SOFT→HARD→HARD,11.0,False,False,False,17.99824561403509,22.794736842105262,96.5375,95.1985,96.88550000000001,95.2135,-0.3480000000000132,-0.015000000000000568,-0.11199999999999477,8.666666666666666,7.4,,10.333333333333334,,0,6,23
2024,1,SAI,Bahrain Grand Prix,Bahrain,Sakhir,2024-03-02,False,57.0,55,SAI,Ferrari,4.0,3.0,15.0,57.0,Finished,False,False,2,SOFT,SOFT→HARD→HARD,14.0,False,False,False,17.994736842105265,22.794736842105262,96.1265,94.824,96.88550000000001,95.2135,-0.7590000000000146,-0.3894999999999982,-0.6315000000000168,10.0,7.4,,17.333333333333332,,0,2,24
2024,1,SAR,Bahrain Grand Prix,Bahrain,Sakhir,2024-03-02,False,57.0,2,SAR,Williams,18.0,20.0,0.0,55.0,Lapped,False,False,3,SOFT,SOFT→HARD→HARD→SOFT,10.0,False,False,False,17.996363636363636,22.78181818181818,97.60749999999999,95.59,96.88550000000001,95.2135,0.72199999999998,0.37650000000000716,-0.2615000000000123,14.333333333333334,13.8,,0.0,,0,9,25
2024,1,STR,Bahrain Grand Prix,Bahrain,Sakhir,2024-03-02,False,57.0,18,STR,Aston Martin,12.0,10.0,1.0,57.0,Finished,False,False,2,SOFT,SOFT→HARD→HARD,9.0,False,False,False,17.996491228070173,22.78421052631579,96.81700000000001,96.144,96.88550000000001,95.2135,-0.06850000000000023,0.9305000000000092,-0.3734999999999786,6.666666666666667,8.8,,14.666666666666666,,0,1,26
2024,1,TSU,Bahrain Grand Prix,Bahrain,Sakhir,2024-03-02,False,57.0,22,TSU,RB,11.0,14.0,0.0,56.0,Lapped,False,False,2,SOFT,SOFT→HARD→HARD,14.0,False,False,False,18.001785714285713,22.798214285714288,97.516,96.1345,96.88550000000001,95.2135,0.6304999999999978,0.9210000000000065,-0.23400000000000887,11.666666666666666,11.0,,2.0,,0,7,27
2024,1,VER,Bahrain Grand Prix,Bahrain,Sakhir,2024-03-02,False,57.0,1,VER,Red Bull Racing,1.0,1.0,26.0,57.0,Finished,False,False,2,SOFT,SOFT→HARD→SOFT,17.0,False,False,False,17.99824561403509,22.796491228070177,95.529,94.2945,96.88550000000001,95.2135,-1.3565000000000111,-0.9189999999999969,-0.6895000000000095,1.0,1.0,,38.333333333333336,,0,8,28
2024,1,ZHO,Bahrain Grand Prix,Bahrain,Sakhir,2024-03-02,False,57.0,24,ZHO,Kick Sauber,17.0,11.0,0.0,56.0,Lapped,False,False,2,SOFT,SOFT→HARD→HARD,9.0,False,False,False,18.001785714285713,22.79642857142857,97.394,96.53200000000001,96.88550000000001,95.2135,0.508499999999998,1.3185000000000144,-0.3709999999999809,16.333333333333332,15.2,,0.0,,0,4,30
2024,2,ALB,Saudi Arabian Grand Prix,Saudi Arabia,Jeddah,2024-03-09,True,50.0,23,ALB,Williams,12.0,11.0,0.0,50.0,Finished,False,False,1,MEDIUM,MEDIUM→HARD,7.0,True,False,False,25.51,30.944000000000003,95.32050000000001,92.711,94.1215,92.556,1.1990000000000123,0.15500000000000114,-0.2804999999999893,13.666666666666666,13.8,0.0,0.0,0.0,1,9,0
2024,2,ALO,Saudi Arabian Grand Prix,Saudi Arabia,Jeddah,2024-03-09,True,50.0,14,ALO,Aston Martin,4.0,5.0,10.0,50.0,Finished,False,False,1,MEDIUM,MEDIUM→HARD,7.0,True,False,False,25.511999999999997,30.932,93.7615,92.427,94.1215,92.556,-0.35999999999999943,-0.12899999999999068,-2.0010000000000048,8.333333333333334,9.2,0.0,7.333333333333333,3.0,1,1,1
2024,2,BEA,Saudi Arabian Grand Prix,Saudi Arabia,Jeddah,2024-03-09,True,50.0,38,BEA,Ferrari,11.0,7.0,6.0,50.0,Finished,False,False,1,SOFT,SOFT→HARD,7.0,True,False,False,25.516,30.93,93.7795,92.583,94.1215,92.556,-0.34199999999999875,0.027000000000001023,0.525999999999982,,,,23.666666666666668,27.0,0,2,3
2024,2,BOT,Saudi Arabian Grand Prix,Saudi Arabia,Jeddah,2024-03-09,True,50.0,77,BOT,Kick Sauber,16.0,17.0,0.0,49.0,Lapped,False,False,2,SOFT,SOFT→HARD→SOFT,7.0,True,False,False,25.514285714285716,30.955102040816325,95.447,92.93700000000001,94.1215,92.556,1.3255000000000052,0.38100000000001444,0.4449999999999932,18.333333333333332,17.2,0.0,0.0,0.0,0,4,5
2024,2,GAS,Saudi Arabian Grand Prix,Saudi Arabia,Jeddah,2024-03-09,True,50.0,10,GAS,Alpine,18.0,20.0,0.0,1.0,Retired,True,False,1,MEDIUM,MEDIUM,1.0,False,False,False,25.4,31.5,,,94.1215,92.556,,,0.0,14.0,12.0,0.0,4.0,0.0,1,0,9
2024,2,HAM,Saudi Arabian Grand Prix,Saudi Arabia,Jeddah,2024-03-09,True,50.0,44,HAM,Mercedes,8.0,9.0,2.0,50.0,Finished,False,False,1,MEDIUM,MEDIUM→SOFT,36.0,True,False,False,25.514,30.926,93.7175,92.0735,94.1215,92.556,-0.40399999999999636,-0.4825000000000017,-0.03849999999999909,7.666666666666667,6.6,0.0,14.333333333333334,16.0,1,6,11
2024,2,HUL,Saudi Arabian Grand Prix,Saudi Arabia,Jeddah,2024-03-09,True,50.0,27,HUL,Haas F1 Team,15.0,10.0,1.0,50.0,Finished,False,False,1,MEDIUM,MEDIUM→HARD,33.0,True,False,False,25.511999999999997,30.932,94.6495,92.50649999999999,94.1215,92.556,0.5280000000000058,-0.04950000000000898,-0.6670000000000016,16.666666666666668,15.0,0.0,0.0,0.0,1,3,12
2024,2,LEC,Saudi Arabian Grand Prix,Saudi Arabia,Jeddah,2024-03-09,True,50.0,16,LEC,Ferrari,2.0,3.0,16.0,50.0,Finished,False,False,1,MEDIUM,MEDIUM→HARD,7.0,True,False,False,25.511999999999997,30.92,93.2535,92.282,94.1215,92.556,-0.867999999999995,-0.2740000000000009,-0.5260000000000105,2.6666666666666665,6.2,0.0,23.666666666666668,27.0,1,2,15
2024,2,MAG,Saudi Arabian Grand Prix,Saudi Arabia,Jeddah,2024-03-09,True,50.0,20,MAG,Haas F1 Team,13.0,12.0,0.0,50.0,Finished,False,False,1,MEDIUM,MEDIUM→HARD,7.0,True,False,False,25.51,30.944000000000003,95.3165,92.812,94.1215,92.556,1.1950000000000074,0.2560000000000002,0.6670000000000016,15.0,16.4,0.0,0.0,0.0,1,3,16
2024,2,NOR,Saudi Arabian Grand Prix,Saudi Arabia,Jeddah,2024-03-09,True,50.0,4,NOR,McLaren,6.0,8.0,4.0,50.0,Finished,False,False,1,MEDIUM,MEDIUM→SOFT,37.0,True,False,False,25.514,30.92,93.662,92.152,94.1215,92.556,-0.45949999999999136,-0.40399999999999636,-0.04249999999998977,10.333333333333334,7.6,0.0,10.666666666666666,12.0,1,5,18
2024,2,OCO,Saudi Arabian Grand Prix,Saudi Arabia,Jeddah,2024-03-09,True,50.0,31,OCO,Alpine,17.0,13.0,0.0,49.0,Lapped,False,False,1,MEDIUM,MEDIUM→HARD,7.0,True,False,False,25.514285714285716,30.967346938775513,95.4,93.716,94.1215,92.556,1.2785000000000082,1.1599999999999966,0.0,11.0,10.6,0.0,4.0,0.0,1,0,19
2024,2,PER,Saudi Arabian Grand Prix,Saudi Arabia,Jeddah,2024-03-09,True,50.0,11,PER,Red Bull Racing,3.0,2.0,18.0,50.0,Finished,False,False,1,MEDIUM,MEDIUM→HARD,7.0,True,False,False,25.511999999999997,30.918000000000003,92.8315,92.418,94.1215,92.556,-1.289999999999992,-0.13799999999999102,0.043000000000006366,3.0,6.6,0.0,40.666666666666664,44.0,1,8,20
2024,2,PIA,Saudi Arabian Grand Prix,Saudi Arabia,Jeddah,2024-03-09,True,50.0,81,PIA,McLaren,5.0,4.0,12.0,50.0,Finished,False,False,1,MEDIUM,MEDIUM→HARD,7.0,True,False,False,25.511999999999997,30.932,93.7045,92.545,94.1215,92.556,-0.4170000000000016,-0.01099999999999568,0.04249999999998977,8.0,9.2,0.0,10.666666666666666,12.0,1,5,21
2024,2,RIC,Saudi Arabian Grand Prix,Saudi Arabia,Jeddah,2024-03-09,True,50.0,3,RIC,RB,14.0,16.0,0.0,49.0,Lapped,False,False,1,MEDIUM,MEDIUM→HARD,7.0,True,False,False,25.514285714285716,30.95714285714286,95.648,93.705,94.1215,92.556,1.5264999999999986,1.149000000000001,0.2699999999999818,12.666666666666666,11.6,0.0,1.3333333333333333,0.0,1,7,22
2024,2,RUS,Saudi Arabian Grand Prix,Saudi Arabia,Jeddah,2024-03-09,True,50.0,63,RUS,Mercedes,7.0,6.0,8.0,50.0,Finished,False,False,1,MEDIUM,MEDIUM→HARD,7.0,True,False,False,25.511999999999997,30.926,93.756,92.499,94.1215,92.556,-0.36549999999999727,-0.05700000000000216,0.03849999999999909,5.333333333333333,7.4,0.0,14.333333333333334,16.0,1,6,23
2024,2,SAR,Saudi Arabian Grand Prix,Saudi Arabia,Jeddah,2024-03-09,True,50.0,2,SAR,Williams,19.0,14.0,0.0,49.0,Lapped,False,False,1,MEDIUM,MEDIUM→HARD,7.0,True,False,False,25.514285714285716,30.967346938775513,95.601,93.718,94.1215,92.556,1.4795000000000016,1.1620000000000061,0.2804999999999893,17.333333333333332,15.8,0.0,0.0,0.0,1,9,25
2024,2,STR,Saudi Arabian Grand Prix,Saudi Arabia,Jeddah,2024-03-09,True,50.0,18,STR,Aston Martin,10.0,19.0,0.0,5.0,Retired,True,False,0,MEDIUM,MEDIUM,6.0,False,False,False,25.53333333333333,31.7,95.7625,95.56,94.1215,92.556,1.6410000000000053,3.004000000000005,2.0010000000000048,8.333333333333334,9.4,0.0,7.333333333333333,3.0,1,1,26
2024,2,TSU,Saudi Arabian Grand Prix,Saudi Arabia,Jeddah,2024-03-09,True,50.0,22,TSU,RB,9.0,15.0,0.0,49.0,Lapped,False,False,1,MEDIUM,MEDIUM→HARD,7.0,True,False,False,25.514285714285716,30.96530612244898,95.378,93.623,94.1215,92.556,1.2565000000000026,1.0670000000000073,-0.27000000000001023,13.333333333333334,12.2,0.0,1.3333333333333333,0.0,1,7,27
2024,2,VER,Saudi Arabian Grand Prix,Saudi Arabia,Jeddah,2024-03-09,True,50.0,1,VER,Red Bull Racing,1.0,1.0,25.0,50.0,Finished,False,False,1,MEDIUM,MEDIUM→HARD,7.0,True,False,False,25.511999999999997,30.924,92.7885,92.309,94.1215,92.556,-1.3329999999999984,-0.2469999999999999,-0.043000000000006366,1.0,1.0,0.0,40.666666666666664,44.0,1,8,28
2024,2,ZHO,Saudi Arabian Grand Prix,Saudi Arabia,Jeddah,2024-03-09,True,50.0,24,ZHO,Kick Sauber,20.0,18.0,0.0,49.0,Lapped,False,False,1,MEDIUM,MEDIUM→SOFT,41.0,True,False,False,25.514285714285716,30.959183673469386,95.002,92.8655,94.1215,92.556,0.8804999999999978,0.3094999999999999,-0.4450000000000216,14.333333333333334,14.8,0.0,0.0,0.0,1,4,30
2024,3,ALB,Australian Grand Prix,Australia,Melbourne,2024-03-24,True,58.0,23,ALB,Williams,12.0,11.0,0.0,57.0,Lapped,False,False,2,MEDIUM,MEDIUM→HARD→HARD,6.0,False,False,False,21.22280701754386,38.526315789473685,83.0,81.9125,82.609,80.953,0.39100000000000534,0.9594999999999914,0.0,13.333333333333334,14.2,0.0,0.0,0.0,1,9,0
2024,3,ALO,Australian Grand Prix,Australia,Melbourne,2024-03-24,True,58.0,14,ALO,Aston Martin,10.0,8.0,4.0,58.0,Finished,False,False,2,HARD,HARD→MEDIUM→HARD,17.0,False,True,False,21.225862068965515,38.4896551724138,82.704,80.945,82.609,80.953,0.09499999999999886,-0.008000000000009777,-0.2179999999999893,7.0,6.6,0.0,6.666666666666667,13.0,2,1,1
2024,3,BOT,Australian Grand Prix,Australia,Melbourne,2024-03-24,True,58.0,77,BOT,Kick Sauber,13.0,14.0,0.0,57.0,Lapped,False,False,2,MEDIUM,MEDIUM→HARD→HARD,8.0,False,True,False,21.231578947368423,38.52807017543859,82.893,81.583,82.609,80.953,0.284000000000006,0.6299999999999955,-0.20400000000000773,18.333333333333332,17.6,0.0,0.0,0.0,1,4,5
2024,3,GAS,Australian Grand Prix,Australia,Melbourne,2024-03-24,True,58.0,10,GAS,Alpine,17.0,13.0,0.0,57.0,Lapped,False,False,2,MEDIUM,MEDIUM→HARD→HARD,17.0,False,True,False,21.221052631578946,38.50526315789474,83.13,81.2485,82.609,80.953,0.5210000000000008,0.2955000000000041,0.22499999999999432,17.0,13.8,0.5,0.0,0.0,1,0,9
2024,3,HAM,Australian Grand Prix,Australia,Melbourne,2024-03-24,True,58.0,44,HAM,Mercedes,11.0,18.0,0.0,15.0,Retired,True,False,1,SOFT,SOFT→HARD,7.0,False,False,False,20.70625,39.0625,83.2055,82.49950000000001,82.609,80.953,0.596500000000006,1.5465000000000089,0.6145000000000209,8.333333333333334,8.0,0.0,14.333333333333334,26.0,0,6,11
2024,3,HUL,Australian Grand Prix,Australia,Melbourne,2024-03-24,True,58.0,27,HUL,Haas F1 Team,16.0,9.0,2.0,58.0,Finished,False,False,2,HARD,HARD→MEDIUM→HARD,17.0,False,True,False,21.231034482758623,38.498275862068965,82.823,81.679,82.609,80.953,0.21399999999999864,0.7259999999999991,-0.3340000000000032,13.666666666666666,14.4,0.0,0.3333333333333333,1.0,2,3,12
2024,3,LEC,Australian Grand Prix,Australia,Melbourne,2024-03-24,True,58.0,16,LEC,Ferrari,4.0,2.0,19.0,58.0,Finished,False,False,2,MEDIUM,MEDIUM→HARD→HARD,9.0,False,False,False,21.21896551724138,38.51379310344828,81.841,80.2675,82.609,80.953,-0.7680000000000007,-0.6855000000000047,0.35200000000000387,3.0,2.8,0.0,22.333333333333332,49.0,1,2,15
2024,3,MAG,Australian Grand Prix,Australia,Melbourne,2024-03-24,True,58.0,20,MAG,Haas F1 Team,14.0,10.0,1.0,57.0,Lapped,False,False,2,MEDIUM,MEDIUM→HARD→HARD,7.0,False,False,False,21.221052631578946,38.52105263157895,83.157,81.58449999999999,82.609,80.953,0.5480000000000018,0.6314999999999884,0.3340000000000032,14.666666666666666,15.0,0.0,0.3333333333333333,1.0,1,3,16
2024,3,NOR,Australian Grand Prix,Australia,Melbourne,2024-03-24,True,58.0,4,NOR,McLaren,3.0,3.0,15.0,58.0,Finished,False,False,2,MEDIUM,MEDIUM→HARD→HARD,14.0,False,False,False,21.225862068965515,38.51379310344828,81.70249999999999,80.1695,82.609,80.953,-0.9065000000000083,-0.7835000000000036,-0.28650000000001796,6.333333333333333,8.2,0.0,15.333333333333334,28.0,1,5,18
2024,3,OCO,Australian Grand Prix,Australia,Melbourne,2024-03-24,True,58.0,31,OCO,Alpine,15.0,16.0,0.0,57.0,Lapped,False,False,3,MEDIUM,MEDIUM→HARD→HARD→HARD,9.0,False,True,False,21.231578947368423,38.50877192982456,82.905,81.633,82.609,80.953,0.2960000000000065,0.6799999999999926,-0.22499999999999432,14.0,11.2,0.0,0.0,0.0,1,0,19
2024,3,PER,Australian Grand Prix,Australia,Melbourne,2024-03-24,True,58.0,11,PER,Red Bull Racing,6.0,5.0,10.0,58.0,Finished,False,False,2,MEDIUM,MEDIUM→HARD→HARD,14.0,False,True,False,21.232758620689655,38.48103448275862,81.849,80.769,82.609,80.953,-0.7599999999999909,-0.1839999999999975,-1.7580000000000098,2.6666666666666665,3.0,0.0,41.666666666666664,87.0,1,8,20
2024,3,PIA,Australian Grand Prix,Australia,Melbourne,2024-03-24,True,58.0,81,PIA,McLaren,5.0,4.0,12.0,58.0,Finished,False,False,2,MEDIUM,MEDIUM→HARD→HARD,9.0,False,True,False,21.220689655172414,38.515517241379314,81.989,80.352,82.609,80.953,-0.6199999999999903,-0.6009999999999991,0.28650000000001796,6.0,8.4,0.0,15.333333333333334,28.0,1,5,21
2024,3,RIC,Australian Grand Prix,Australia,Melbourne,2024-03-24,True,58.0,3,RIC,RB,18.0,12.0,0.0,57.0,Lapped,False,False,2,SOFT,SOFT→HARD→HARD,5.0,False,False,False,21.224561403508773,38.52280701754386,83.018,81.43950000000001,82.609,80.953,0.409000000000006,0.4865000000000066,0.05000000000001137,13.333333333333334,13.4,0.0,1.3333333333333333,0.0,0,7,22
2024,3,RUS,Australian Grand Prix,Australia,Melbourne,2024-03-24,True,58.0,63,RUS,Mercedes,7.0,17.0,0.0,56.0,Retired,True,False,2,MEDIUM,MEDIUM→HARD→HARD,8.0,False,False,False,21.221052631578946,38.5140350877193,82.591,80.695,82.609,80.953,-0.018000000000000682,-0.2580000000000098,-0.6144999999999925,4.666666666666667,7.4,0.0,14.333333333333334,26.0,1,6,23
2024,3,SAI,Australian Grand Prix,Australia,Melbourne,2024-03-24,True,58.0,55,SAI,Ferrari,2.0,1.0,25.0,58.0,Finished,False,False,2,MEDIUM,MEDIUM→HARD→HARD,16.0,False,False,False,21.22241379310345,38.525862068965516,81.489,80.25200000000001,82.609,80.953,-1.1199999999999903,-0.7009999999999934,-0.35199999999997544,9.0,7.4,0.0,22.333333333333332,49.0,1,2,24
2024,3,STR,Australian Grand Prix,Australia,Melbourne,2024-03-24,True,58.0,18,STR,Aston Martin,9.0,6.0,8.0,58.0,Finished,False,False,2,MEDIUM,MEDIUM→HARD→HARD,8.0,False,True,False,21.231034482758623,38.48103448275862,82.922,81.109,82.609,80.953,0.3130000000000024,0.1559999999999917,0.21800000000001774,13.0,9.8,0.5,6.666666666666667,13.0,1,1,26
2024,3,TSU,Australian Grand Prix,Australia,Melbourne,2024-03-24,True,58.0,22,TSU,RB,8.0,7.0,6.0,58.0,Finished,False,False,2,MEDIUM,MEDIUM→HARD→HARD,9.0,False,True,False,21.232758620689655,38.48620689655172,82.968,81.303,82.609,80.953,0.35900000000000887,0.3499999999999943,-0.04999999999998295,12.333333333333334,12.8,0.0,1.3333333333333333,0.0,1,7,27
2024,3,VER,Australian Grand Prix,Australia,Melbourne,2024-03-24,True,58.0,1,VER,Red Bull Racing,1.0,19.0,0.0,3.0,Retired,True,False,1,MEDIUM,MEDIUM,4.0,False,False,False,20.575,39.1,83.607,83.115,82.609,80.953,0.9980000000000047,2.161999999999992,1.7579999999999814,1.0,1.0,0.0,41.666666666666664,87.0,1,8,28
2024,3,ZHO,Australian Grand Prix,Australia,Melbourne,2024-03-24,True,58.0,24,ZHO,Kick Sauber,19.0,15.0,0.0,57.0,Lapped,False,False,2,SOFT,SOFT→HARD→HARD,6.0,False,True,False,21.228070175438596,38.487719298245615,83.097,81.798,82.609,80.953,0.48799999999999955,0.8449999999999989,0.2039999999999793,15.333333333333334,15.6,0.0,0.0,0.0,0,4,30
2024,4,ALB,Japanese Grand Prix,Japan,Suzuka,2024-04-07,False,53.0,23,ALB,Williams,14.0,20.0,0.0,0.0,Retired,True,False,0,SOFT,SOFT,1.0,False,False,False,22.5,40.0,,,97.429,95.263,,,0.0,12.333333333333334,12.6,0.0,0.0,0.0,0,9,0
2024,4,ALO,Japanese Grand Prix,Japan,Suzuka,2024-04-07,False,53.0,14,ALO,Aston Martin,5.0,6.0,8.0,53.0,Finished,False,False,3,SOFT,SOFT→SOFT→MEDIUM→HARD,1.0,False,False,False,21.090566037735847,35.31320754716981,97.29050000000001,95.574,97.429,95.263,-0.1384999999999934,0.31099999999999284,-0.3424999999999727,7.333333333333333,7.6,0.0,8.333333333333334,25.0,0,1,1
2024,4,BOT,Japanese Grand Prix,Japan,Suzuka,2024-04-07,False,53.0,77,BOT,Kick Sauber,13.0,14.0,0.0,52.0,Lapped,False,False,3,SOFT,SOFT→SOFT→HARD→HARD,1.0,False,False,False,21.115384615384617,35.357692307692304,98.0325,96.944,97.429,95.263,0.6034999999999968,1.6809999999999974,-1.7615000000000123,16.666666666666668,17.2,0.0,0.0,0.0,0,4,5
2024,4,GAS,Japanese Grand Prix,Japan,Suzuka,2024-04-07,False,53.0,10,GAS,Alpine,17.0,16.0,0.0,52.0,Lapped,False,False,3,SOFT,SOFT→HARD→MEDIUM→HARD,1.0,False,False,False,21.1,35.30769230769231,98.827,96.942,97.429,95.263,1.3979999999999961,1.6789999999999878,0.09449999999998226,17.0,15.0,0.3333333333333333,0.0,0.0,0,0,9
2024,4,HAM,Japanese Grand Prix,Japan,Suzuka,2024-04-07,False,53.0,44,HAM,Mercedes,7.0,9.0,2.0,53.0,Finished,False,False,3,MEDIUM,MEDIUM→HARD→HARD→MEDIUM,1.0,False,False,False,21.09433962264151,35.32830188679245,96.6115,94.679,97.429,95.263,-0.8174999999999955,-0.5840000000000032,-0.08999999999997499,11.333333333333334,10.0,0.3333333333333333,8.666666666666666,26.0,1,6,11
2024,4,HUL,Japanese Grand Prix,Japan,Suzuka,2024-04-07,False,53.0,27,HUL,Haas F1 Team,12.0,11.0,0.0,52.0,Lapped,False,False,3,SOFT,SOFT→SOFT→HARD→HARD,1.0,False,False,False,21.109615384615385,35.32692307692308,98.352,95.853,97.429,95.263,0.9230000000000018,0.5899999999999892,-0.06299999999998818,11.666666666666666,13.8,0.0,1.3333333333333333,4.0,0,3,12
2024,4,LEC,Japanese Grand Prix,Japan,Suzuka,2024-04-07,False,53.0,16,LEC,Ferrari,8.0,4.0,12.0,53.0,Finished,False,False,2,MEDIUM,MEDIUM→MEDIUM→HARD,1.0,False,False,False,21.10188679245283,35.33018867924528,96.519,95.451,97.429,95.263,-0.9099999999999966,0.18799999999998818,-0.382000000000005,3.0,2.6,0.0,31.0,93.0,1,2,15
2024,4,MAG,Japanese Grand Prix,Japan,Suzuka,2024-04-07,False,53.0,20,MAG,Haas F1 Team,18.0,13.0,0.0,52.0,Lapped,False,False,2,MEDIUM,MEDIUM→MEDIUM→HARD,1.0,False,False,False,21.121153846153845,35.36538461538461,98.41499999999999,97.395,97.429,95.263,0.98599999999999,2.131999999999991,0.06299999999998818,11.333333333333334,13.4,0.0,1.3333333333333333,4.0,1,3,16
2024,4,NOR,Japanese Grand Prix,Japan,Suzuka,2024-04-07,False,53.0,4,NOR,McLaren,3.0,5.0,10.0,53.0,Finished,False,False,3,MEDIUM,MEDIUM→MEDIUM→HARD→HARD,1.0,False,False,False,21.09622641509434,35.31509433962264,96.3575,95.633,97.429,95.263,-1.0715000000000003,0.36999999999999034,-0.6634999999999991,5.666666666666667,8.4,0.0,18.333333333333332,55.0,1,5,18
2024,4,OCO,Japanese Grand Prix,Japan,Suzuka,2024-04-07,False,53.0,31,OCO,Alpine,15.0,15.0,0.0,52.0,Lapped,False,False,3,SOFT,SOFT→HARD→HARD→MEDIUM,1.0,False,False,False,21.101923076923075,35.330769230769235,98.7325,96.831,97.429,95.263,1.3034999999999997,1.5679999999999978,-0.09450000000001069,15.333333333333334,12.4,0.0,0.0,0.0,0,0,19
2024,4,PER,Japanese Grand Prix,Japan,Suzuka,2024-04-07,False,53.0,11,PER,Red Bull Racing,2.0,2.0,18.0,53.0,Finished,False,False,3,MEDIUM,MEDIUM→MEDIUM→MEDIUM→HARD,1.0,False,False,False,21.099999999999998,35.33018867924528,96.5705,94.738,97.429,95.263,-0.8585000000000065,-0.5250000000000057,0.17749999999998067,3.0,3.2,0.0,32.333333333333336,97.0,1,8,20
2024,4,PIA,Japanese Grand Prix,Japan,Suzuka,2024-04-07,False,53.0,81,PIA,McLaren,6.0,8.0,4.0,53.0,Finished,False,False,3,MEDIUM,MEDIUM→MEDIUM→HARD→HARD,1.0,False,False,False,21.090566037735847,35.31320754716981,97.021,95.4,97.429,95.263,-0.40800000000000125,0.13700000000000045,0.6634999999999991,5.333333333333333,6.4,0.0,18.333333333333332,55.0,1,5,21
2024,4,RIC,Japanese Grand Prix,Japan,Suzuka,2024-04-07,False,53.0,3,RIC,RB,11.0,19.0,0.0,0.0,Retired,True,False,0,MEDIUM,MEDIUM,1.0,False,False,False,22.5,40.0,,,97.429,95.263,,,0.0,13.666666666666666,13.2,0.0,2.0,6.0,1,7,22
2024,4,RUS,Japanese Grand Prix,Japan,Suzuka,2024-04-07,False,53.0,63,RUS,Mercedes,9.0,7.0,6.0,53.0,Finished,False,False,3,MEDIUM,MEDIUM→HARD→HARD→MEDIUM,1.0,False,False,False,21.09622641509434,35.324528301886794,96.7015,94.902,97.429,95.263,-0.7275000000000063,-0.3610000000000042,0.09000000000000341,9.333333333333334,7.8,0.3333333333333333,8.666666666666666,26.0,1,6,23
2024,4,SAI,Japanese Grand Prix,Japan,Suzuka,2024-04-07,False,53.0,55,SAI,Ferrari,4.0,3.0,15.0,53.0,Finished,False,False,3,MEDIUM,MEDIUM→MEDIUM→MEDIUM→HARD,1.0,False,False,False,21.099999999999998,35.33018867924528,96.901,94.419,97.429,95.263,-0.5280000000000058,-0.8440000000000083,0.3819999999999766,7.333333333333333,6.8,0.0,31.0,93.0,1,2,24
2024,4,SAR,Japanese Grand Prix,Japan,Suzuka,2024-04-07,False,53.0,2,SAR,Williams,19.0,17.0,0.0,52.0,Lapped,False,False,4,SOFT,SOFT→HARD→HARD→MEDIUM→SOFT,1.0,False,False,False,21.1,35.325,98.13,95.41999999999999,97.429,95.263,0.7009999999999934,0.15699999999998226,0.0,16.666666666666668,15.4,0.0,0.0,0.0,0,9,25
2024,4,STR,Japanese Grand Prix,Japan,Suzuka,2024-04-07,False,53.0,18,STR,Aston Martin,16.0,12.0,0.0,52.0,Lapped,False,False,4,SOFT,SOFT→SOFT→MEDIUM→HARD→SOFT,1.0,False,False,False,21.115384615384617,35.35576923076923,97.633,96.2175,97.429,95.263,0.20399999999999352,0.9544999999999959,0.34250000000000114,11.666666666666666,10.0,0.3333333333333333,8.333333333333334,25.0,0,1,26
2024,4,TSU,Japanese Grand Prix,Japan,Suzuka,2024-04-07,False,53.0,22,TSU,RB,10.0,10.0,1.0,52.0,Lapped,False,False,3,MEDIUM,MEDIUM→SOFT→HARD→HARD,1.0,False,False,False,21.11923076923077,35.371153846153845,97.498,97.037,97.429,95.263,0.06900000000000261,1.774000000000001,0.0,12.0,12.4,0.0,2.0,6.0,1,7,27
2024,4,VER,Japanese Grand Prix,Japan,Suzuka,2024-04-07,False,53.0,1,VER,Red Bull Racing,1.0,1.0,26.0,53.0,Finished,False,False,3,MEDIUM,MEDIUM→MEDIUM→MEDIUM→HARD,1.0,False,False,False,21.107547169811323,35.35471698113207,96.393,94.455,97.429,95.263,-1.0360000000000014,-0.8080000000000069,-0.1775000000000091,7.0,4.6,0.3333333333333333,32.333333333333336,97.0,1,8,28
2024,4,ZHO,Japanese Grand Prix,Japan,Suzuka,2024-04-07,False,53.0,24,ZHO,Kick Sauber,20.0,18.0,0.0,12.0,Retired,True,False,4,MEDIUM,MEDIUM→SOFT→HARD→HARD,1.0,False,False,False,22.258333333333336,38.5,99.794,97.16,97.429,95.263,2.364999999999995,1.8969999999999914,1.7614999999999839,14.666666666666666,15.2,0.0,0.0,0.0,1,4,30
2024,5,ALB,Chinese Grand Prix,China,Shanghai,2024-04-21,False,56.0,23,ALB,Williams,14.0,12.0,0.0,56.0,Finished,False,False,2,MEDIUM,MEDIUM→MEDIUM→HARD,9.0,True,True,False,18.541071428571428,29.169642857142858,101.7655,101.30199999999999,101.502,99.76849999999999,0.2635000000000076,1.5335000000000036,-0.6700000000000159,14.0,14.2,0.25,0.0,0.0,1,9,0
2024,5,ALO,Chinese Grand Prix,China,Shanghai,2024-04-21,False,56.0,14,ALO,Aston Martin,3.0,7.0,7.0,56.0,Finished,False,False,3,MEDIUM,MEDIUM→HARD→SOFT→MEDIUM,11.0,True,True,False,18.537499999999998,29.169642857142858,100.66550000000001,99.42750000000001,101.502,99.76849999999999,-0.8364999999999867,-0.34099999999997976,-0.805499999999995,6.333333333333333,7.0,0.0,10.0,33.0,1,1,1
2024,5,BOT,Chinese Grand Prix,China,Shanghai,2024-04-21,False,56.0,77,BOT,Kick Sauber,10.0,20.0,0.0,19.0,Retired,True,False,1,MEDIUM,MEDIUM→HARD,9.0,False,False,False,18.830000000000002,30.435000000000002,102.577,101.994,101.502,99.76849999999999,1.0750000000000028,2.225500000000011,0.833500000000015,15.0,16.6,0.0,0.0,0.0,1,4,5
2024,5,GAS,Chinese Grand Prix,China,Shanghai,2024-04-21,False,56.0,10,GAS,Alpine,15.0,13.0,0.0,56.0,Finished,False,False,3,MEDIUM,MEDIUM→HARD→HARD→MEDIUM,11.0,True,True,False,18.539285714285715,29.155357142857145,101.4475,100.0265,101.502,99.76849999999999,-0.05449999999999022,0.2580000000000098,-0.2039999999999793,16.333333333333332,16.0,0.25,0.0,0.0,1,0,9
2024,5,HAM,Chinese Grand Prix,China,Shanghai,2024-04-21,False,56.0,44,HAM,Mercedes,18.0,9.0,2.0,56.0,Finished,False,False,2,SOFT,SOFT→MEDIUM→HARD,9.0,True,True,False,18.542857142857144,29.176785714285717,101.4965,100.9115,101.502,99.76849999999999,-0.00549999999999784,1.143000000000015,0.7139999999999986,12.0,10.4,0.25,6.0,34.0,0,6,11
2024,5,HUL,Chinese Grand Prix,China,Shanghai,2024-04-21,False,56.0,27,HUL,Haas F1 Team,9.0,10.0,1.0,56.0,Finished,False,False,2,MEDIUM,MEDIUM→HARD→HARD,8.0,True,True,False,18.539285714285715,29.175,101.63550000000001,101.01650000000001,101.502,99.76849999999999,0.13350000000001216,1.2480000000000189,-0.9089999999999918,10.0,12.2,0.0,1.3333333333333333,4.0,1,3,12
2024,5,LEC,Chinese Grand Prix,China,Shanghai,2024-04-21,False,56.0,16,LEC,Ferrari,6.0,4.0,12.0,56.0,Finished,False,False,1,MEDIUM,MEDIUM→HARD,21.0,True,True,False,18.539285714285715,29.169642857142858,100.51050000000001,99.666,101.502,99.76849999999999,-0.9914999999999878,-0.10249999999999204,-0.09850000000000136,3.0,3.0,0.0,31.0,120.0,1,2,15
2024,5,MAG,Chinese Grand Prix,China,Shanghai,2024-04-21,False,56.0,20,MAG,Haas F1 Team,17.0,16.0,0.0,56.0,Finished,False,False,2,HARD,HARD→HARD→MEDIUM,17.0,True,True,False,18.542857142857144,29.150000000000002,102.5445,101.289,101.502,99.76849999999999,1.042500000000004,1.5205000000000126,0.9089999999999918,11.666666666666666,13.4,0.0,1.3333333333333333,4.0,2,3,16
2024,5,NOR,Chinese Grand Prix,China,Shanghai,2024-04-21,False,56.0,4,NOR,McLaren,4.0,2.0,18.0,56.0,Finished,False,False,1,MEDIUM,MEDIUM→HARD,22.0,True,True,False,18.539285714285715,29.169642857142858,100.2505,99.13,101.502,99.76849999999999,-1.251499999999993,-0.6384999999999934,-1.2329999999999757,5.333333333333333,5.4,0.0,19.0,69.0,1,5,18
2024,5,OCO,Chinese Grand Prix,China,Shanghai,2024-04-21,False,56.0,31,OCO,Alpine,13.0,11.0,0.0,56.0,Finished,False,False,2,MEDIUM,MEDIUM→HARD→HARD,9.0,True,True,False,18.541071428571428,29.17142857142857,101.6515,101.1625,101.502,99.76849999999999,0.1495000000000033,1.3940000000000055,0.20400000000000773,14.666666666666666,14.6,0.0,0.0,0.0,1,0,19
2024,5,PER,Chinese Grand Prix,China,Shanghai,2024-04-21,False,56.0,11,PER,Red Bull Racing,2.0,3.0,15.0,56.0,Finished,False,False,2,MEDIUM,MEDIUM→HARD→HARD,13.0,True,True,False,18.539285714285715,29.169642857142858,100.0955,99.56,101.502,99.76849999999999,-1.406499999999994,-0.20849999999998658,0.5045000000000073,3.0,3.0,0.0,32.333333333333336,141.0,1,8,20
2024,5,PIA,Chinese Grand Prix,China,Shanghai,2024-04-21,False,56.0,81,PIA,McLaren,5.0,8.0,4.0,56.0,Finished,False,False,2,MEDIUM,MEDIUM→MEDIUM→HARD,16.0,True,True,False,18.537499999999998,29.173214285714288,101.48349999999999,100.6785,101.502,99.76849999999999,-0.01850000000000307,0.9100000000000108,1.233000000000004,5.333333333333333,6.0,0.0,19.0,69.0,1,5,21
2024,5,RIC,Chinese Grand Prix,China,Shanghai,2024-04-21,False,56.0,3,RIC,RB,12.0,18.0,0.0,33.0,Retired,True,False,2,MEDIUM,MEDIUM→MEDIUM,14.0,True,True,False,18.71212121212121,29.978787878787877,103.21199999999999,101.077,101.502,99.76849999999999,1.7099999999999937,1.3085000000000093,0.11699999999999022,15.666666666666666,14.2,0.25,2.3333333333333335,7.0,1,7,22
2024,5,RUS,Chinese Grand Prix,China,Shanghai,2024-04-21,False,56.0,63,RUS,Mercedes,8.0,6.0,8.0,56.0,Finished,False,False,2,MEDIUM,MEDIUM→MEDIUM→HARD,11.0,True,True,False,18.537499999999998,29.173214285714288,100.7825,100.38,101.502,99.76849999999999,-0.7194999999999965,0.6115000000000066,-0.7139999999999986,10.0,7.6,0.25,6.0,34.0,1,6,23
2024,5,SAI,Chinese Grand Prix,China,Shanghai,2024-04-21,False,56.0,55,SAI,Ferrari,7.0,5.0,10.0,56.0,Finished,False,False,1,MEDIUM,MEDIUM→HARD,17.0,True,True,False,18.537499999999998,29.17142857142857,100.609,100.1645,101.502,99.76849999999999,-0.8930000000000007,0.396000000000015,0.09849999999997294,2.3333333333333335,6.2,0.0,31.0,120.0,1,2,24
2024,5,SAR,Chinese Grand Prix,China,Shanghai,2024-04-21,False,56.0,2,SAR,Williams,20.0,17.0,0.0,56.0,Finished,False,False,2,SOFT,SOFT→MEDIUM→HARD,12.0,True,True,False,18.539285714285715,29.157142857142855,102.4355,101.62950000000001,101.502,99.76849999999999,0.9335000000000093,1.8610000000000184,0.6699999999999875,17.0,16.6,0.0,0.0,0.0,0,9,25
2024,5,STR,Chinese Grand Prix,China,Shanghai,2024-04-21,False,56.0,18,STR,Aston Martin,11.0,15.0,0.0,56.0,Finished,False,False,4,SOFT,SOFT→MEDIUM→HARD→MEDIUM→HARD,9.0,True,True,False,18.535714285714285,29.15357142857143,101.471,99.929,101.502,99.76849999999999,-0.0309999999999917,0.1605000000000132,0.805499999999995,12.333333333333334,11.4,0.25,10.0,33.0,0,1,26
2024,5,TSU,Chinese Grand Prix,China,Shanghai,2024-04-21,False,56.0,22,TSU,RB,19.0,19.0,0.0,26.0,Retired,True,False,2,SOFT,SOFT→MEDIUM→HARD,8.0,True,True,False,18.77777777777778,30.177777777777777,103.095,102.171,101.502,99.76849999999999,1.5930000000000035,2.4025000000000176,-0.11699999999999022,10.666666666666666,10.8,0.0,2.3333333333333335,7.0,0,7,27
2024,5,VER,Chinese Grand Prix,China,Shanghai,2024-04-21,False,56.0,1,VER,Red Bull Racing,1.0,1.0,25.0,56.0,Finished,False,False,2,MEDIUM,MEDIUM→HARD→HARD,13.0,True,False,False,18.541071428571428,29.175,99.591,98.7535,101.502,99.76849999999999,-1.9110000000000014,-1.0149999999999864,-0.5045000000000073,7.0,4.6,0.25,32.333333333333336,141.0,1,8,28
2024,5,ZHO,Chinese Grand Prix,China,Shanghai,2024-04-21,False,56.0,24,ZHO,Kick Sauber,16.0,14.0,0.0,56.0,Finished,False,False,3,MEDIUM,MEDIUM→HARD→HARD→SOFT,8.0,True,True,False,18.537499999999998,29.151785714285715,101.7435,99.65899999999999,101.502,99.76849999999999,0.24150000000000205,-0.10949999999999704,-0.8334999999999866,17.0,15.8,0.25,0.0,0.0,1,4,30
2024,6,ALB,Miami Grand Prix,United States,Miami,2024-05-05,True,57.0,23,ALB,Williams,14.0,18.0,0.0,57.0,Finished,False,False,2,MEDIUM,MEDIUM→HARD→SOFT,10.0,True,False,False,28.466666666666665,43.46140350877193,93.584,92.565,93.01750000000001,91.512,0.5664999999999907,1.0529999999999973,-0.23500000000001364,14.333333333333334,13.8,0.2,0.0,0.0,1,9,0
2024,6,ALO,Miami Grand Prix,United States,Miami,2024-05-05,True,57.0,14,ALO,Aston Martin,15.0,9.0,2.0,57.0,Finished,False,False,1,HARD,HARD→MEDIUM,22.0,True,False,False,28.466666666666665,43.454385964912284,93.447,92.07,93.01750000000001,91.512,0.4294999999999902,0.5579999999999927,-0.02600000000001046,7.0,7.0,0.0,9.0,40.0,2,1,1
2024,6,BOT,Miami Grand Prix,United States,Miami,2024-05-05,True,57.0,77,BOT,Kick Sauber,16.0,16.0,0.0,57.0,Finished,False,False,2,SOFT,SOFT→HARD→MEDIUM,11.0,True,False,False,28.46140350877193,43.42280701754386,93.4,92.605,93.01750000000001,91.512,0.3824999999999932,1.0930000000000035,-0.26400000000001,16.0,16.8,0.2,0.0,0.0,0,4,5
2024,6,GAS,Miami Grand Prix,United States,Miami,2024-05-05,True,57.0,10,GAS,Alpine,12.0,12.0,0.0,57.0,Finished,False,False,1,MEDIUM,MEDIUM→HARD,12.0,True,False,False,28.466666666666665,43.46842105263158,93.174,92.42,93.01750000000001,91.512,0.1564999999999941,0.9080000000000013,-0.17399999999997817,14.0,16.0,0.2,0.0,0.0,1,0,9
2024,6,HAM,Miami Grand Prix,United States,Miami,2024-05-05,True,57.0,44,HAM,Mercedes,8.0,6.0,8.0,57.0,Finished,False,False,1,HARD,HARD→MEDIUM,26.0,True,False,False,28.470175438596492,43.48947368421053,92.691,91.385,93.01750000000001,91.512,-0.32650000000001,-0.12699999999999534,-0.07099999999999795,12.0,10.4,0.2,6.0,44.0,2,6,11
2024,6,HUL,Miami Grand Prix,United States,Miami,2024-05-05,True,57.0,27,HUL,Haas F1 Team,9.0,11.0,0.0,57.0,Finished,False,False,2,MEDIUM,MEDIUM→HARD→MEDIUM,12.0,True,False,False,28.470175438596492,43.50877192982456,93.115,92.184,93.01750000000001,91.512,0.09749999999998238,0.671999999999997,-0.019000000000005457,10.0,11.2,0.0,1.3333333333333333,5.0,1,3,12
2024,6,LEC,Miami Grand Prix,United States,Miami,2024-05-05,True,57.0,16,LEC,Ferrari,2.0,3.0,15.0,57.0,Finished,False,False,1,MEDIUM,MEDIUM→HARD,19.0,True,False,False,28.477192982456142,43.53508771929825,91.9965,91.318,93.01750000000001,91.512,-1.021000000000015,-0.19400000000000261,-0.458500000000015,3.3333333333333335,3.4,0.0,31.0,142.0,1,2,15
2024,6,MAG,Miami Grand Prix,United States,Miami,2024-05-05,True,57.0,20,MAG,Haas F1 Team,18.0,19.0,0.0,57.0,Finished,False,False,3,HARD,HARD→MEDIUM→MEDIUM→MEDIUM,22.0,True,False,False,28.454385964912284,43.42982456140351,93.134,92.087,93.01750000000001,91.512,0.11649999999998784,0.5750000000000028,0.019000000000005457,13.0,12.6,0.0,1.3333333333333333,5.0,2,3,16
2024,6,NOR,Miami Grand Prix,United States,Miami,2024-05-05,True,57.0,4,NOR,McLaren,5.0,1.0,25.0,57.0,Finished,False,False,1,MEDIUM,MEDIUM→HARD,29.0,True,False,False,28.46842105263158,43.51754385964912,91.77850000000001,91.071,93.01750000000001,91.512,-1.2390000000000043,-0.4410000000000025,-0.8774999999999977,3.3333333333333335,4.8,0.0,21.0,91.0,1,5,18
2024,6,OCO,Miami Grand Prix,United States,Miami,2024-05-05,True,57.0,31,OCO,Alpine,13.0,10.0,1.0,57.0,Finished,False,False,1,MEDIUM,MEDIUM→HARD,22.0,True,False,False,28.466666666666665,43.454385964912284,93.348,92.185,93.01750000000001,91.512,0.33049999999998647,0.6730000000000018,0.1740000000000066,14.0,14.4,0.0,0.0,0.0,1,0,19
2024,6,PER,Miami Grand Prix,United States,Miami,2024-05-05,True,57.0,11,PER,Red Bull Racing,4.0,4.0,12.0,57.0,Finished,False,False,2,MEDIUM,MEDIUM→HARD→MEDIUM,17.0,True,False,False,28.473684210526315,43.50350877192982,92.386,91.316,93.01750000000001,91.512,-0.6315000000000168,-0.19599999999999795,0.15899999999999181,3.3333333333333335,2.8,0.0,31.333333333333332,181.0,1,8,20
2024,6,PIA,Miami Grand Prix,United States,Miami,2024-05-05,True,57.0,81,PIA,McLaren,6.0,13.0,0.0,57.0,Finished,False,False,2,MEDIUM,MEDIUM→HARD→MEDIUM,27.0,True,False,False,28.471929824561403,43.50877192982456,92.656,91.286,93.01750000000001,91.512,-0.3615000000000066,-0.2259999999999991,0.8774999999999977,6.666666666666667,6.4,0.0,21.0,91.0,1,5,21
2024,6,RIC,Miami Grand Prix,United States,Miami,2024-05-05,True,57.0,3,RIC,RB,20.0,15.0,0.0,57.0,Finished,False,False,1,HARD,HARD→MEDIUM,28.0,True,False,False,28.463157894736845,43.46666666666667,93.717,92.567,93.01750000000001,91.512,0.6994999999999862,1.0549999999999926,0.6080000000000041,16.333333333333332,15.6,0.4,2.3333333333333335,7.0,2,7,22
2024,6,RUS,Miami Grand Prix,United States,Miami,2024-05-05,True,57.0,63,RUS,Mercedes,7.0,8.0,4.0,57.0,Finished,False,False,1,MEDIUM,MEDIUM→HARD,24.0,True,False,False,28.46842105263158,43.43508771929825,92.762,92.131,93.01750000000001,91.512,-0.25550000000001205,0.6189999999999998,0.07099999999999795,10.0,8.2,0.2,6.0,44.0,1,6,23
2024,6,SAI,Miami Grand Prix,United States,Miami,2024-05-05,True,57.0,55,SAI,Ferrari,3.0,5.0,10.0,57.0,Finished,False,False,1,MEDIUM,MEDIUM→HARD,27.0,True,False,False,28.475438596491227,43.53508771929825,92.455,91.1,93.01750000000001,91.512,-0.5625000000000142,-0.41200000000000614,0.4584999999999866,3.0,6.0,0.0,31.0,142.0,1,2,24
2024,6,SAR,Miami Grand Prix,United States,Miami,2024-05-05,True,57.0,2,SAR,Williams,17.0,20.0,0.0,27.0,Retired,True,False,1,MEDIUM,MEDIUM→HARD,11.0,False,False,False,28.650000000000002,45.32857142857143,93.819,93.5485,93.01750000000001,91.512,0.8014999999999901,2.0365000000000038,0.23499999999998522,16.0,16.8,0.0,0.0,0.0,1,9,25
2024,6,STR,Miami Grand Prix,United States,Miami,2024-05-05,True,57.0,18,STR,Aston Martin,11.0,17.0,0.0,57.0,Finished,False,False,2,MEDIUM,MEDIUM→HARD→MEDIUM,11.0,True,False,False,28.46140350877193,43.43508771929825,93.473,91.973,93.01750000000001,91.512,0.45549999999998647,0.4609999999999985,0.025999999999982037,11.0,12.4,0.2,9.0,40.0,1,1,26
2024,6,TSU,Miami Grand Prix,United States,Miami,2024-05-05,True,57.0,22,TSU,RB,10.0,7.0,6.0,57.0,Finished,False,False,1,MEDIUM,MEDIUM→HARD,28.0,True,False,False,28.463157894736845,43.46842105263158,93.109,91.906,93.01750000000001,91.512,0.09149999999998215,0.39400000000000546,-0.6080000000000041,12.0,13.0,0.2,2.3333333333333335,7.0,1,7,27
2024,6,VER,Miami Grand Prix,United States,Miami,2024-05-05,True,57.0,1,VER,Red Bull Racing,1.0,2.0,18.0,57.0,Finished,False,False,1,MEDIUM,MEDIUM→HARD,23.0,True,False,False,28.475438596491227,43.53333333333333,92.227,91.375,93.01750000000001,91.512,-0.7905000000000086,-0.13700000000000045,-0.15899999999999181,7.0,4.6,0.2,31.333333333333332,181.0,1,8,28
2024,6,ZHO,Miami Grand Prix,United States,Miami,2024-05-05,True,57.0,24,ZHO,Kick Sauber,19.0,14.0,0.0,57.0,Finished,False,False,1,MEDIUM,MEDIUM→SOFT,28.0,True,False,False,28.466666666666665,43.46666666666667,93.664,92.591,93.01750000000001,91.512,0.646499999999989,1.0789999999999935,0.2639999999999816,15.666666666666666,15.2,0.2,0.0,0.0,1,4,30
2024,7,ALB,Emilia Romagna Grand Prix,Italy,Imola,2024-05-19,False,63.0,23,ALB,Williams,14.0,20.0,0.0,51.0,Retired,True,False,5,MEDIUM,MEDIUM→HARD→MEDIUM→MEDIUM→MEDIUM,8.0,False,False,False,25.43333333333333,41.74705882352941,81.828,81.4225,81.95949999999999,80.6385,-0.1314999999999884,0.784000000000006,-1.1589999999999918,16.666666666666668,14.4,0.16666666666666666,0.0,0.0,1,9,0
2024,7,ALO,Emilia Romagna Grand Prix,Italy,Imola,2024-05-19,False,63.0,14,ALO,Aston Martin,20.0,19.0,0.0,62.0,Lapped,False,False,3,SOFT,SOFT→HARD→MEDIUM→SOFT,7.0,False,False,False,25.44677419354839,41.38870967741936,82.686,80.988,81.95949999999999,80.6385,0.7265000000000157,0.34950000000000614,0.30450000000001864,7.333333333333333,7.0,0.0,5.666666666666667,42.0,0,1,1
2024,7,BOT,Emilia Romagna Grand Prix,Italy,Imola,2024-05-19,False,63.0,77,BOT,Kick Sauber,16.0,18.0,0.0,62.0,Lapped,False,False,1,MEDIUM,MEDIUM→HARD,8.0,False,False,False,25.440322580645162,41.38709677419355,82.718,81.971,81.95949999999999,80.6385,0.7585000000000122,1.3325000000000102,-0.22399999999998954,16.666666666666668,16.2,0.16666666666666666,0.0,0.0,1,4,5
2024,7,GAS,Emilia Romagna Grand Prix,Italy,Imola,2024-05-19,False,63.0,10,GAS,Alpine,15.0,16.0,0.0,62.0,Lapped,False,False,2,SOFT,SOFT→HARD→MEDIUM,8.0,False,False,False,25.440322580645162,41.38387096774194,82.391,81.633,81.95949999999999,80.6385,0.431500000000014,0.9945000000000022,-0.3649999999999807,13.666666666666666,14.8,0.16666666666666666,0.3333333333333333,1.0,0,0,9
2024,7,HAM,Emilia Romagna Grand Prix,Italy,Imola,2024-05-19,False,63.0,44,HAM,Mercedes,8.0,6.0,8.0,63.0,Finished,False,False,1,MEDIUM,MEDIUM→HARD,27.0,False,False,False,25.438095238095237,41.37301587301587,81.356,80.611,81.95949999999999,80.6385,-0.6034999999999968,-0.0274999999999892,0.16949999999999932,8.0,10.2,0.16666666666666666,10.0,56.0,1,6,11
2024,7,HUL,Emilia Romagna Grand Prix,Italy,Imola,2024-05-19,False,63.0,27,HUL,Haas F1 Team,10.0,11.0,0.0,62.0,Lapped,False,False,1,MEDIUM,MEDIUM→HARD,13.0,False,False,False,25.432258064516127,41.39677419354839,82.433,82.074,81.95949999999999,80.6385,0.4735000000000156,1.4355000000000047,-0.32800000000000296,10.666666666666666,10.2,0.0,0.3333333333333333,5.0,1,3,12
2024,7,LEC,Emilia Romagna Grand Prix,Italy,Imola,2024-05-19,False,63.0,16,LEC,Ferrari,3.0,3.0,15.0,63.0,Finished,False,False,1,MEDIUM,MEDIUM→HARD,25.0,False,False,False,25.428571428571427,41.371428571428574,80.92699999999999,80.381,81.95949999999999,80.6385,-1.0324999999999989,-0.2574999999999932,-0.20400000000000773,3.6666666666666665,3.2,0.0,24.666666666666668,167.0,1,2,15
2024,7,MAG,Emilia Romagna Grand Prix,Italy,Imola,2024-05-19,False,63.0,20,MAG,Haas F1 Team,18.0,12.0,0.0,62.0,Lapped,False,False,1,MEDIUM,MEDIUM→HARD,37.0,False,False,False,25.433870967741935,41.354838709677416,82.761,81.181,81.95949999999999,80.6385,0.8015000000000043,0.542500000000004,0.32799999999997453,16.0,14.0,0.0,0.3333333333333333,5.0,1,3,16
2024,7,NOR,Emilia Romagna Grand Prix,Italy,Imola,2024-05-19,False,63.0,4,NOR,McLaren,2.0,2.0,18.0,63.0,Finished,False,False,1,MEDIUM,MEDIUM→HARD,22.0,False,False,False,25.426984126984127,41.36825396825397,80.8095,80.2105,81.95949999999999,80.6385,-1.1499999999999915,-0.42799999999999727,-0.1629999999999825,2.6666666666666665,3.8,0.0,20.333333333333332,116.0,1,5,18
2024,7,OCO,Emilia Romagna Grand Prix,Italy,Imola,2024-05-19,False,63.0,31,OCO,Alpine,12.0,14.0,0.0,62.0,Lapped,False,False,1,MEDIUM,MEDIUM→HARD,25.0,False,False,False,25.438709677419357,41.377419354838715,82.756,82.056,81.95949999999999,80.6385,0.7965000000000089,1.417500000000004,0.3650000000000091,12.0,13.0,0.0,0.3333333333333333,1.0,1,0,19
2024,7,PER,Emilia Romagna Grand Prix,Italy,Imola,2024-05-19,False,63.0,11,PER,Red Bull Racing,11.0,8.0,4.0,63.0,Finished,False,False,1,HARD,HARD→MEDIUM,37.0,False,False,False,25.438095238095237,41.353968253968254,81.9265,80.2125,81.95949999999999,80.6385,-0.03299999999998704,-0.4259999999999877,1.1454999999999984,3.0,3.2,0.0,38.0,211.0,2,8,20
2024,7,PIA,Emilia Romagna Grand Prix,Italy,Imola,2024-05-19,False,63.0,81,PIA,McLaren,5.0,4.0,12.0,63.0,Finished,False,False,1,MEDIUM,MEDIUM→HARD,23.0,False,False,False,25.434920634920637,41.38095238095238,80.9725,80.4695,81.95949999999999,80.6385,-0.9869999999999948,-0.16899999999999693,0.16300000000001091,9.666666666666666,7.4,0.0,20.333333333333332,116.0,1,5,21
2024,7,RIC,Emilia Romagna Grand Prix,Italy,Imola,2024-05-19,False,63.0,3,RIC,RB,9.0,13.0,0.0,62.0,Lapped,False,False,1,MEDIUM,MEDIUM→HARD,11.0,False,False,False,25.438709677419357,41.40161290322581,82.282,81.974,81.95949999999999,80.6385,0.3225000000000051,1.3355000000000103,-0.006000000000000227,17.333333333333332,16.0,0.3333333333333333,2.3333333333333335,13.0,1,7,22
2024,7,RUS,Emilia Romagna Grand Prix,Italy,Imola,2024-05-19,False,63.0,63,RUS,Mercedes,6.0,7.0,7.0,63.0,Finished,False,False,2,MEDIUM,MEDIUM→HARD→MEDIUM,21.0,False,False,False,25.438095238095237,41.38412698412698,81.1865,79.881,81.95949999999999,80.6385,-0.7729999999999961,-0.7574999999999932,-0.16949999999999932,7.0,8.8,0.16666666666666666,10.0,56.0,1,6,23
2024,7,SAI,Emilia Romagna Grand Prix,Italy,Imola,2024-05-19,False,63.0,55,SAI,Ferrari,4.0,5.0,10.0,63.0,Finished,False,False,1,MEDIUM,MEDIUM→HARD,27.0,False,False,False,25.433333333333334,41.3936507936508,81.131,80.62549999999999,81.95949999999999,80.6385,-0.8284999999999911,-0.01300000000000523,0.20400000000000773,4.333333333333333,3.4,0.0,24.666666666666668,167.0,1,2,24
2024,7,SAR,Emilia Romagna Grand Prix,Italy,Imola,2024-05-19,False,63.0,2,SAR,Williams,19.0,17.0,0.0,62.0,Lapped,False,False,1,HARD,HARD→MEDIUM,31.0,False,False,False,25.433870967741935,41.37096774193548,82.987,81.496,81.95949999999999,80.6385,1.0275000000000034,0.8575000000000017,1.1589999999999918,18.0,17.6,0.2,0.0,0.0,2,9,25
2024,7,STR,Emilia Romagna Grand Prix,Italy,Imola,2024-05-19,False,63.0,18,STR,Aston Martin,13.0,9.0,2.0,63.0,Finished,False,False,1,MEDIUM,MEDIUM→HARD,37.0,False,False,False,25.444444444444443,41.357142857142854,82.38149999999999,80.7,81.95949999999999,80.6385,0.42199999999999704,0.061500000000009436,-0.30450000000001864,14.666666666666666,13.8,0.16666666666666666,5.666666666666667,42.0,1,1,26
2024,7,TSU,Emilia Romagna Grand Prix,Italy,Imola,2024-05-19,False,63.0,22,TSU,RB,7.0,10.0,1.0,62.0,Lapped,False,False,1,MEDIUM,MEDIUM→HARD,12.0,False,False,False,25.43064516129032,41.398387096774194,82.288,81.855,81.95949999999999,80.6385,0.32850000000000534,1.2165000000000106,0.006000000000000227,12.0,11.6,0.16666666666666666,2.3333333333333335,13.0,1,7,27
2024,7,VER,Emilia Romagna Grand Prix,Italy,Imola,2024-05-19,False,63.0,1,VER,Red Bull Racing,1.0,1.0,25.0,63.0,Finished,False,False,1,MEDIUM,MEDIUM→HARD,24.0,False,False,False,25.431746031746034,41.357142857142854,80.781,80.512,81.95949999999999,80.6385,-1.1784999999999854,-0.12649999999999295,-1.1454999999999984,1.3333333333333333,4.8,0.16666666666666666,38.0,211.0,1,8,28
2024,7,ZHO,Emilia Romagna Grand Prix,Italy,Imola,2024-05-19,False,63.0,24,ZHO,Kick Sauber,17.0,15.0,0.0,62.0,Lapped,False,False,1,HARD,HARD→MEDIUM,33.0,False,False,False,25.437096774193545,41.377419354838715,82.942,81.549,81.95949999999999,80.6385,0.9825000000000017,0.9105000000000132,0.22399999999998954,15.333333333333334,15.8,0.16666666666666666,0.0,0.0,2,4,30
2024,8,ALB,Monaco Grand Prix,Monaco,Monaco,2024-05-26,True,78.0,23,ALB,Williams,9.0,9.0,2.0,77.0,Lapped,False,False,1,MEDIUM,MEDIUM→HARD,1.0,False,False,False,21.83896103896104,44.45974025974026,80.222,78.014,79.484,76.59,0.7379999999999995,1.4239999999999924,-0.6289999999999907,16.666666666666668,16.2,0.2857142857142857,0.0,0.0,1,9,0
2024,8,ALO,Monaco Grand Prix,Monaco,Monaco,2024-05-26,True,78.0,14,ALO,Aston Martin,14.0,11.0,0.0,76.0,Lapped,False,False,1,HARD,HARD→MEDIUM,1.0,False,False,False,21.846052631578946,44.49342105263158,80.639,78.5945,79.484,76.59,1.1550000000000011,2.004499999999993,0.811000000000007,11.666666666666666,9.8,0.0,3.6666666666666665,44.0,2,1,1
2024,8,BOT,Monaco Grand Prix,Monaco,Monaco,2024-05-26,True,78.0,77,BOT,Kick Sauber,17.0,13.0,0.0,76.0,Lapped,False,False,2,HARD,HARD→MEDIUM→HARD,1.0,False,False,False,21.843421052631577,44.49342105263158,80.49350000000001,78.096,79.484,76.59,1.009500000000017,1.5060000000000002,-0.46049999999999613,18.0,16.4,0.14285714285714285,0.0,0.0,2,4,5
2024,8,GAS,Monaco Grand Prix,Monaco,Monaco,2024-05-26,True,78.0,10,GAS,Alpine,10.0,10.0,1.0,77.0,Lapped,False,False,1,HARD,HARD→MEDIUM,1.0,False,False,False,21.84155844155844,44.44675324675325,80.229,78.363,79.484,76.59,0.7450000000000045,1.7729999999999961,0.0,13.666666666666666,14.0,0.14285714285714285,0.3333333333333333,1.0,2,0,9
2024,8,HAM,Monaco Grand Prix,Monaco,Monaco,2024-05-26,True,78.0,44,HAM,Mercedes,7.0,7.0,7.0,78.0,Finished,False,False,2,HARD,HARD→MEDIUM→HARD,1.0,False,False,False,21.84102564102564,44.43205128205128,78.51,75.299,79.484,76.59,-0.9739999999999895,-1.2909999999999968,-0.1274999999999693,7.0,9.6,0.14285714285714285,12.333333333333334,71.0,2,6,11
2024,8,HUL,Monaco Grand Prix,Monaco,Monaco,2024-05-26,True,78.0,27,HUL,Haas F1 Team,19.0,19.0,0.0,0.0,Retired,True,False,0,MEDIUM,MEDIUM,1.0,False,False,False,21.5,49.3,,,79.484,76.59,,,0.0,10.666666666666666,10.4,0.0,0.3333333333333333,5.0,1,3,12
2024,8,LEC,Monaco Grand Prix,Monaco,Monaco,2024-05-26,True,78.0,16,LEC,Ferrari,1.0,1.0,25.0,78.0,Finished,False,False,1,MEDIUM,MEDIUM→HARD,1.0,False,False,False,21.83846153846154,44.49871794871795,78.5,76.373,79.484,76.59,-0.9839999999999947,-0.21699999999999875,-0.05649999999999977,3.3333333333333335,3.2,0.0,24.0,192.0,1,2,15
2024,8,MAG,Monaco Grand Prix,Monaco,Monaco,2024-05-26,True,78.0,20,MAG,Haas F1 Team,20.0,20.0,0.0,0.0,Retired,True,False,0,HARD,HARD,1.0,False,False,False,21.5,49.3,,,79.484,76.59,,,0.0,15.666666666666666,14.0,0.0,0.3333333333333333,5.0,2,3,16
2024,8,NOR,Monaco Grand Prix,Monaco,Monaco,2024-05-26,True,78.0,4,NOR,McLaren,4.0,4.0,12.0,78.0,Finished,False,False,1,MEDIUM,MEDIUM→HARD,1.0,False,False,False,21.837179487179487,44.47820512820513,78.3995,76.429,79.484,76.59,-1.0844999999999914,-0.16100000000000136,-0.08649999999997249,1.6666666666666667,2.6,0.0,25.666666666666668,146.0,1,5,18
2024,8,OCO,Monaco Grand Prix,Monaco,Monaco,2024-05-26,True,78.0,31,OCO,Alpine,11.0,17.0,0.0,0.0,Retired,True,False,0,HARD,HARD,1.0,False,False,False,21.5,49.3,,,79.484,76.59,,,0.0,11.666666666666666,13.2,0.0,0.3333333333333333,1.0,2,0,19
2024,8,PER,Monaco Grand Prix,Monaco,Monaco,2024-05-26,True,78.0,11,PER,Red Bull Racing,16.0,18.0,0.0,0.0,Retired,True,False,0,HARD,HARD,1.0,False,False,False,21.5,49.3,,,79.484,76.59,,,0.0,5.0,4.4,0.0,33.0,240.0,2,8,20
2024,8,PIA,Monaco Grand Prix,Monaco,Monaco,2024-05-26,True,78.0,81,PIA,McLaren,2.0,2.0,18.0,78.0,Finished,False,False,1,MEDIUM,MEDIUM→HARD,1.0,False,False,False,21.83974358974359,44.48717948717949,78.48599999999999,76.64,79.484,76.59,-0.9980000000000047,0.04999999999999716,0.08650000000000091,8.333333333333334,7.4,0.0,25.666666666666668,146.0,1,5,21
2024,8,RIC,Monaco Grand Prix,Monaco,Monaco,2024-05-26,True,78.0,3,RIC,RB,12.0,12.0,0.0,76.0,Lapped,False,False,1,MEDIUM,MEDIUM→HARD,1.0,False,False,False,21.844736842105263,44.49605263157895,80.84450000000001,78.265,79.484,76.59,1.360500000000016,1.6749999999999972,0.7005000000000052,15.333333333333334,15.4,0.2857142857142857,2.3333333333333335,14.0,1,7,22
2024,8,RUS,Monaco Grand Prix,Monaco,Monaco,2024-05-26,True,78.0,63,RUS,Mercedes,5.0,5.0,10.0,78.0,Finished,False,False,1,HARD,HARD→MEDIUM,1.0,False,False,False,21.837179487179487,44.45384615384616,78.63749999999999,75.827,79.484,76.59,-0.846500000000006,-0.7630000000000052,0.12749999999999773,7.0,9.0,0.14285714285714285,12.333333333333334,71.0,2,6,23
2024,8,SAI,Monaco Grand Prix,Monaco,Monaco,2024-05-26,True,78.0,55,SAI,Ferrari,3.0,3.0,15.0,78.0,Finished,False,False,1,MEDIUM,MEDIUM→HARD,1.0,False,False,False,21.837179487179487,44.47820512820513,78.5565,76.328,79.484,76.59,-0.9274999999999949,-0.26200000000000045,0.05649999999999977,5.0,3.8,0.0,24.0,192.0,1,2,24
2024,8,SAR,Monaco Grand Prix,Monaco,Monaco,2024-05-26,True,78.0,2,SAR,Williams,15.0,15.0,0.0,76.0,Lapped,False,False,2,HARD,HARD→HARD→MEDIUM,1.0,False,False,False,21.842105263157894,44.48947368421052,80.851,76.32499999999999,79.484,76.59,1.3670000000000044,-0.2650000000000148,0.6290000000000191,18.0,17.0,0.16666666666666666,0.0,0.0,2,9,25
2024,8,STR,Monaco Grand Prix,Monaco,Monaco,2024-05-26,True,78.0,18,STR,Aston Martin,13.0,14.0,0.0,76.0,Lapped,False,False,3,HARD,HARD→MEDIUM→HARD→SOFT,1.0,False,False,False,21.843421052631577,44.48421052631579,79.828,77.56899999999999,79.484,76.59,0.3440000000000083,0.978999999999985,-0.8109999999999786,13.666666666666666,11.8,0.14285714285714285,3.6666666666666665,44.0,2,1,26
2024,8,TSU,Monaco Grand Prix,Monaco,Monaco,2024-05-26,True,78.0,22,TSU,RB,8.0,8.0,4.0,77.0,Lapped,False,False,1,MEDIUM,MEDIUM→HARD,1.0,False,False,False,21.84025974025974,44.46233766233766,80.144,77.631,79.484,76.59,0.6600000000000108,1.0409999999999968,-0.7005000000000052,12.0,10.6,0.14285714285714285,2.3333333333333335,14.0,1,7,27
2024,8,VER,Monaco Grand Prix,Monaco,Monaco,2024-05-26,True,78.0,1,VER,Red Bull Racing,6.0,6.0,8.0,78.0,Finished,False,False,2,HARD,HARD→MEDIUM→HARD,1.0,False,False,False,21.83974358974359,44.43333333333334,78.5505,75.417,79.484,76.59,-0.9334999999999951,-1.1730000000000018,0.0,1.3333333333333333,4.8,0.14285714285714285,33.0,240.0,2,8,28
2024,8,ZHO,Monaco Grand Prix,Monaco,Monaco,2024-05-26,True,78.0,24,ZHO,Kick Sauber,18.0,16.0,0.0,76.0,Lapped,False,False,2,MEDIUM,MEDIUM→HARD→SOFT,1.0,False,False,False,21.846052631578946,44.498684210526314,80.95400000000001,78.792,79.484,76.59,1.470000000000013,2.201999999999998,0.46049999999999613,14.333333333333334,15.2,0.14285714285714285,0.0,0.0,1,4,30
2024,9,ALB,Canadian Grand Prix,Canada,Montréal,2024-06-09,False,70.0,23,ALB,Williams,10.0,17.0,0.0,52.0,Retired,True,True,2,INTERMEDIATE,INTERMEDIATE→INTERMEDIATE→MEDIUM,25.0,True,False,False,17.61509433962264,24.12452830188679,88.339,81.71549999999999,87.126,77.729,1.2129999999999939,3.9864999999999924,-1.6730000000000018,15.666666666666666,15.8,0.25,0.6666666666666666,2.0,3,9,0
2024,9,ALO,Canadian Grand Prix,Canada,Montréal,2024-06-09,False,70.0,14,ALO,Aston Martin,6.0,6.0,8.0,70.0,Finished,False,True,2,INTERMEDIATE,INTERMEDIATE→INTERMEDIATE→HARD,25.0,True,False,False,17.892857142857142,24.844285714285714,86.14099999999999,77.178,87.126,77.729,-0.9850000000000136,-0.5510000000000019,-0.7460000000000093,13.0,10.4,0.0,1.3333333333333333,44.0,3,1,1
2024,9,BOT,Canadian Grand Prix,Canada,Montréal,2024-06-09,False,70.0,77,BOT,Kick Sauber,19.0,13.0,0.0,70.0,Finished,False,True,1,INTERMEDIATE,INTERMEDIATE→MEDIUM,42.0,True,False,False,17.90142857142857,24.825714285714284,87.339,78.613,87.126,77.729,0.21299999999999386,0.8840000000000003,-0.8310000000000173,15.666666666666666,16.2,0.125,0.0,0.0,3,4,5
2024,9,GAS,Canadian Grand Prix,Canada,Montréal,2024-06-09,False,70.0,10,GAS,Alpine,15.0,9.0,2.0,70.0,Finished,False,True,2,INTERMEDIATE,INTERMEDIATE→INTERMEDIATE→HARD,25.0,True,False,False,17.90142857142857,24.837142857142855,87.4115,77.964,87.126,77.729,0.285499999999999,0.23499999999999943,0.24199999999999022,12.666666666666666,13.4,0.125,0.6666666666666666,2.0,3,0,9
2024,9,HAM,Canadian Grand Prix,Canada,Montréal,2024-06-09,False,70.0,44,HAM,Mercedes,7.0,4.0,13.0,70.0,Finished,False,True,3,INTERMEDIATE,INTERMEDIATE→INTERMEDIATE→MEDIUM→HARD,25.0,True,False,False,17.892857142857142,24.844285714285714,86.013,76.065,87.126,77.729,-1.1129999999999995,-1.6640000000000015,-0.5109999999999957,6.333333333333333,7.4,0.125,14.666666666666666,88.0,3,6,11
2024,9,HUL,Canadian Grand Prix,Canada,Montréal,2024-06-09,False,70.0,27,HUL,Haas F1 Team,17.0,11.0,0.0,70.0,Finished,False,True,3,WET,WET→INTERMEDIATE→INTERMEDIATE→MEDIUM,12.0,True,False,False,17.895714285714288,24.80142857142857,86.971,77.632,87.126,77.729,-0.15500000000000114,-0.0969999999999942,-0.5269999999999868,13.666666666666666,12.4,0.125,0.0,5.0,4,3,12
2024,9,LEC,Canadian Grand Prix,Canada,Montréal,2024-06-09,False,70.0,16,LEC,Ferrari,11.0,19.0,0.0,40.0,Retired,True,True,4,INTERMEDIATE,INTERMEDIATE→INTERMEDIATE→HARD→INTERMEDIATE,25.0,True,False,False,17.34390243902439,23.492682926829268,89.0195,86.819,87.126,77.729,1.8934999999999889,9.090000000000003,1.017499999999984,2.3333333333333335,3.0,0.0,30.0,232.0,3,2,15
2024,9,MAG,Canadian Grand Prix,Canada,Montréal,2024-06-09,False,70.0,20,MAG,Haas F1 Team,14.0,12.0,0.0,70.0,Finished,False,True,4,WET,WET→INTERMEDIATE→INTERMEDIATE→MEDIUM→MEDIUM,7.0,True,False,False,17.90142857142857,24.82,87.498,77.2795,87.126,77.729,0.3719999999999999,-0.44950000000000045,0.5270000000000152,17.0,16.0,0.125,0.0,5.0,4,3,16
2024,9,NOR,Canadian Grand Prix,Canada,Montréal,2024-06-09,False,70.0,4,NOR,McLaren,3.0,2.0,18.0,70.0,Finished,False,True,2,INTERMEDIATE,INTERMEDIATE→INTERMEDIATE→MEDIUM,26.0,True,False,False,17.872857142857143,24.807142857142857,85.412,76.19,87.126,77.729,-1.7139999999999986,-1.5390000000000015,-0.11699999999999022,2.3333333333333335,2.8,0.0,28.333333333333332,176.0,3,5,18
2024,9,OCO,Canadian Grand Prix,Canada,Montréal,2024-06-09,False,70.0,31,OCO,Alpine,18.0,10.0,1.0,70.0,Finished,False,True,1,INTERMEDIATE,INTERMEDIATE→MEDIUM,44.0,True,False,False,17.895714285714288,24.825714285714284,87.1695,78.275,87.126,77.729,0.04349999999999454,0.5460000000000065,-0.24200000000001864,13.666666666666666,13.4,0.125,0.6666666666666666,2.0,3,0,19
2024,9,PER,Canadian Grand Prix,Canada,Montréal,2024-06-09,False,70.0,11,PER,Red Bull Racing,16.0,18.0,0.0,51.0,Retired,True,True,3,INTERMEDIATE,INTERMEDIATE→INTERMEDIATE→MEDIUM,25.0,True,False,False,17.598076923076924,24.059615384615384,88.604,81.32,87.126,77.729,1.4779999999999944,3.590999999999994,2.4170000000000016,10.0,7.0,0.125,22.333333333333332,248.0,3,8,20
2024,9,PIA,Canadian Grand Prix,Canada,Montréal,2024-06-09,False,70.0,81,PIA,McLaren,4.0,5.0,10.0,70.0,Finished,False,True,2,INTERMEDIATE,INTERMEDIATE→INTERMEDIATE→MEDIUM,25.0,True,False,False,17.87857142857143,24.81142857142857,85.529,76.853,87.126,77.729,-1.5970000000000084,-0.8760000000000048,0.11699999999999022,6.333333333333333,7.0,0.0,28.333333333333332,176.0,3,5,21
2024,9,RIC,Canadian Grand Prix,Canada,Montréal,2024-06-09,False,70.0,3,RIC,RB,5.0,8.0,4.0,70.0,Finished,False,True,2,INTERMEDIATE,INTERMEDIATE→INTERMEDIATE→MEDIUM,26.0,True,False,False,17.888571428571428,24.824285714285715,86.60050000000001,77.868,87.126,77.729,-0.5254999999999939,0.1389999999999958,-0.36299999999999955,13.333333333333334,15.4,0.25,3.6666666666666665,18.0,3,7,22
2024,9,RUS,Canadian Grand Prix,Canada,Montréal,2024-06-09,False,70.0,63,RUS,Mercedes,1.0,3.0,15.0,70.0,Finished,False,True,3,INTERMEDIATE,INTERMEDIATE→INTERMEDIATE→HARD→MEDIUM,25.0,True,False,False,17.877142857142857,24.81142857142857,86.524,75.903,87.126,77.729,-0.6020000000000039,-1.8259999999999934,0.5109999999999957,6.666666666666667,6.6,0.125,14.666666666666666,88.0,3,6,23
2024,9,SAI,Canadian Grand Prix,Canada,Montréal,2024-06-09,False,70.0,55,SAI,Ferrari,12.0,16.0,0.0,52.0,Retired,True,True,3,INTERMEDIATE,INTERMEDIATE→INTERMEDIATE→MEDIUM,25.0,True,False,False,17.61509433962264,24.11320754716981,88.00200000000001,81.3115,87.126,77.729,0.8760000000000048,3.582499999999996,-1.017499999999984,4.333333333333333,4.2,0.0,30.0,232.0,3,2,24
2024,9,SAR,Canadian Grand Prix,Canada,Montréal,2024-06-09,False,70.0,2,SAR,Williams,13.0,20.0,0.0,23.0,Retired,True,True,0,INTERMEDIATE,INTERMEDIATE,24.0,False,False,False,17.229166666666668,24.366666666666664,90.012,87.0755,87.126,77.729,2.8859999999999957,9.346500000000006,1.6730000000000018,17.333333333333332,17.2,0.14285714285714285,0.6666666666666666,2.0,3,9,25
2024,9,STR,Canadian Grand Prix,Canada,Montréal,2024-06-09,False,70.0,18,STR,Aston Martin,9.0,7.0,6.0,70.0,Finished,False,True,2,INTERMEDIATE,INTERMEDIATE→INTERMEDIATE→HARD,25.0,True,False,False,17.892857142857142,24.82857142857143,86.887,77.612,87.126,77.729,-0.23900000000000432,-0.11700000000000443,0.7460000000000093,13.333333333333334,13.4,0.125,1.3333333333333333,44.0,3,1,26
2024,9,TSU,Canadian Grand Prix,Canada,Montréal,2024-06-09,False,70.0,22,TSU,RB,8.0,14.0,0.0,70.0,Finished,False,True,1,INTERMEDIATE,INTERMEDIATE→MEDIUM,44.0,True,False,False,17.89428571428571,24.832857142857144,86.96350000000001,78.186,87.126,77.729,-0.16249999999999432,0.45700000000000784,0.36299999999999955,8.333333333333334,10.8,0.125,3.6666666666666665,18.0,3,7,27
2024,9,VER,Canadian Grand Prix,Canada,Montréal,2024-06-09,False,70.0,1,VER,Red Bull Racing,2.0,1.0,25.0,70.0,Finished,False,True,2,INTERMEDIATE,INTERMEDIATE→INTERMEDIATE→MEDIUM,25.0,True,False,False,17.88,24.805714285714288,86.187,75.882,87.126,77.729,-0.9390000000000072,-1.8469999999999942,-2.4170000000000016,3.0,2.2,0.125,22.333333333333332,248.0,3,8,28
2024,9,ZHO,Canadian Grand Prix,Canada,Montréal,2024-06-09,False,70.0,24,ZHO,Kick Sauber,20.0,15.0,0.0,69.0,Lapped,False,True,3,INTERMEDIATE,INTERMEDIATE→INTERMEDIATE→MEDIUM→MEDIUM,24.0,True,False,False,17.90144927536232,24.794202898550726,88.17,78.75800000000001,87.126,77.729,1.043999999999997,1.0290000000000106,0.8309999999999889,15.0,15.4,0.125,0.0,0.0,3,4,30
2024,10,ALB,Spanish Grand Prix,Spain,Barcelona,2024-06-23,False,66.0,23,ALB,Williams,20.0,18.0,0.0,65.0,Lapped,False,True,2,MEDIUM,MEDIUM→SOFT→SOFT,18.0,False,False,False,24.13692307692308,41.136923076923075,81.4535,80.0035,80.6665,78.936,0.7870000000000061,1.0674999999999955,-0.6984999999999957,15.333333333333334,15.2,0.3333333333333333,0.6666666666666666,2.0,1,9,0
2024,10,ALO,Spanish Grand Prix,Spain,Barcelona,2024-06-23,False,66.0,14,ALO,Aston Martin,10.0,12.0,0.0,65.0,Lapped,False,True,2,SOFT,SOFT→MEDIUM→HARD,19.0,False,False,False,24.13230769230769,41.13230769230769,81.0715,78.9985,80.6665,78.936,0.40500000000000114,0.0625,-0.18149999999999977,12.0,10.4,0.0,5.333333333333333,58.0,0,1,1
2024,10,BOT,Spanish Grand Prix,Spain,Barcelona,2024-06-23,False,66.0,77,BOT,Kick Sauber,12.0,16.0,0.0,65.0,Lapped,False,True,2,SOFT,SOFT→SOFT→HARD,11.0,False,False,False,24.130769230769232,41.13384615384615,81.5095,80.43,80.6665,78.936,0.8430000000000035,1.4939999999999998,0.2810000000000059,14.666666666666666,16.0,0.1111111111111111,0.0,0.0,0,4,5
2024,10,GAS,Spanish Grand Prix,Spain,Barcelona,2024-06-23,False,66.0,10,GAS,Alpine,7.0,9.0,2.0,66.0,Finished,False,True,2,SOFT,SOFT→MEDIUM→HARD,14.0,False,False,False,24.133333333333333,41.14696969696969,80.419,79.29849999999999,80.6665,78.936,-0.24750000000000227,0.36249999999998295,-0.24300000000002342,11.666666666666666,12.0,0.1111111111111111,1.3333333333333333,5.0,0,0,9
2024,10,HAM,Spanish Grand Prix,Spain,Barcelona,2024-06-23,False,66.0,44,HAM,Mercedes,3.0,3.0,15.0,66.0,Finished,False,True,2,SOFT,SOFT→MEDIUM→SOFT,16.0,False,False,False,24.125757575757575,41.17272727272727,79.915,78.4825,80.6665,78.936,-0.751499999999993,-0.45350000000000534,0.058000000000021146,5.666666666666667,6.4,0.1111111111111111,20.0,116.0,0,6,11
2024,10,HUL,Spanish Grand Prix,Spain,Barcelona,2024-06-23,False,66.0,27,HUL,Haas F1 Team,13.0,11.0,0.0,66.0,Finished,False,True,2,SOFT,SOFT→MEDIUM→HARD,12.0,False,False,False,24.118181818181817,41.125757575757575,80.972,79.137,80.6665,78.936,0.305499999999995,0.2009999999999934,-0.28350000000003206,13.666666666666666,12.4,0.1111111111111111,0.0,5.0,0,3,12
2024,10,LEC,Spanish Grand Prix,Spain,Barcelona,2024-06-23,False,66.0,16,LEC,Ferrari,5.0,5.0,10.0,66.0,Finished,False,True,2,SOFT,SOFT→MEDIUM→SOFT,24.0,False,False,False,24.134848484848487,41.166666666666664,79.675,78.18350000000001,80.6665,78.936,-0.991500000000002,-0.7524999999999977,-0.32500000000001705,7.666666666666667,6.0,0.1111111111111111,21.666666666666668,232.0,0,2,15
2024,10,MAG,Spanish Grand Prix,Spain,Barcelona,2024-06-23,False,66.0,20,MAG,Haas F1 Team,16.0,17.0,0.0,65.0,Lapped,False,True,2,SOFT,SOFT→MEDIUM→HARD,10.0,False,False,False,24.12923076923077,41.096923076923076,81.25550000000001,80.40350000000001,80.6665,78.936,0.5890000000000128,1.4675000000000011,0.28350000000000364,14.666666666666666,15.8,0.1111111111111111,0.0,5.0,0,3,16
2024,10,NOR,Spanish Grand Prix,Spain,Barcelona,2024-06-23,False,66.0,4,NOR,McLaren,1.0,2.0,19.0,66.0,Finished,False,True,2,SOFT,SOFT→MEDIUM→SOFT,23.0,False,False,False,24.134848484848487,41.13939393939393,79.682,77.90350000000001,80.6665,78.936,-0.984499999999997,-1.0324999999999989,-0.17099999999999227,2.6666666666666665,2.2,0.0,29.333333333333332,204.0,0,5,18
2024,10,OCO,Spanish Grand Prix,Spain,Barcelona,2024-06-23,False,66.0,31,OCO,Alpine,8.0,10.0,1.0,66.0,Finished,False,True,2,SOFT,SOFT→MEDIUM→HARD,13.0,False,False,False,24.12727272727273,41.13939393939393,80.662,79.396,80.6665,78.936,-0.004499999999993065,0.45999999999999375,0.242999999999995,13.666666666666666,12.4,0.1111111111111111,1.3333333333333333,5.0,0,0,19
2024,10,PER,Spanish Grand Prix,Spain,Barcelona,2024-06-23,False,66.0,11,PER,Red Bull Racing,11.0,8.0,4.0,66.0,Finished,False,True,3,SOFT,SOFT→SOFT→MEDIUM→SOFT,13.0,False,False,False,24.125757575757575,41.16060606060606,79.688,78.572,80.6665,78.936,-0.9784999999999968,-0.3640000000000043,-0.10400000000001342,14.666666666666666,10.2,0.2222222222222222,20.666666666666668,273.0,0,8,20
2024,10,PIA,Spanish Grand Prix,Spain,Barcelona,2024-06-23,False,66.0,81,PIA,McLaren,9.0,7.0,6.0,66.0,Finished,False,True,2,SOFT,SOFT→MEDIUM→SOFT,21.0,False,False,False,24.12878787878788,41.14242424242424,79.853,78.18350000000001,80.6665,78.936,-0.8135000000000048,-0.7524999999999977,0.17099999999999227,3.6666666666666665,6.4,0.0,29.333333333333332,204.0,0,5,21
2024,10,RIC,Spanish Grand Prix,Spain,Barcelona,2024-06-23,False,66.0,3,RIC,RB,18.0,15.0,0.0,65.0,Lapped,False,True,2,SOFT,SOFT→MEDIUM→HARD,16.0,False,False,False,24.12923076923077,41.12923076923077,81.2625,79.8215,80.6665,78.936,0.5960000000000036,0.8854999999999933,-0.17099999999999227,11.0,13.2,0.2222222222222222,3.0,22.0,0,7,22
2024,10,RUS,Spanish Grand Prix,Spain,Barcelona,2024-06-23,False,66.0,63,RUS,Mercedes,4.0,4.0,12.0,66.0,Finished,False,True,2,SOFT,SOFT→MEDIUM→HARD,15.0,False,False,False,24.12727272727273,41.14545454545454,79.857,78.661,80.6665,78.936,-0.8094999999999999,-0.2750000000000057,-0.057999999999992724,5.0,5.8,0.1111111111111111,20.0,116.0,0,6,23
2024,10,SAI,Spanish Grand Prix,Spain,Barcelona,2024-06-23,False,66.0,55,SAI,Ferrari,6.0,6.0,8.0,66.0,Finished,False,True,2,SOFT,SOFT→MEDIUM→HARD,15.0,False,False,False,24.12878787878788,41.14242424242424,80.0,78.9975,80.6665,78.936,-0.6664999999999992,0.061499999999995225,0.32499999999998863,8.0,6.8,0.125,21.666666666666668,232.0,0,2,24
2024,10,SAR,Spanish Grand Prix,Spain,Barcelona,2024-06-23,False,66.0,2,SAR,Williams,19.0,20.0,0.0,64.0,Lapped,False,True,2,SOFT,SOFT→MEDIUM→HARD,14.0,False,False,False,24.1375,41.121875,82.152,80.747,80.6665,78.936,1.4855000000000018,1.8109999999999928,0.6984999999999957,17.333333333333332,17.8,0.25,0.6666666666666666,2.0,0,9,25
2024,10,STR,Spanish Grand Prix,Spain,Barcelona,2024-06-23,False,66.0,18,STR,Aston Martin,14.0,14.0,0.0,65.0,Lapped,False,True,2,SOFT,SOFT→MEDIUM→HARD,17.0,False,False,False,24.12,41.17076923076923,81.253,79.63499999999999,80.6665,78.936,0.5865000000000009,0.6989999999999839,0.18149999999999977,10.0,12.4,0.1111111111111111,5.333333333333333,58.0,0,1,26
2024,10,TSU,Spanish Grand Prix,Spain,Barcelona,2024-06-23,False,66.0,22,TSU,RB,17.0,19.0,0.0,65.0,Lapped,False,True,3,SOFT,SOFT→MEDIUM→HARD→SOFT,9.0,False,False,False,24.141538461538463,41.15538461538461,81.4335,79.678,80.6665,78.936,0.7669999999999959,0.7419999999999902,0.17099999999999227,10.666666666666666,11.6,0.1111111111111111,3.0,22.0,0,7,27
2024,10,VER,Spanish Grand Prix,Spain,Barcelona,2024-06-23,False,66.0,1,VER,Red Bull Racing,2.0,1.0,25.0,66.0,Finished,False,True,2,SOFT,SOFT→MEDIUM→SOFT,17.0,False,False,False,24.12727272727273,41.17727272727272,79.792,78.0475,80.6665,78.936,-0.8744999999999976,-0.8885000000000076,0.103999999999985,2.6666666666666665,2.2,0.1111111111111111,20.666666666666668,273.0,0,8,28
2024,10,ZHO,Spanish Grand Prix,Spain,Barcelona,2024-06-23,False,66.0,24,ZHO,Kick Sauber,15.0,13.0,0.0,65.0,Lapped,False,True,2,SOFT,SOFT→MEDIUM→HARD,9.0,False,False,False,24.123076923076923,41.1476923076923,81.2285,79.23599999999999,80.6665,78.936,0.5619999999999976,0.29999999999998295,-0.2810000000000059,15.333333333333334,14.8,0.1111111111111111,0.0,0.0,0,4,30
2024,11,ALB,Austrian Grand Prix,Austria,Spielberg,2024-06-30,False,71.0,23,ALB,Williams,16.0,15.0,0.0,70.0,Lapped,False,False,2,MEDIUM,MEDIUM→HARD→HARD,12.0,False,False,False,29.734285714285715,46.370000000000005,71.46600000000001,70.774,71.11,69.986,0.35600000000000875,0.7879999999999967,-0.49500000000000455,14.666666666666666,16.4,0.3,0.6666666666666666,2.0,1,9,0
2024,11,ALO,Austrian Grand Prix,Austria,Spielberg,2024-06-30,False,71.0,14,ALO,Aston Martin,15.0,18.0,0.0,70.0,Lapped,False,False,3,MEDIUM,MEDIUM→MEDIUM→HARD→SOFT,11.0,False,False,False,29.734285714285715,46.41,71.485,70.734,71.11,69.986,0.375,0.7479999999999905,0.013999999999981583,9.666666666666666,11.4,0.0,4.666666666666667,58.0,1,1,1
2024,11,BOT,Austrian Grand Prix,Austria,Spielberg,2024-06-30,False,71.0,77,BOT,Kick Sauber,18.0,16.0,0.0,70.0,Lapped,False,False,2,MEDIUM,MEDIUM→HARD→HARD,19.0,False,False,False,29.728571428571428,46.378571428571426,71.6055,70.84,71.11,69.986,0.49550000000000693,0.8539999999999992,-0.17349999999999,14.0,15.2,0.1,0.0,0.0,1,4,5
2024,11,GAS,Austrian Grand Prix,Austria,Spielberg,2024-06-30,False,71.0,10,GAS,Alpine,13.0,10.0,1.0,71.0,Finished,False,False,2,MEDIUM,MEDIUM→HARD→MEDIUM,20.0,False,False,False,29.733802816901406,46.34507042253521,71.206,70.463,71.11,69.986,0.09600000000000364,0.47699999999998965,-0.16900000000001114,9.333333333333334,11.2,0.1,2.3333333333333335,8.0,1,0,9
2024,11,HAM,Austrian Grand Prix,Austria,Spielberg,2024-06-30,False,71.0,44,HAM,Mercedes,5.0,4.0,12.0,71.0,Finished,False,False,2,MEDIUM,MEDIUM→HARD→MEDIUM,21.0,False,False,False,29.739436619718308,46.4112676056338,70.62950000000001,69.8825,71.11,69.986,-0.48049999999999216,-0.10350000000001103,0.35149999999998727,4.666666666666667,5.2,0.1,24.0,143.0,1,6,11
2024,11,HUL,Austrian Grand Prix,Austria,Spielberg,2024-06-30,False,71.0,27,HUL,Haas F1 Team,9.0,6.0,8.0,71.0,Finished,False,False,2,MEDIUM,MEDIUM→HARD→HARD,11.0,False,False,False,29.733802816901406,46.36760563380282,71.0975,70.462,71.11,69.986,-0.012500000000002842,0.4759999999999991,-0.11650000000000205,13.666666666666666,12.6,0.1,0.0,5.0,1,3,12
2024,11,LEC,Austrian Grand Prix,Austria,Spielberg,2024-06-30,False,71.0,16,LEC,Ferrari,6.0,11.0,0.0,71.0,Finished,False,False,4,MEDIUM,MEDIUM→HARD→MEDIUM→MEDIUM→MEDIUM,1.0,False,False,False,29.746478873239436,46.36338028169014,70.5325,69.82900000000001,71.11,69.986,-0.5775000000000006,-0.15699999999999648,0.13150000000001683,8.333333333333334,6.2,0.1,19.333333333333332,250.0,1,2,15
2024,11,MAG,Austrian Grand Prix,Austria,Spielberg,2024-06-30,False,71.0,20,MAG,Haas F1 Team,12.0,8.0,4.0,71.0,Finished,False,False,2,MEDIUM,MEDIUM→HARD→HARD,10.0,False,False,False,29.732394366197184,46.35633802816902,71.214,70.6645,71.11,69.986,0.1039999999999992,0.6784999999999997,0.11650000000000205,16.333333333333332,16.0,0.1,0.0,5.0,1,3,16
2024,11,NOR,Austrian Grand Prix,Austria,Spielberg,2024-06-30,False,71.0,4,NOR,McLaren,2.0,20.0,0.0,64.0,Lapped,False,False,3,MEDIUM,MEDIUM→HARD→MEDIUM,23.0,False,False,False,29.725,46.5125,70.35849999999999,69.348,71.11,69.986,-0.7515000000000072,-0.6380000000000052,-0.20350000000001955,2.6666666666666665,2.2,0.0,27.666666666666668,229.0,1,5,18
2024,11,OCO,Austrian Grand Prix,Austria,Spielberg,2024-06-30,False,71.0,31,OCO,Alpine,10.0,12.0,0.0,71.0,Finished,False,False,2,MEDIUM,MEDIUM→HARD→MEDIUM,19.0,False,False,False,29.73661971830986,46.36901408450704,71.375,70.468,71.11,69.986,0.26500000000000057,0.4819999999999993,0.16899999999998272,12.333333333333334,12.2,0.1,2.3333333333333335,8.0,1,0,19
2024,11,PER,Austrian Grand Prix,Austria,Spielberg,2024-06-30,False,71.0,11,PER,Red Bull Racing,8.0,7.0,6.0,71.0,Finished,False,False,2,MEDIUM,MEDIUM→HARD→MEDIUM,21.0,False,False,False,29.740845070422534,46.39014084507042,71.0025,70.22200000000001,71.11,69.986,-0.1075000000000017,0.2360000000000042,0.7855000000000132,14.666666666666666,11.2,0.2,20.666666666666668,302.0,1,8,20
2024,11,PIA,Austrian Grand Prix,Austria,Spielberg,2024-06-30,False,71.0,81,PIA,McLaren,7.0,2.0,18.0,71.0,Finished,False,False,2,MEDIUM,MEDIUM→HARD→MEDIUM,25.0,False,False,False,29.738028169014086,46.414084507042254,70.562,69.241,71.11,69.986,-0.5480000000000018,-0.7450000000000045,0.20349999999999113,4.666666666666667,6.2,0.0,27.666666666666668,229.0,1,5,21
2024,11,RIC,Austrian Grand Prix,Austria,Spielberg,2024-06-30,False,71.0,3,RIC,RB,11.0,9.0,2.0,71.0,Finished,False,False,2,MEDIUM,MEDIUM→HARD→HARD,10.0,False,False,False,29.733802816901406,46.364788732394366,71.3185,70.631,71.11,69.986,0.2085000000000008,0.644999999999996,-0.17349999999999,11.666666666666666,12.6,0.2,2.6666666666666665,22.0,1,7,22
2024,11,RUS,Austrian Grand Prix,Austria,Spielberg,2024-06-30,False,71.0,63,RUS,Mercedes,3.0,1.0,25.0,71.0,Finished,False,False,2,MEDIUM,MEDIUM→MEDIUM→HARD,22.0,False,False,False,29.733802816901406,46.39014084507042,70.278,69.627,71.11,69.986,-0.8319999999999936,-0.35900000000000887,-0.3515000000000157,4.0,5.4,0.1,24.0,143.0,1,6,23
2024,11,SAI,Austrian Grand Prix,Austria,Spielberg,2024-06-30,False,71.0,55,SAI,Ferrari,4.0,3.0,15.0,71.0,Finished,False,False,2,MEDIUM,MEDIUM→HARD→MEDIUM,22.0,False,False,False,29.739436619718308,46.40845070422535,70.401,69.607,71.11,69.986,-0.7090000000000032,-0.3790000000000049,-0.1314999999999884,8.333333333333334,7.0,0.1111111111111111,19.333333333333332,250.0,1,2,24
2024,11,SAR,Austrian Grand Prix,Austria,Spielberg,2024-06-30,False,71.0,2,SAR,Williams,19.0,19.0,0.0,69.0,Lapped,False,False,3,MEDIUM,MEDIUM→MEDIUM→HARD→MEDIUM,1.0,False,False,False,29.746376811594203,46.38405797101449,71.961,70.7045,71.11,69.986,0.8509999999999991,0.7184999999999917,0.4949999999999761,18.333333333333332,18.4,0.2222222222222222,0.6666666666666666,2.0,1,9,25
2024,11,STR,Austrian Grand Prix,Austria,Spielberg,2024-06-30,False,71.0,18,STR,Aston Martin,17.0,13.0,0.0,70.0,Lapped,False,False,2,MEDIUM,MEDIUM→MEDIUM→HARD,20.0,False,False,False,29.728571428571428,46.364285714285714,71.471,70.4865,71.11,69.986,0.3610000000000042,0.5005000000000024,-0.014000000000010004,11.666666666666666,12.2,0.1,4.666666666666667,58.0,1,1,26
2024,11,TSU,Austrian Grand Prix,Austria,Spielberg,2024-06-30,False,71.0,22,TSU,RB,14.0,14.0,0.0,70.0,Lapped,False,False,2,MEDIUM,MEDIUM→HARD→HARD,21.0,False,False,False,29.734285714285715,46.41285714285714,71.49199999999999,70.674,71.11,69.986,0.3819999999999908,0.6880000000000024,0.17349999999999,13.666666666666666,11.6,0.1,2.6666666666666665,22.0,1,7,27
2024,11,VER,Austrian Grand Prix,Austria,Spielberg,2024-06-30,False,71.0,1,VER,Red Bull Racing,1.0,5.0,10.0,71.0,Finished,False,False,3,MEDIUM,MEDIUM→HARD→MEDIUM→SOFT,23.0,False,False,False,29.733802816901406,46.3774647887324,70.217,68.7805,71.11,69.986,-0.8930000000000007,-1.2055000000000007,-0.7854999999999848,2.6666666666666665,2.2,0.1,20.666666666666668,302.0,1,8,28
2024,11,ZHO,Austrian Grand Prix,Austria,Spielberg,2024-06-30,False,71.0,24,ZHO,Kick Sauber,20.0,17.0,0.0,70.0,Lapped,False,False,2,HARD,HARD→MEDIUM→HARD,28.0,False,False,False,29.740000000000002,46.40714285714286,71.779,70.773,71.11,69.986,0.6689999999999969,0.7869999999999919,0.17349999999999,14.666666666666666,14.6,0.1,0.0,0.0,2,4,30
2024,12,ALB,British Grand Prix,United Kingdom,Silverstone,2024-07-07,False,52.0,23,ALB,Williams,9.0,9.0,2.0,52.0,Finished,False,True,2,MEDIUM,MEDIUM→INTERMEDIATE→MEDIUM,27.0,False,False,False,15.642307692307693,23.986538461538462,93.014,90.068,92.894,90.116,0.11999999999999034,-0.04800000000000182,-0.02600000000001046,16.666666666666668,15.8,0.2727272727272727,0.0,2.0,1,9,0
2024,12,ALO,British Grand Prix,United Kingdom,Silverstone,2024-07-07,False,52.0,14,ALO,Aston Martin,10.0,8.0,4.0,52.0,Finished,False,True,2,MEDIUM,MEDIUM→INTERMEDIATE→MEDIUM,27.0,False,False,False,15.64423076923077,23.98076923076923,92.673,90.098,92.894,90.116,-0.22100000000000364,-0.018000000000000682,-0.043000000000006366,12.0,13.2,0.0,4.666666666666667,58.0,1,1,1
2024,12,BOT,British Grand Prix,United Kingdom,Silverstone,2024-07-07,False,52.0,77,BOT,Kick Sauber,16.0,15.0,0.0,51.0,Lapped,False,True,2,MEDIUM,MEDIUM→INTERMEDIATE→SOFT,26.0,False,False,False,15.633333333333333,23.937254901960785,93.87700000000001,91.732,92.894,90.116,0.9830000000000041,1.6159999999999997,-1.134999999999991,15.0,15.2,0.09090909090909091,0.0,0.0,1,4,5
2024,12,HAM,British Grand Prix,United Kingdom,Silverstone,2024-07-07,False,52.0,44,HAM,Mercedes,2.0,1.0,25.0,52.0,Finished,False,True,2,MEDIUM,MEDIUM→INTERMEDIATE→SOFT,27.0,False,False,False,15.628846153846155,23.946153846153848,91.675,89.641,92.894,90.116,-1.2190000000000083,-0.4749999999999943,-0.04099999999999682,3.6666666666666665,4.8,0.09090909090909091,30.666666666666668,180.0,1,6,11
2024,12,HUL,British Grand Prix,United Kingdom,Silverstone,2024-07-07,False,52.0,27,HUL,Haas F1 Team,6.0,6.0,8.0,52.0,Finished,False,True,2,MEDIUM,MEDIUM→INTERMEDIATE→SOFT,26.0,False,False,False,15.636538461538462,23.965384615384615,92.672,90.365,92.894,90.116,-0.2220000000000084,0.24899999999999523,-0.5319999999999823,9.333333333333334,11.6,0.09090909090909091,4.0,17.0,1,3,12
2024,12,LEC,British Grand Prix,United Kingdom,Silverstone,2024-07-07,False,52.0,16,LEC,Ferrari,11.0,14.0,0.0,51.0,Lapped,False,True,3,MEDIUM,MEDIUM→INTERMEDIATE→INTERMEDIATE→SOFT,19.0,False,False,False,15.641176470588237,23.99019607843137,92.701,89.98400000000001,92.894,90.116,-0.19300000000001205,-0.1319999999999908,0.33899999999999864,11.666666666666666,7.8,0.09090909090909091,11.0,265.0,1,2,15
2024,12,MAG,British Grand Prix,United Kingdom,Silverstone,2024-07-07,False,52.0,20,MAG,Haas F1 Team,17.0,12.0,0.0,52.0,Finished,False,True,2,MEDIUM,MEDIUM→INTERMEDIATE→SOFT,27.0,False,False,False,15.64423076923077,23.976923076923075,93.204,90.953,92.894,90.116,0.30999999999998806,0.8370000000000033,0.5320000000000107,12.333333333333334,13.8,0.09090909090909091,4.0,17.0,1,3,16
2024,12,NOR,British Grand Prix,United Kingdom,Silverstone,2024-07-07,False,52.0,4,NOR,McLaren,3.0,3.0,15.0,52.0,Finished,False,True,2,MEDIUM,MEDIUM→INTERMEDIATE→SOFT,27.0,False,False,False,15.63076923076923,23.942307692307693,91.83,89.838,92.894,90.116,-1.0640000000000072,-0.2780000000000058,-0.0660000000000025,8.0,6.0,0.0,23.666666666666668,247.0,1,5,18
2024,12,OCO,British Grand Prix,United Kingdom,Silverstone,2024-07-07,False,52.0,31,OCO,Alpine,18.0,16.0,0.0,50.0,Lapped,False,True,4,SOFT,SOFT→INTERMEDIATE→MEDIUM→INTERMEDIATE→MEDIUM,19.0,False,False,False,15.644,23.99,94.491,91.072,92.894,90.116,1.5969999999999942,0.9560000000000031,0.0,10.666666666666666,12.6,0.09090909090909091,2.3333333333333335,9.0,0,0,19
2024,12,PER,British Grand Prix,United Kingdom,Silverstone,2024-07-07,False,52.0,11,PER,Red Bull Racing,20.0,17.0,0.0,50.0,Lapped,False,True,4,HARD,HARD→INTERMEDIATE→INTERMEDIATE→MEDIUM→SOFT,19.0,False,False,False,15.648,23.816,93.219,90.53,92.894,90.116,0.32499999999998863,0.4140000000000015,1.2860000000000014,11.0,11.8,0.18181818181818182,23.333333333333332,318.0,2,8,20
2024,12,PIA,British Grand Prix,United Kingdom,Silverstone,2024-07-07,False,52.0,81,PIA,McLaren,5.0,4.0,12.0,52.0,Finished,False,True,2,MEDIUM,MEDIUM→INTERMEDIATE→MEDIUM,28.0,False,False,False,15.63076923076923,23.951923076923077,91.896,89.222,92.894,90.116,-0.9980000000000047,-0.8940000000000055,0.0660000000000025,4.666666666666667,4.0,0.0,23.666666666666668,247.0,1,5,21
2024,12,RIC,British Grand Prix,United Kingdom,Silverstone,2024-07-07,False,52.0,3,RIC,RB,15.0,13.0,0.0,51.0,Lapped,False,True,2,MEDIUM,MEDIUM→INTERMEDIATE→SOFT,26.0,False,False,False,15.64313725490196,23.94705882352941,93.346,91.08,92.894,90.116,0.4519999999999982,0.9639999999999986,0.3149999999999977,10.666666666666666,11.4,0.18181818181818182,2.0,24.0,1,7,22
2024,12,RUS,British Grand Prix,United Kingdom,Silverstone,2024-07-07,False,52.0,63,RUS,Mercedes,1.0,19.0,0.0,33.0,Retired,True,True,2,MEDIUM,MEDIUM→INTERMEDIATE,27.0,False,False,False,15.842424242424242,23.793939393939397,91.716,91.418,92.894,90.116,-1.1780000000000115,1.3020000000000067,0.04099999999999682,2.6666666666666665,4.0,0.09090909090909091,30.666666666666668,180.0,1,6,23
2024,12,SAI,British Grand Prix,United Kingdom,Silverstone,2024-07-07,False,52.0,55,SAI,Ferrari,7.0,5.0,11.0,52.0,Finished,False,True,3,MEDIUM,MEDIUM→INTERMEDIATE→HARD→SOFT,26.0,False,False,False,15.628846153846155,23.957692307692305,92.362,89.588,92.894,90.116,-0.5320000000000107,-0.5280000000000058,-0.33899999999999864,8.333333333333334,6.6,0.1,11.0,265.0,1,2,24
2024,12,SAR,British Grand Prix,United Kingdom,Silverstone,2024-07-07,False,52.0,2,SAR,Williams,12.0,11.0,0.0,52.0,Finished,False,True,2,MEDIUM,MEDIUM→INTERMEDIATE→SOFT,27.0,False,False,False,15.642307692307693,23.98076923076923,93.04,90.826,92.894,90.116,0.1460000000000008,0.7099999999999937,0.02600000000001046,19.666666666666668,18.2,0.2,0.0,2.0,1,9,25
2024,12,STR,British Grand Prix,United Kingdom,Silverstone,2024-07-07,False,52.0,18,STR,Aston Martin,8.0,7.0,6.0,52.0,Finished,False,True,2,MEDIUM,MEDIUM→INTERMEDIATE→MEDIUM,26.0,False,False,False,15.642307692307693,23.97307692307692,92.716,90.026,92.894,90.116,-0.17800000000001148,-0.09000000000000341,0.042999999999977945,11.333333333333334,11.4,0.09090909090909091,4.666666666666667,58.0,1,1,26
2024,12,TSU,British Grand Prix,United Kingdom,Silverstone,2024-07-07,False,52.0,22,TSU,RB,13.0,10.0,1.0,52.0,Finished,False,True,2,MEDIUM,MEDIUM→INTERMEDIATE→SOFT,27.0,False,False,False,15.64423076923077,23.986538461538462,93.031,90.982,92.894,90.116,0.13700000000000045,0.8659999999999997,-0.3149999999999977,15.666666666666666,13.0,0.09090909090909091,2.0,24.0,1,7,27
2024,12,VER,British Grand Prix,United Kingdom,Silverstone,2024-07-07,False,52.0,1,VER,Red Bull Racing,4.0,2.0,18.0,52.0,Finished,False,True,2,MEDIUM,MEDIUM→INTERMEDIATE→HARD,26.0,False,False,False,15.626923076923077,23.942307692307693,91.933,89.286,92.894,90.116,-0.9609999999999985,-0.8299999999999983,-1.285999999999973,2.3333333333333335,2.8,0.09090909090909091,23.333333333333332,318.0,1,8,28
2024,12,ZHO,British Grand Prix,United Kingdom,Silverstone,2024-07-07,False,52.0,24,ZHO,Kick Sauber,14.0,18.0,0.0,50.0,Lapped,False,True,4,SOFT,SOFT→MEDIUM→INTERMEDIATE→INTERMEDIATE→SOFT,12.0,False,False,False,15.638,24.008000000000003,95.012,91.3215,92.894,90.116,2.117999999999995,1.2055000000000007,1.134999999999991,15.0,15.2,0.09090909090909091,0.0,0.0,0,4,30
2024,13,ALB,Hungarian Grand Prix,Hungary,Budapest,2024-07-21,False,70.0,23,ALB,Williams,13.0,14.0,0.0,69.0,Lapped,False,False,2,SOFT,SOFT→HARD→HARD,6.0,False,False,False,29.26666666666667,44.972463768115944,84.8905,84.0415,84.379,82.725,0.5114999999999981,1.3165000000000049,-0.18599999999997863,14.0,13.6,0.25,0.6666666666666666,4.0,0,9,0
2024,13,ALO,Hungarian Grand Prix,Hungary,Budapest,2024-07-21,False,70.0,14,ALO,Aston Martin,7.0,11.0,0.0,70.0,Finished,False,False,2,SOFT,SOFT→MEDIUM→HARD,7.0,False,False,False,29.27285714285714,44.97714285714286,84.402,83.327,84.379,82.725,0.022999999999996135,0.6020000000000039,-0.042999999999977945,12.666666666666666,11.0,0.0,3.3333333333333335,68.0,0,1,1
2024,13,BOT,Hungarian Grand Prix,Hungary,Budapest,2024-07-21,False,70.0,77,BOT,Kick Sauber,12.0,16.0,0.0,69.0,Lapped,False,False,2,MEDIUM,MEDIUM→HARD→HARD,16.0,False,False,False,29.269565217391303,44.97971014492754,85.21549999999999,83.4255,84.379,82.725,0.8364999999999867,0.7005000000000052,-0.2585000000000264,15.666666666666666,14.6,0.08333333333333333,0.0,0.0,1,4,5
2024,13,GAS,Hungarian Grand Prix,Hungary,Budapest,2024-07-21,False,70.0,10,GAS,Alpine,20.0,20.0,0.0,33.0,Retired,True,False,2,HARD,HARD→MEDIUM,28.0,False,False,False,28.8969696969697,43.64242424242424,85.703,83.484,84.379,82.725,1.323999999999998,0.7590000000000003,0.7150000000000034,9.333333333333334,10.8,0.09090909090909091,1.3333333333333333,9.0,2,0,9
2024,13,HAM,Hungarian Grand Prix,Hungary,Budapest,2024-07-21,False,70.0,44,HAM,Mercedes,5.0,3.0,15.0,70.0,Finished,False,False,2,MEDIUM,MEDIUM→HARD→HARD,16.0,False,False,False,29.26857142857143,44.965714285714284,83.334,82.587,84.379,82.725,-1.0450000000000017,-0.13799999999999102,-0.2459999999999809,2.6666666666666665,3.8,0.08333333333333333,29.666666666666668,205.0,1,6,11
2024,13,HUL,Hungarian Grand Prix,Hungary,Budapest,2024-07-21,False,70.0,27,HUL,Haas F1 Team,11.0,13.0,0.0,69.0,Lapped,False,False,2,MEDIUM,MEDIUM→HARD→HARD,2.0,False,False,False,29.26231884057971,44.972463768115944,84.97399999999999,83.753,84.379,82.725,0.5949999999999847,1.0280000000000058,-0.34650000000002024,7.666666666666667,10.6,0.08333333333333333,6.666666666666667,25.0,1,3,12
2024,13,LEC,Hungarian Grand Prix,Hungary,Budapest,2024-07-21,False,70.0,16,LEC,Ferrari,6.0,4.0,12.0,70.0,Finished,False,False,2,MEDIUM,MEDIUM→HARD→MEDIUM,23.0,False,False,False,29.26857142857143,44.98285714285714,83.207,82.7,84.379,82.725,-1.1720000000000113,-0.024999999999991473,-0.48799999999999955,10.0,10.0,0.08333333333333333,14.666666666666666,276.0,1,2,15
2024,13,MAG,Hungarian Grand Prix,Hungary,Budapest,2024-07-21,False,70.0,20,MAG,Haas F1 Team,15.0,15.0,0.0,69.0,Lapped,False,False,2,SOFT,SOFT→HARD→HARD,6.0,False,False,False,29.269565217391303,44.97826086956522,85.32050000000001,83.86699999999999,84.379,82.725,0.9415000000000049,1.141999999999996,0.34650000000002024,12.333333333333334,13.8,0.08333333333333333,6.666666666666667,25.0,0,3,16
2024,13,NOR,Hungarian Grand Prix,Hungary,Budapest,2024-07-21,False,70.0,4,NOR,McLaren,1.0,2.0,18.0,70.0,Finished,False,False,2,MEDIUM,MEDIUM→HARD→MEDIUM,17.0,False,False,False,29.262857142857143,44.92285714285714,83.514,81.931,84.379,82.725,-0.8650000000000091,-0.7939999999999969,0.11699999999999022,8.333333333333334,6.2,0.0,23.333333333333332,274.0,1,5,18
2024,13,OCO,Hungarian Grand Prix,Hungary,Budapest,2024-07-21,False,70.0,31,OCO,Alpine,19.0,18.0,0.0,69.0,Lapped,False,False,3,MEDIUM,MEDIUM→HARD→HARD→SOFT,6.0,False,False,False,29.26666666666667,44.97536231884058,84.988,84.109,84.379,82.725,0.6089999999999947,1.3840000000000003,-0.7150000000000034,12.666666666666666,13.0,0.08333333333333333,1.3333333333333333,9.0,1,0,19
2024,13,PER,Hungarian Grand Prix,Hungary,Budapest,2024-07-21,False,70.0,11,PER,Red Bull Racing,16.0,7.0,6.0,70.0,Finished,False,False,2,HARD,HARD→MEDIUM→MEDIUM,28.0,False,False,False,29.27285714285714,44.981428571428566,83.447,81.705,84.379,82.725,-0.9320000000000022,-1.019999999999996,-0.2699999999999818,10.666666666666666,13.6,0.16666666666666666,21.0,336.0,2,8,20
2024,13,PIA,Hungarian Grand Prix,Hungary,Budapest,2024-07-21,False,70.0,81,PIA,McLaren,2.0,1.0,25.0,70.0,Finished,False,False,2,MEDIUM,MEDIUM→HARD→MEDIUM,18.0,False,False,False,29.262857142857143,44.92857142857143,83.397,82.157,84.379,82.725,-0.9819999999999993,-0.5679999999999978,-0.11699999999999022,4.333333333333333,4.0,0.0,23.333333333333332,274.0,1,5,21
2024,13,RIC,Hungarian Grand Prix,Hungary,Budapest,2024-07-21,False,70.0,3,RIC,RB,9.0,12.0,0.0,69.0,Lapped,False,False,2,MEDIUM,MEDIUM→HARD→HARD,7.0,False,False,False,29.271014492753626,44.94927536231884,84.8765,83.50800000000001,84.379,82.725,0.49749999999998806,0.7830000000000155,0.3014999999999759,12.333333333333334,11.4,0.16666666666666666,1.0,25.0,1,7,22
2024,13,RUS,Hungarian Grand Prix,Hungary,Budapest,2024-07-21,False,70.0,63,RUS,Mercedes,17.0,8.0,5.0,70.0,Finished,False,False,2,HARD,HARD→MEDIUM→HARD,33.0,False,False,False,29.275714285714287,45.00714285714286,83.58,82.162,84.379,82.725,-0.7990000000000066,-0.5629999999999882,0.24600000000000932,8.0,6.4,0.16666666666666666,29.666666666666668,205.0,2,6,23
2024,13,SAI,Hungarian Grand Prix,Hungary,Budapest,2024-07-21,False,70.0,55,SAI,Ferrari,4.0,6.0,8.0,70.0,Finished,False,False,2,MEDIUM,MEDIUM→HARD→MEDIUM,21.0,False,False,False,29.262857142857143,45.004285714285714,83.695,82.187,84.379,82.725,-0.6840000000000117,-0.5379999999999967,0.48799999999999955,4.666666666666667,6.6,0.09090909090909091,14.666666666666666,276.0,1,2,24
2024,13,SAR,Hungarian Grand Prix,Hungary,Budapest,2024-07-21,False,70.0,2,SAR,Williams,14.0,17.0,0.0,69.0,Lapped,False,False,3,MEDIUM,MEDIUM→HARD→HARD→SOFT,8.0,False,False,False,29.263768115942028,44.97826086956522,85.0765,84.1225,84.379,82.725,0.6974999999999909,1.397500000000008,0.18600000000000705,16.666666666666668,17.0,0.18181818181818182,0.6666666666666666,4.0,1,9,25
2024,13,STR,Hungarian Grand Prix,Hungary,Budapest,2024-07-21,False,70.0,18,STR,Aston Martin,8.0,10.0,1.0,70.0,Finished,False,False,2,SOFT,SOFT→MEDIUM→HARD,14.0,False,False,False,29.271428571428572,44.994285714285716,84.445,82.826,84.379,82.725,0.06599999999998829,0.10099999999999909,0.043000000000006366,11.333333333333334,11.0,0.08333333333333333,3.3333333333333335,68.0,0,1,26
2024,13,TSU,Hungarian Grand Prix,Hungary,Budapest,2024-07-21,False,70.0,22,TSU,RB,10.0,9.0,2.0,70.0,Finished,False,False,1,MEDIUM,MEDIUM→HARD,29.0,False,False,False,29.27714285714286,44.98285714285714,84.575,83.728,84.379,82.725,0.19599999999999795,1.0030000000000001,-0.3015000000000043,14.333333333333334,13.0,0.08333333333333333,1.0,25.0,1,7,27
2024,13,VER,Hungarian Grand Prix,Hungary,Budapest,2024-07-21,False,70.0,1,VER,Red Bull Racing,3.0,5.0,10.0,70.0,Finished,False,False,2,MEDIUM,MEDIUM→HARD→MEDIUM,21.0,False,False,False,29.265714285714285,44.94857142857143,83.717,82.483,84.379,82.725,-0.6620000000000061,-0.24199999999999022,0.27000000000001023,2.6666666666666665,3.0,0.08333333333333333,21.0,336.0,1,8,28
2024,13,ZHO,Hungarian Grand Prix,Hungary,Budapest,2024-07-21,False,70.0,24,ZHO,Kick Sauber,18.0,19.0,0.0,69.0,Lapped,False,False,2,MEDIUM,MEDIUM→HARD→HARD,7.0,False,False,False,29.26666666666667,44.947826086956525,85.474,84.0455,84.379,82.725,1.0949999999999989,1.3205000000000098,0.25849999999999795,16.0,15.8,0.08333333333333333,0.0,0.0,1,4,30
2024,14,ALB,Belgian Grand Prix,Belgium,Spa-Francorchamps,2024-07-28,False,44.0,23,ALB,Williams,10.0,12.0,0.0,44.0,Finished,False,False,2,MEDIUM,MEDIUM→MEDIUM→HARD,8.0,False,False,False,21.611363636363635,43.04772727272727,109.172,108.175,109.04,107.2325,0.1319999999999908,0.9424999999999955,-0.2560000000000002,12.666666666666666,14.6,0.23076923076923078,0.6666666666666666,4.0,1,9,0
2024,14,ALO,Belgian Grand Prix,Belgium,Spa-Francorchamps,2024-07-28,False,44.0,14,ALO,Aston Martin,8.0,8.0,4.0,44.0,Finished,False,False,1,MEDIUM,MEDIUM→MEDIUM,13.0,False,False,False,21.60909090909091,43.04318181818182,109.353,108.30199999999999,109.04,107.2325,0.3129999999999882,1.0694999999999908,-0.2259999999999991,12.333333333333334,11.0,0.0,3.6666666666666665,69.0,1,1,1
2024,14,BOT,Belgian Grand Prix,Belgium,Spa-Francorchamps,2024-07-28,False,44.0,77,BOT,Kick Sauber,14.0,15.0,0.0,44.0,Finished,False,False,2,MEDIUM,MEDIUM→HARD→MEDIUM,11.0,False,False,False,21.606818181818184,43.03181818181818,109.591,107.777,109.04,107.2325,0.5509999999999877,0.5444999999999993,-2.6465000000000316,15.666666666666666,15.2,0.07692307692307693,0.0,0.0,1,4,5
2024,14,GAS,Belgian Grand Prix,Belgium,Spa-Francorchamps,2024-07-28,False,44.0,10,GAS,Alpine,12.0,13.0,0.0,44.0,Finished,False,False,2,MEDIUM,MEDIUM→HARD→HARD,9.0,False,False,False,21.606818181818184,43.029545454545456,109.589,107.89,109.04,107.2325,0.5489999999999924,0.6574999999999989,0.16100000000000136,13.0,11.6,0.16666666666666666,0.3333333333333333,9.0,1,0,9
2024,14,HAM,Belgian Grand Prix,Belgium,Spa-Francorchamps,2024-07-28,False,44.0,44,HAM,Mercedes,3.0,1.0,25.0,44.0,Finished,False,False,2,MEDIUM,MEDIUM→HARD→HARD,11.0,False,False,False,21.60909090909091,43.02045454545455,107.957,106.856,109.04,107.2325,-1.0830000000000126,-0.37650000000000716,-0.03500000000002501,2.6666666666666665,3.0,0.07692307692307693,27.333333333333332,225.0,1,6,11
2024,14,HUL,Belgian Grand Prix,Belgium,Spa-Francorchamps,2024-07-28,False,44.0,27,HUL,Haas F1 Team,16.0,18.0,0.0,44.0,Finished,False,False,2,MEDIUM,MEDIUM→HARD→MEDIUM,7.0,False,False,False,21.613636363636363,43.04090909090909,109.634,109.131,109.04,107.2325,0.5939999999999941,1.8984999999999985,-0.016999999999995907,8.333333333333334,9.4,0.07692307692307693,6.666666666666667,25.0,1,3,12
2024,14,LEC,Belgian Grand Prix,Belgium,Spa-Francorchamps,2024-07-28,False,44.0,16,LEC,Ferrari,1.0,3.0,15.0,44.0,Finished,False,False,2,MEDIUM,MEDIUM→HARD→HARD,12.0,False,False,False,21.613636363636363,43.02727272727273,108.021,107.034,109.04,107.2325,-1.0190000000000055,-0.19849999999999568,-0.3340000000000032,9.666666666666666,10.6,0.07692307692307693,15.333333333333334,296.0,1,2,15
2024,14,MAG,Belgian Grand Prix,Belgium,Spa-Francorchamps,2024-07-28,False,44.0,20,MAG,Haas F1 Team,17.0,14.0,0.0,44.0,Finished,False,False,1,MEDIUM,MEDIUM→HARD,17.0,False,False,False,21.599999999999998,43.04090909090909,109.651,108.49549999999999,109.04,107.2325,0.61099999999999,1.262999999999991,0.016999999999995907,11.666666666666666,12.8,0.07692307692307693,6.666666666666667,25.0,1,3,16
2024,14,NOR,Belgian Grand Prix,Belgium,Spa-Francorchamps,2024-07-28,False,44.0,4,NOR,McLaren,4.0,5.0,10.0,44.0,Finished,False,False,2,MEDIUM,MEDIUM→HARD→HARD,15.0,False,False,False,21.61818181818182,43.03181818181818,108.098,106.655,109.04,107.2325,-0.9420000000000073,-0.5775000000000006,-0.05500000000000682,8.333333333333334,5.8,0.0,29.333333333333332,317.0,1,5,18
2024,14,OCO,Belgian Grand Prix,Belgium,Spa-Francorchamps,2024-07-28,False,44.0,31,OCO,Alpine,9.0,9.0,2.0,44.0,Finished,False,False,2,MEDIUM,MEDIUM→HARD→HARD,12.0,False,False,False,21.606818181818184,43.04318181818182,109.428,107.175,109.04,107.2325,0.387999999999991,-0.05750000000000455,-0.16100000000000136,15.333333333333334,13.2,0.07692307692307693,0.3333333333333333,9.0,1,0,19
2024,14,PER,Belgian Grand Prix,Belgium,Spa-Francorchamps,2024-07-28,False,44.0,11,PER,Red Bull Racing,2.0,7.0,7.0,44.0,Finished,False,False,3,MEDIUM,MEDIUM→MEDIUM→HARD→SOFT,11.0,False,False,False,21.606818181818184,43.038636363636364,108.335,107.625,109.04,107.2325,-0.7050000000000125,0.3924999999999983,0.1810000000000116,10.333333333333334,11.4,0.15384615384615385,16.666666666666668,352.0,1,8,20
2024,14,PIA,Belgian Grand Prix,Belgium,Spa-Francorchamps,2024-07-28,False,44.0,81,PIA,McLaren,5.0,2.0,18.0,44.0,Finished,False,False,2,MEDIUM,MEDIUM→HARD→HARD,11.0,False,False,False,21.61818181818182,43.029545454545456,108.153,106.39,109.04,107.2325,-0.8870000000000005,-0.8425000000000011,0.05500000000000682,2.3333333333333335,3.8,0.0,29.333333333333332,317.0,1,5,21
2024,14,RIC,Belgian Grand Prix,Belgium,Spa-Francorchamps,2024-07-28,False,44.0,3,RIC,RB,13.0,10.0,1.0,44.0,Finished,False,False,2,SOFT,SOFT→MEDIUM→SOFT,8.0,False,False,False,21.60909090909091,43.050000000000004,108.86,107.675,109.04,107.2325,-0.18000000000000682,0.44249999999999545,-0.7609999999999957,11.333333333333334,11.4,0.15384615384615385,1.6666666666666667,27.0,0,7,22
2024,14,RUS,Belgian Grand Prix,Belgium,Spa-Francorchamps,2024-07-28,False,44.0,63,RUS,Mercedes,6.0,20.0,0.0,44.0,Disqualified,True,False,1,MEDIUM,MEDIUM→HARD,10.0,False,False,False,21.606818181818184,43.02272727272727,107.992,107.4485,109.04,107.2325,-1.0480000000000018,0.21599999999999397,0.03499999999999659,9.333333333333334,7.0,0.15384615384615385,27.333333333333332,225.0,1,6,23
2024,14,SAI,Belgian Grand Prix,Belgium,Spa-Francorchamps,2024-07-28,False,44.0,55,SAI,Ferrari,7.0,6.0,8.0,44.0,Finished,False,False,2,HARD,HARD→MEDIUM→HARD,20.0,False,False,False,21.613636363636363,43.03409090909091,108.355,106.913,109.04,107.2325,-0.6850000000000023,-0.319500000000005,0.3340000000000032,4.666666666666667,7.2,0.08333333333333333,15.333333333333334,296.0,2,2,24
2024,14,SAR,Belgian Grand Prix,Belgium,Spa-Francorchamps,2024-07-28,False,44.0,2,SAR,Williams,18.0,17.0,0.0,44.0,Finished,False,False,2,MEDIUM,MEDIUM→MEDIUM→HARD,8.0,False,False,False,21.599999999999998,43.01136363636363,109.428,108.141,109.04,107.2325,0.387999999999991,0.9085000000000036,0.2560000000000002,15.666666666666666,17.4,0.16666666666666666,0.6666666666666666,4.0,1,9,25
2024,14,STR,Belgian Grand Prix,Belgium,Spa-Francorchamps,2024-07-28,False,44.0,18,STR,Aston Martin,15.0,11.0,0.0,44.0,Finished,False,False,1,MEDIUM,MEDIUM→MEDIUM,12.0,False,False,False,21.599999999999998,43.02272727272727,109.579,108.842,109.04,107.2325,0.5389999999999873,1.609499999999997,0.2259999999999991,10.0,10.2,0.07692307692307693,3.6666666666666665,69.0,1,1,26
2024,14,TSU,Belgian Grand Prix,Belgium,Spa-Francorchamps,2024-07-28,False,44.0,22,TSU,RB,20.0,16.0,0.0,44.0,Finished,False,False,1,MEDIUM,MEDIUM→SOFT,15.0,False,False,False,21.602272727272727,43.03636363636363,109.621,108.667,109.04,107.2325,0.5809999999999889,1.4344999999999999,0.7609999999999957,11.0,13.2,0.07692307692307693,1.6666666666666667,27.0,1,7,27
2024,14,VER,Belgian Grand Prix,Belgium,Spa-Francorchamps,2024-07-28,False,44.0,1,VER,Red Bull Racing,11.0,4.0,12.0,44.0,Finished,False,False,2,MEDIUM,MEDIUM→HARD→MEDIUM,10.0,False,False,False,21.611363636363635,43.02272727272727,108.154,106.447,109.04,107.2325,-0.8860000000000099,-0.785499999999999,-0.18099999999998317,4.0,2.8,0.07692307692307693,16.666666666666668,352.0,1,8,28
2024,14,ZHO,Belgian Grand Prix,Belgium,Spa-Francorchamps,2024-07-28,False,44.0,24,ZHO,Kick Sauber,19.0,19.0,0.0,5.0,Retired,True,False,1,HARD,HARD,5.0,False,False,False,21.119999999999997,42.519999999999996,112.23750000000001,112.099,109.04,107.2325,3.197500000000005,4.866500000000002,2.646500000000003,18.0,16.4,0.07692307692307693,0.0,0.0,2,4,30
2024,15,ALB,Dutch Grand Prix,Netherlands,Zandvoort,2024-08-25,False,72.0,23,ALB,Williams,19.0,14.0,0.0,71.0,Lapped,False,False,2,MEDIUM,MEDIUM→HARD→MEDIUM,12.0,False,False,False,19.29014084507042,31.578873239436618,76.453,74.877,76.31,74.866,0.14300000000000068,0.01099999999999568,-0.4660000000000082,11.666666666666666,13.6,0.21428571428571427,0.6666666666666666,4.0,1,9,0
2024,15,ALO,Dutch Grand Prix,Netherlands,Zandvoort,2024-08-25,False,72.0,14,ALO,Aston Martin,7.0,10.0,1.0,71.0,Lapped,False,False,1,MEDIUM,MEDIUM→HARD,31.0,False,False,False,19.288732394366196,31.57605633802817,76.35300000000001,75.193,76.31,74.866,0.043000000000006366,0.3269999999999982,0.069500000000005,9.0,11.4,0.0,5.0,73.0,1,1,1
2024,15,BOT,Dutch Grand Prix,Netherlands,Zandvoort,2024-08-25,False,72.0,77,BOT,Kick Sauber,16.0,19.0,0.0,70.0,Lapped,False,False,2,SOFT,SOFT→HARD→MEDIUM,15.0,False,False,False,19.285714285714285,31.575714285714287,76.882,76.206,76.31,74.866,0.5720000000000027,1.3400000000000034,-0.6550000000000011,15.333333333333334,15.6,0.07142857142857142,0.0,0.0,0,4,5
2024,15,GAS,Dutch Grand Prix,Netherlands,Zandvoort,2024-08-25,False,72.0,10,GAS,Alpine,9.0,9.0,2.0,71.0,Lapped,False,False,1,MEDIUM,MEDIUM→HARD,32.0,False,False,False,19.288732394366196,31.570422535211268,76.3825,75.24,76.31,74.866,0.0724999999999909,0.3739999999999952,-0.7870000000000061,14.333333333333334,12.2,0.15384615384615385,0.6666666666666666,11.0,1,0,9
2024,15,HAM,Dutch Grand Prix,Netherlands,Zandvoort,2024-08-25,False,72.0,44,HAM,Mercedes,14.0,8.0,4.0,72.0,Finished,False,False,2,SOFT,SOFT→HARD→SOFT,23.0,False,False,False,19.28611111111111,31.581944444444446,75.262,74.047,76.31,74.866,-1.0480000000000018,-0.8190000000000026,-0.19200000000000728,1.6666666666666667,2.4,0.07142857142857142,23.333333333333332,250.0,0,6,11
2024,15,HUL,Dutch Grand Prix,Netherlands,Zandvoort,2024-08-25,False,72.0,27,HUL,Haas F1 Team,12.0,11.0,0.0,71.0,Lapped,False,False,1,MEDIUM,MEDIUM→HARD,14.0,False,False,False,19.29014084507042,31.587323943661968,76.3175,75.856,76.31,74.866,0.007499999999993179,0.9899999999999949,-0.6525000000000034,12.333333333333334,10.8,0.07142857142857142,2.6666666666666665,25.0,1,3,12
2024,15,LEC,Dutch Grand Prix,Netherlands,Zandvoort,2024-08-25,False,72.0,16,LEC,Ferrari,6.0,3.0,15.0,72.0,Finished,False,False,1,MEDIUM,MEDIUM→HARD,24.0,False,False,False,19.28611111111111,31.577777777777776,75.277,74.833,76.31,74.866,-1.0330000000000013,-0.03300000000000125,0.13399999999998613,7.0,7.4,0.07142857142857142,18.0,319.0,1,2,15
2024,15,MAG,Dutch Grand Prix,Netherlands,Zandvoort,2024-08-25,False,72.0,20,MAG,Haas F1 Team,20.0,18.0,0.0,71.0,Lapped,False,False,1,HARD,HARD→MEDIUM,40.0,False,False,False,19.285915492957745,31.573239436619716,76.97,76.05,76.31,74.866,0.6599999999999966,1.1839999999999975,0.6525000000000034,13.666666666666666,13.2,0.07142857142857142,2.6666666666666665,25.0,2,3,16
2024,15,NOR,Dutch Grand Prix,Netherlands,Zandvoort,2024-08-25,False,72.0,4,NOR,McLaren,1.0,1.0,26.0,72.0,Finished,False,False,1,MEDIUM,MEDIUM→HARD,28.0,False,False,False,19.2875,31.575000000000003,74.892,74.476,76.31,74.866,-1.4180000000000064,-0.39000000000000057,-0.4130000000000109,3.3333333333333335,6.4,0.0,32.666666666666664,345.0,1,5,18
2024,15,OCO,Dutch Grand Prix,Netherlands,Zandvoort,2024-08-25,False,72.0,31,OCO,Alpine,15.0,15.0,0.0,71.0,Lapped,False,False,1,MEDIUM,MEDIUM→HARD,30.0,False,False,False,19.285915492957745,31.578873239436618,77.1695,75.629,76.31,74.866,0.859499999999997,0.7630000000000052,0.7870000000000061,14.333333333333334,13.0,0.07142857142857142,0.6666666666666666,11.0,1,0,19
2024,15,PER,Dutch Grand Prix,Netherlands,Zandvoort,2024-08-25,False,72.0,11,PER,Red Bull Racing,5.0,6.0,8.0,72.0,Finished,False,False,1,MEDIUM,MEDIUM→HARD,29.0,False,False,False,19.28472222222222,31.568055555555556,75.314,74.846,76.31,74.866,-0.9960000000000093,-0.01999999999999602,0.08199999999999363,10.333333333333334,9.2,0.14285714285714285,17.666666666666668,371.0,1,8,20
2024,15,PIA,Dutch Grand Prix,Netherlands,Zandvoort,2024-08-25,False,72.0,81,PIA,McLaren,3.0,4.0,12.0,72.0,Finished,False,False,1,MEDIUM,MEDIUM→HARD,33.0,False,False,False,19.28611111111111,31.575000000000003,75.305,74.564,76.31,74.866,-1.0049999999999955,-0.3020000000000067,0.4130000000000109,2.3333333333333335,3.2,0.0,32.666666666666664,345.0,1,5,21
2024,15,RIC,Dutch Grand Prix,Netherlands,Zandvoort,2024-08-25,False,72.0,3,RIC,RB,13.0,12.0,0.0,71.0,Lapped,False,False,1,MEDIUM,MEDIUM→HARD,29.0,False,False,False,19.287323943661974,31.585915492957746,76.2375,75.444,76.31,74.866,-0.07250000000000512,0.578000000000003,-0.575000000000017,11.666666666666666,11.8,0.14285714285714285,1.3333333333333333,28.0,1,7,22
2024,15,RUS,Dutch Grand Prix,Netherlands,Zandvoort,2024-08-25,False,72.0,63,RUS,Mercedes,4.0,7.0,6.0,72.0,Finished,False,False,2,MEDIUM,MEDIUM→HARD→SOFT,25.0,False,False,False,19.28472222222222,31.575000000000003,75.454,74.203,76.31,74.866,-0.8560000000000088,-0.6629999999999967,0.19199999999997885,15.666666666666666,10.4,0.21428571428571427,23.333333333333332,250.0,1,6,23
2024,15,SAI,Dutch Grand Prix,Netherlands,Zandvoort,2024-08-25,False,72.0,55,SAI,Ferrari,10.0,5.0,10.0,72.0,Finished,False,False,1,MEDIUM,MEDIUM→HARD,30.0,False,False,False,19.288888888888888,31.57638888888889,75.143,74.652,76.31,74.866,-1.1670000000000016,-0.21399999999999864,-0.13400000000001455,5.666666666666667,5.2,0.07692307692307693,18.0,319.0,1,2,24
2024,15,SAR,Dutch Grand Prix,Netherlands,Zandvoort,2024-08-25,False,72.0,2,SAR,Williams,18.0,16.0,0.0,71.0,Lapped,False,False,1,MEDIUM,MEDIUM→HARD,22.0,False,False,False,19.285915492957745,31.578873239436618,76.919,76.13,76.31,74.866,0.6089999999999947,1.2639999999999958,0.46599999999997976,15.0,16.8,0.15384615384615385,0.6666666666666666,4.0,1,9,25
2024,15,STR,Dutch Grand Prix,Netherlands,Zandvoort,2024-08-25,False,72.0,18,STR,Aston Martin,8.0,13.0,0.0,71.0,Lapped,False,False,1,MEDIUM,MEDIUM→HARD,30.0,False,False,False,19.288732394366196,31.573239436619716,76.2835,75.47,76.31,74.866,-0.026499999999998636,0.6039999999999992,-0.069500000000005,9.333333333333334,11.0,0.07142857142857142,5.0,73.0,1,1,26
2024,15,TSU,Dutch Grand Prix,Netherlands,Zandvoort,2024-08-25,False,72.0,22,TSU,RB,11.0,17.0,0.0,71.0,Lapped,False,False,2,SOFT,SOFT→MEDIUM→HARD,14.0,False,False,False,19.288732394366196,31.578873239436618,76.8125,75.998,76.31,74.866,0.5024999999999977,1.132000000000005,0.5749999999999886,11.666666666666666,13.6,0.07142857142857142,1.3333333333333333,28.0,0,7,27
2024,15,VER,Dutch Grand Prix,Netherlands,Zandvoort,2024-08-25,False,72.0,1,VER,Red Bull Racing,2.0,2.0,18.0,72.0,Finished,False,False,1,MEDIUM,MEDIUM→HARD,27.0,False,False,False,19.288888888888888,31.570833333333333,75.232,74.941,76.31,74.866,-1.078000000000003,0.07500000000000284,-0.08199999999999363,3.6666666666666665,3.4,0.07142857142857142,17.666666666666668,371.0,1,8,28
2024,15,ZHO,Dutch Grand Prix,Netherlands,Zandvoort,2024-08-25,False,72.0,24,ZHO,Kick Sauber,17.0,20.0,0.0,70.0,Lapped,False,False,2,MEDIUM,MEDIUM→HARD→SOFT,18.0,False,False,False,19.29,31.585714285714285,77.537,75.871,76.31,74.866,1.2270000000000039,1.0049999999999955,0.6550000000000011,18.666666666666668,17.2,0.14285714285714285,0.0,0.0,1,4,30
2024,16,ALB,Italian Grand Prix,Italy,Monza,2024-09-01,False,53.0,23,ALB,Williams,9.0,9.0,2.0,53.0,Finished,False,False,1,MEDIUM,MEDIUM→HARD,17.0,False,False,False,32.74905660377359,46.367924528301884,85.059,84.2055,84.86,83.268,0.19899999999999807,0.9375,-0.007499999999993179,13.333333333333334,12.8,0.2,0.0,4.0,1,9,0
2024,16,ALO,Italian Grand Prix,Italy,Monza,2024-09-01,False,53.0,14,ALO,Aston Martin,11.0,11.0,0.0,53.0,Finished,False,False,2,MEDIUM,MEDIUM→HARD→HARD,12.0,False,False,False,32.74716981132075,46.38490566037736,84.88650000000001,83.484,84.86,83.268,0.026500000000012847,0.21599999999999397,-0.17749999999998067,9.666666666666666,11.0,0.0,2.0,74.0,1,1,1
2024,16,BOT,Italian Grand Prix,Italy,Monza,2024-09-01,False,53.0,77,BOT,Kick Sauber,19.0,16.0,0.0,52.0,Lapped,False,False,1,HARD,HARD→MEDIUM,33.0,False,False,False,32.75961538461539,46.396153846153844,86.31,84.357,84.86,83.268,1.4500000000000028,1.0889999999999986,0.367999999999995,16.666666666666668,16.2,0.06666666666666667,0.0,0.0,2,4,5
2024,16,COL,Italian Grand Prix,Italy,Monza,2024-09-01,False,53.0,43,COL,Williams,18.0,12.0,0.0,53.0,Finished,False,False,1,MEDIUM,MEDIUM→HARD,16.0,False,False,False,32.74716981132075,46.35471698113208,85.06649999999999,84.4795,84.86,83.268,0.20649999999999125,1.211500000000001,0.007499999999993179,,,,0.0,4.0,1,9,6
2024,16,GAS,Italian Grand Prix,Italy,Monza,2024-09-01,False,53.0,10,GAS,Alpine,14.0,15.0,0.0,52.0,Lapped,False,False,2,MEDIUM,MEDIUM→HARD→HARD,10.0,False,False,False,32.75769230769231,46.40384615384615,85.229,84.036,84.86,83.268,0.3689999999999998,0.7680000000000007,-0.7840000000000202,14.0,12.2,0.14285714285714285,1.3333333333333333,13.0,1,0,9
2024,16,HAM,Italian Grand Prix,Italy,Monza,2024-09-01,False,53.0,44,HAM,Mercedes,6.0,5.0,10.0,53.0,Finished,False,False,2,MEDIUM,MEDIUM→HARD→HARD,15.0,False,False,False,32.75471698113208,46.3811320754717,83.6565,82.307,84.86,83.268,-1.2035000000000053,-0.9609999999999985,-0.623500000000007,4.0,3.4,0.06666666666666667,18.333333333333332,260.0,1,6,11
2024,16,HUL,Italian Grand Prix,Italy,Monza,2024-09-01,False,53.0,27,HUL,Haas F1 Team,10.0,17.0,0.0,52.0,Lapped,False,False,2,MEDIUM,MEDIUM→HARD→HARD,5.0,False,False,False,32.74807692307692,46.36346153846154,85.194,83.591,84.86,83.268,0.3340000000000032,0.3229999999999933,0.39799999999999613,14.0,10.8,0.06666666666666667,0.0,25.0,1,3,12
2024,16,LEC,Italian Grand Prix,Italy,Monza,2024-09-01,False,53.0,16,LEC,Ferrari,4.0,1.0,25.0,53.0,Finished,False,False,1,MEDIUM,MEDIUM→HARD,15.0,False,False,False,32.760377358490565,46.401886792452835,83.71600000000001,83.30250000000001,84.86,83.268,-1.1439999999999912,0.03450000000000841,-0.20999999999997954,3.3333333333333335,7.0,0.06666666666666667,22.666666666666668,344.0,1,2,15
2024,16,MAG,Italian Grand Prix,Italy,Monza,2024-09-01,False,53.0,20,MAG,Haas F1 Team,13.0,10.0,1.0,53.0,Finished,False,False,1,MEDIUM,MEDIUM→HARD,14.0,False,False,False,32.75283018867925,46.366037735849055,84.796,83.72800000000001,84.86,83.268,-0.06399999999999295,0.46000000000000796,-0.39799999999999613,15.666666666666666,13.4,0.06666666666666667,0.0,25.0,1,3,16
2024,16,NOR,Italian Grand Prix,Italy,Monza,2024-09-01,False,53.0,4,NOR,McLaren,1.0,3.0,16.0,53.0,Finished,False,False,2,MEDIUM,MEDIUM→HARD→HARD,14.0,False,False,False,32.760377358490565,46.39245283018868,83.59100000000001,82.25,84.86,83.268,-1.2689999999999912,-1.0180000000000007,0.12299999999999045,2.6666666666666665,6.2,0.0,36.333333333333336,383.0,1,5,18
2024,16,OCO,Italian Grand Prix,Italy,Monza,2024-09-01,False,53.0,31,OCO,Alpine,15.0,14.0,0.0,52.0,Lapped,False,False,1,HARD,HARD→MEDIUM,31.0,False,False,False,32.76153846153846,46.41730769230769,86.013,84.587,84.86,83.268,1.1530000000000058,1.3190000000000026,0.7839999999999918,14.0,14.0,0.06666666666666667,1.3333333333333333,13.0,2,0,19
2024,16,PER,Italian Grand Prix,Italy,Monza,2024-09-01,False,53.0,11,PER,Red Bull Racing,8.0,8.0,4.0,53.0,Finished,False,False,2,HARD,HARD→HARD→MEDIUM,23.0,False,False,False,32.75094339622641,46.39622641509434,84.524,83.291,84.86,83.268,-0.3359999999999985,0.022999999999996135,0.904500000000013,6.666666666666667,8.8,0.13333333333333333,20.333333333333332,397.0,2,8,20
2024,16,PIA,Italian Grand Prix,Italy,Monza,2024-09-01,False,53.0,81,PIA,McLaren,2.0,2.0,18.0,53.0,Finished,False,False,2,MEDIUM,MEDIUM→HARD→HARD,16.0,False,False,False,32.760377358490565,46.401886792452835,83.468,82.253,84.86,83.268,-1.391999999999996,-1.0150000000000006,-0.12300000000001887,2.3333333333333335,2.6,0.0,36.333333333333336,383.0,1,5,21
2024,16,RIC,Italian Grand Prix,Italy,Monza,2024-09-01,False,53.0,3,RIC,RB,12.0,13.0,0.0,53.0,Finished,False,False,1,MEDIUM,MEDIUM→HARD,11.0,False,False,False,32.74716981132075,46.36037735849057,85.03999999999999,84.6505,84.86,83.268,0.1799999999999926,1.3824999999999932,-2.4979999999999905,11.333333333333334,11.2,0.13333333333333333,1.0,28.0,1,7,22
2024,16,RUS,Italian Grand Prix,Italy,Monza,2024-09-01,False,53.0,63,RUS,Mercedes,3.0,7.0,6.0,53.0,Finished,False,False,2,MEDIUM,MEDIUM→HARD→HARD,11.0,False,False,False,32.74905660377359,46.3811320754717,84.28,82.343,84.86,83.268,-0.5799999999999983,-0.9249999999999972,0.623500000000007,11.666666666666666,11.0,0.2,18.333333333333332,260.0,1,6,23
2024,16,SAI,Italian Grand Prix,Italy,Monza,2024-09-01,False,53.0,55,SAI,Ferrari,5.0,4.0,12.0,53.0,Finished,False,False,1,MEDIUM,MEDIUM→HARD,19.0,False,False,False,32.75660377358491,46.39245283018868,83.926,83.332,84.86,83.268,-0.9339999999999975,0.06399999999999295,0.21000000000000796,5.666666666666667,5.0,0.07142857142857142,22.666666666666668,344.0,1,2,24
2024,16,STR,Italian Grand Prix,Italy,Monza,2024-09-01,False,53.0,18,STR,Aston Martin,17.0,19.0,0.0,52.0,Lapped,False,False,3,HARD,HARD→HARD→MEDIUM→SOFT,19.0,False,False,False,32.75769230769231,46.400000000000006,85.064,83.702,84.86,83.268,0.20399999999999352,0.4339999999999975,0.17749999999998067,11.333333333333334,10.8,0.06666666666666667,2.0,74.0,2,1,26
2024,16,TSU,Italian Grand Prix,Italy,Monza,2024-09-01,False,53.0,22,TSU,RB,16.0,20.0,0.0,7.0,Retired,True,False,1,HARD,HARD,7.0,False,False,False,33.628571428571426,50.214285714285715,87.538,86.198,84.86,83.268,2.6779999999999973,2.9299999999999926,2.498000000000019,14.0,13.2,0.06666666666666667,1.0,28.0,2,7,27
2024,16,VER,Italian Grand Prix,Italy,Monza,2024-09-01,False,53.0,1,VER,Red Bull Racing,7.0,6.0,8.0,53.0,Finished,False,False,2,HARD,HARD→HARD→MEDIUM,22.0,False,False,False,32.75471698113208,46.39622641509434,83.61949999999999,82.584,84.86,83.268,-1.2405000000000115,-0.6839999999999975,-0.904500000000013,3.6666666666666665,3.6,0.06666666666666667,20.333333333333332,397.0,2,8,28
2024,16,ZHO,Italian Grand Prix,Italy,Monza,2024-09-01,False,53.0,24,ZHO,Kick Sauber,20.0,18.0,0.0,52.0,Lapped,False,False,1,MEDIUM,MEDIUM→HARD,15.0,False,False,False,32.75769230769231,46.38461538461539,85.942,85.451,84.86,83.268,1.0819999999999936,2.1829999999999927,-0.3680000000000234,19.333333333333332,18.6,0.13333333333333333,0.0,0.0,1,4,30
2024,17,ALB,Azerbaijan Grand Prix,Azerbaijan,Baku,2024-09-15,True,51.0,23,ALB,Williams,9.0,7.0,6.0,51.0,Finished,False,False,1,HARD,HARD→MEDIUM,31.0,False,True,False,26.49607843137255,43.258823529411764,109.14699999999999,107.35,108.85,107.439,0.29699999999999704,-0.08899999999999864,-0.007499999999993179,11.666666666666666,11.6,0.1875,0.6666666666666666,6.0,2,9,0
2024,17,ALO,Azerbaijan Grand Prix,Azerbaijan,Baku,2024-09-15,True,51.0,14,ALO,Aston Martin,7.0,6.0,8.0,51.0,Finished,False,False,1,MEDIUM,MEDIUM→HARD,11.0,False,True,False,26.501960784313724,43.241176470588236,109.0515,107.465,108.85,107.439,0.20150000000001,0.02600000000001046,-0.3704999999999927,9.666666666666666,9.6,0.0,1.6666666666666667,74.0,1,1,1
2024,17,BEA,Azerbaijan Grand Prix,Azerbaijan,Baku,2024-09-15,True,51.0,50,BEA,Haas F1 Team,10.0,10.0,1.0,51.0,Finished,False,False,1,MEDIUM,MEDIUM→HARD,14.0,False,True,False,26.498039215686276,43.24901960784313,108.7085,107.435,108.85,107.439,-0.14149999999999352,-0.003999999999990678,0.044999999999987494,7.0,7.0,0.0,0.3333333333333333,26.0,1,3,3
2024,17,BOT,Azerbaijan Grand Prix,Azerbaijan,Baku,2024-09-15,True,51.0,77,BOT,Kick Sauber,16.0,16.0,0.0,50.0,Lapped,False,False,1,MEDIUM,MEDIUM→HARD,11.0,False,True,False,26.484,43.224,109.687,108.683,108.85,107.439,0.8370000000000033,1.244000000000014,-0.5019999999999811,16.666666666666668,16.2,0.0625,0.0,0.0,1,4,5
2024,17,COL,Azerbaijan Grand Prix,Azerbaijan,Baku,2024-09-15,True,51.0,43,COL,Williams,8.0,8.0,4.0,51.0,Finished,False,False,1,MEDIUM,MEDIUM→HARD,10.0,False,True,False,26.498039215686276,43.23725490196078,109.1545,107.5,108.85,107.439,0.30450000000000443,0.06100000000000705,0.0075000000000216005,12.0,12.0,0.0,0.6666666666666666,6.0,1,9,6
2024,17,GAS,Azerbaijan Grand Prix,Azerbaijan,Baku,2024-09-15,True,51.0,10,GAS,Alpine,18.0,12.0,0.0,51.0,Finished,False,False,1,HARD,HARD→SOFT,50.0,False,True,False,26.501960784313724,43.254901960784316,109.643,108.364,108.85,107.439,0.7930000000000064,0.9250000000000114,-0.7060000000000173,12.333333333333334,13.4,0.13333333333333333,1.3333333333333333,13.0,2,0,9
2024,17,HAM,Azerbaijan Grand Prix,Azerbaijan,Baku,2024-09-15,True,51.0,44,HAM,Mercedes,19.0,9.0,2.0,51.0,Finished,False,False,1,MEDIUM,MEDIUM→HARD,12.0,False,True,False,26.5,43.24313725490196,108.5695,107.629,108.85,107.439,-0.2804999999999893,0.19000000000001194,0.31100000000000705,4.666666666666667,3.6,0.0625,17.0,276.0,1,6,11
2024,17,HUL,Azerbaijan Grand Prix,Azerbaijan,Baku,2024-09-15,True,51.0,27,HUL,Haas F1 Team,12.0,11.0,0.0,51.0,Finished,False,False,1,MEDIUM,MEDIUM→HARD,15.0,False,True,False,26.49607843137255,43.24901960784313,108.6635,107.925,108.85,107.439,-0.18649999999999523,0.4860000000000042,-0.045000000000015916,15.333333333333334,13.0,0.0625,0.3333333333333333,26.0,1,3,12
2024,17,LEC,Azerbaijan Grand Prix,Azerbaijan,Baku,2024-09-15,True,51.0,16,LEC,Ferrari,1.0,2.0,18.0,51.0,Finished,False,False,1,MEDIUM,MEDIUM→HARD,16.0,False,True,False,26.498039215686276,43.266666666666666,107.9005,107.361,108.85,107.439,-0.9495000000000005,-0.07799999999998875,-0.008499999999997954,2.3333333333333335,5.0,0.0625,28.333333333333332,381.0,1,2,15
2024,17,NOR,Azerbaijan Grand Prix,Azerbaijan,Baku,2024-09-15,True,51.0,4,NOR,McLaren,15.0,4.0,13.0,51.0,Finished,False,False,1,HARD,HARD→MEDIUM,37.0,False,True,False,26.5,43.27450980392157,108.899,105.662,108.85,107.439,0.049000000000006594,-1.7769999999999868,1.078000000000003,3.0,2.8,0.0,33.333333333333336,417.0,2,5,18
2024,17,OCO,Azerbaijan Grand Prix,Azerbaijan,Baku,2024-09-15,True,51.0,31,OCO,Alpine,20.0,15.0,0.0,50.0,Lapped,False,False,1,HARD,HARD→SOFT,49.0,False,True,False,26.484,43.236000000000004,110.349,109.059,108.85,107.439,1.4990000000000094,1.6200000000000045,0.7059999999999889,12.666666666666666,14.4,0.0625,1.3333333333333333,13.0,2,0,19
2024,17,PER,Azerbaijan Grand Prix,Azerbaijan,Baku,2024-09-15,True,51.0,11,PER,Red Bull Racing,4.0,17.0,0.0,49.0,Retired,True,False,1,MEDIUM,MEDIUM→HARD,13.0,False,False,False,26.5,43.318000000000005,107.8765,107.333,108.85,107.439,-0.9735000000000014,-0.10599999999999454,-0.4795000000000016,7.0,9.0,0.125,19.0,409.0,1,8,20
2024,17,PIA,Azerbaijan Grand Prix,Azerbaijan,Baku,2024-09-15,True,51.0,81,PIA,McLaren,2.0,1.0,25.0,51.0,Finished,False,False,1,MEDIUM,MEDIUM→HARD,15.0,False,False,False,26.498039215686276,43.266666666666666,107.821,107.365,108.85,107.439,-1.0289999999999964,-0.07399999999999807,-1.078000000000003,2.6666666666666665,2.6,0.0,33.333333333333336,417.0,1,5,21
2024,17,RIC,Azerbaijan Grand Prix,Azerbaijan,Baku,2024-09-15,True,51.0,3,RIC,RB,14.0,13.0,0.0,51.0,Finished,False,False,1,HARD,HARD→SOFT,49.0,False,True,False,26.498039215686276,43.239215686274505,109.513,108.54,108.85,107.439,0.6630000000000109,1.1010000000000133,-1.9499999999999886,11.666666666666666,12.0,0.125,0.3333333333333333,28.0,2,7,22
2024,17,RUS,Azerbaijan Grand Prix,Azerbaijan,Baku,2024-09-15,True,51.0,63,RUS,Mercedes,5.0,3.0,15.0,51.0,Finished,False,False,1,MEDIUM,MEDIUM→HARD,12.0,False,True,False,26.498039215686276,43.27450980392157,108.2585,106.727,108.85,107.439,-0.5914999999999964,-0.7119999999999891,-0.31100000000000705,11.333333333333334,12.2,0.1875,17.0,276.0,1,6,23
2024,17,SAI,Azerbaijan Grand Prix,Azerbaijan,Baku,2024-09-15,True,51.0,55,SAI,Ferrari,3.0,18.0,0.0,49.0,Retired,True,False,1,MEDIUM,MEDIUM→HARD,17.0,False,False,False,26.502,43.35,107.90899999999999,107.072,108.85,107.439,-0.9410000000000025,-0.3669999999999902,0.008499999999997954,5.0,5.2,0.06666666666666667,28.333333333333332,381.0,1,2,24
2024,17,STR,Azerbaijan Grand Prix,Azerbaijan,Baku,2024-09-15,True,51.0,18,STR,Aston Martin,13.0,19.0,0.0,45.0,Retired,True,False,3,MEDIUM,MEDIUM→HARD→HARD,1.0,False,False,False,26.479999999999997,43.464444444444446,109.422,108.4765,108.85,107.439,0.5720000000000027,1.0375000000000085,0.3704999999999927,14.333333333333334,12.0,0.0625,1.6666666666666667,74.0,1,1,26
2024,17,TSU,Azerbaijan Grand Prix,Azerbaijan,Baku,2024-09-15,True,51.0,22,TSU,RB,11.0,20.0,0.0,14.0,Retired,True,False,2,MEDIUM,MEDIUM→HARD,12.0,False,False,False,26.62857142857143,44.792857142857144,111.463,110.893,108.85,107.439,2.6129999999999995,3.4540000000000077,1.9499999999999886,17.666666666666668,14.4,0.125,0.3333333333333333,28.0,1,7,27
2024,17,VER,Azerbaijan Grand Prix,Azerbaijan,Baku,2024-09-15,True,51.0,1,VER,Red Bull Racing,6.0,5.0,10.0,51.0,Finished,False,False,2,MEDIUM,MEDIUM→HARD→SOFT,12.0,False,True,False,26.501960784313724,43.27647058823529,108.356,107.149,108.85,107.439,-0.4939999999999998,-0.28999999999999204,0.4795000000000016,4.0,3.8,0.0625,19.0,409.0,1,8,28
2024,17,ZHO,Azerbaijan Grand Prix,Azerbaijan,Baku,2024-09-15,True,51.0,24,ZHO,Kick Sauber,17.0,14.0,0.0,51.0,Finished,False,False,1,HARD,HARD→MEDIUM,34.0,False,True,False,26.48627450980392,43.199999999999996,110.189,108.001,108.85,107.439,1.3389999999999986,0.5620000000000118,0.5020000000000095,19.0,18.8,0.125,0.0,0.0,2,4,30
2024,18,ALB,Singapore Grand Prix,Singapore,Marina Bay,2024-09-22,True,62.0,23,ALB,Williams,11.0,20.0,0.0,15.0,Retired,True,False,2,MEDIUM,MEDIUM→HARD,11.0,False,False,False,31.053333333333335,36.779999999999994,99.285,97.814,98.526,97.047,0.7590000000000003,0.7669999999999959,0.4954999999999927,10.0,11.2,0.17647058823529413,4.0,16.0,1,9,0
2024,18,ALO,Singapore Grand Prix,Singapore,Marina Bay,2024-09-22,True,62.0,14,ALO,Aston Martin,7.0,8.0,4.0,61.0,Lapped,False,False,1,MEDIUM,MEDIUM→HARD,25.0,False,False,False,30.795081967213115,35.81803278688525,98.55199999999999,97.951,98.526,97.047,0.02599999999999625,0.9039999999999964,-0.8894999999999982,9.0,9.2,0.0,3.0,82.0,1,1,1
2024,18,BOT,Singapore Grand Prix,Singapore,Marina Bay,2024-09-22,True,62.0,77,BOT,Kick Sauber,19.0,16.0,0.0,61.0,Lapped,False,False,1,HARD,HARD→MEDIUM,33.0,False,False,False,30.79016393442623,35.81147540983606,99.792,97.986,98.526,97.047,1.2660000000000053,0.9390000000000072,0.07499999999998863,17.0,16.4,0.058823529411764705,0.0,0.0,2,4,5
2024,18,COL,Singapore Grand Prix,Singapore,Marina Bay,2024-09-22,True,62.0,43,COL,Williams,12.0,11.0,0.0,61.0,Lapped,False,False,1,MEDIUM,MEDIUM→HARD,29.0,False,False,False,30.79344262295082,35.806557377049174,98.7895,97.659,98.526,97.047,0.2635000000000076,0.612000000000009,-0.4954999999999927,10.0,10.0,0.0,4.0,16.0,1,9,6
2024,18,GAS,Singapore Grand Prix,Singapore,Marina Bay,2024-09-22,True,62.0,10,GAS,Alpine,18.0,17.0,0.0,61.0,Lapped,False,False,1,MEDIUM,MEDIUM→SOFT,37.0,False,False,False,30.788524590163938,35.81311475409836,99.48949999999999,97.416,98.526,97.047,0.9634999999999962,0.3689999999999998,0.29599999999999227,12.0,13.8,0.125,0.6666666666666666,13.0,1,0,9
2024,18,HAM,Singapore Grand Prix,Singapore,Marina Bay,2024-09-22,True,62.0,44,HAM,Mercedes,3.0,6.0,8.0,62.0,Finished,False,False,1,SOFT,SOFT→HARD,17.0,False,False,False,30.78548387096774,35.81290322580645,98.309,97.696,98.526,97.047,-0.21699999999999875,0.6490000000000009,0.13599999999999568,7.333333333333333,5.2,0.058823529411764705,14.333333333333334,293.0,0,6,11
2024,18,HUL,Singapore Grand Prix,Singapore,Marina Bay,2024-09-22,True,62.0,27,HUL,Haas F1 Team,6.0,9.0,2.0,61.0,Lapped,False,False,1,MEDIUM,MEDIUM→HARD,29.0,False,False,False,30.79344262295082,35.80491803278689,98.57650000000001,97.811,98.526,97.047,0.050500000000013756,0.76400000000001,-0.6974999999999909,13.0,14.0,0.058823529411764705,0.6666666666666666,27.0,1,3,12
2024,18,LEC,Singapore Grand Prix,Singapore,Marina Bay,2024-09-22,True,62.0,16,LEC,Ferrari,9.0,5.0,10.0,62.0,Finished,False,False,1,MEDIUM,MEDIUM→HARD,36.0,False,False,False,30.788709677419355,35.79516129032258,98.582,95.849,98.526,97.047,0.055999999999997385,-1.1979999999999933,0.15799999999998704,2.0,2.6,0.058823529411764705,26.666666666666668,399.0,1,2,15
2024,18,MAG,Singapore Grand Prix,Singapore,Marina Bay,2024-09-22,True,62.0,20,MAG,Haas F1 Team,14.0,19.0,0.0,57.0,Retired,True,False,3,HARD,HARD→MEDIUM→SOFT,28.0,False,False,False,30.812280701754386,35.87894736842105,99.274,98.11,98.526,97.047,0.7480000000000047,1.0630000000000024,0.6974999999999909,14.0,13.8,0.0625,0.6666666666666666,27.0,2,3,16
2024,18,NOR,Singapore Grand Prix,Singapore,Marina Bay,2024-09-22,True,62.0,4,NOR,McLaren,1.0,1.0,25.0,62.0,Finished,False,False,1,MEDIUM,MEDIUM→HARD,30.0,False,False,False,30.796774193548387,35.811290322580646,96.832,96.275,98.526,97.047,-1.6940000000000026,-0.7719999999999914,-1.3170000000000073,2.6666666666666665,3.0,0.0,36.666666666666664,455.0,1,5,18
2024,18,OCO,Singapore Grand Prix,Singapore,Marina Bay,2024-09-22,True,62.0,31,OCO,Alpine,15.0,13.0,0.0,61.0,Lapped,False,False,1,MEDIUM,MEDIUM→HARD,29.0,False,False,False,30.795081967213115,35.806557377049174,99.1935,98.279,98.526,97.047,0.667500000000004,1.2319999999999993,-0.29599999999999227,14.666666666666666,14.2,0.058823529411764705,0.6666666666666666,13.0,1,0,19
2024,18,PER,Singapore Grand Prix,Singapore,Marina Bay,2024-09-22,True,62.0,11,PER,Red Bull Racing,13.0,10.0,1.0,61.0,Lapped,False,False,1,MEDIUM,MEDIUM→HARD,28.0,False,False,False,30.79344262295082,35.808196721311475,98.6185,97.783,98.526,97.047,0.09250000000000114,0.7360000000000042,1.5184999999999889,10.333333333333334,9.0,0.17647058823529413,16.0,419.0,1,8,20
2024,18,PIA,Singapore Grand Prix,Singapore,Marina Bay,2024-09-22,True,62.0,81,PIA,McLaren,5.0,3.0,15.0,62.0,Finished,False,False,1,MEDIUM,MEDIUM→HARD,38.0,False,False,False,30.79032258064516,35.81612903225806,98.149,96.07,98.526,97.047,-0.37699999999999534,-0.9770000000000039,1.3170000000000073,2.3333333333333335,2.0,0.0,36.666666666666664,455.0,1,5,21
2024,18,RIC,Singapore Grand Prix,Singapore,Marina Bay,2024-09-22,True,62.0,3,RIC,RB,16.0,18.0,0.0,61.0,Lapped,False,False,3,SOFT,SOFT→MEDIUM→SOFT→SOFT,10.0,False,False,False,30.788524590163938,35.80327868852459,99.0185,97.154,98.526,97.047,0.4925000000000068,0.10699999999999932,0.07450000000000045,12.666666666666666,12.0,0.11764705882352941,0.0,28.0,0,7,22
2024,18,RUS,Singapore Grand Prix,Singapore,Marina Bay,2024-09-22,True,62.0,63,RUS,Mercedes,4.0,4.0,12.0,62.0,Finished,False,False,1,MEDIUM,MEDIUM→HARD,27.0,False,False,False,30.78548387096774,35.80483870967742,98.173,97.311,98.526,97.047,-0.35299999999999443,0.26400000000001,-0.13599999999999568,5.666666666666667,9.0,0.17647058823529413,14.333333333333334,293.0,1,6,23
2024,18,SAI,Singapore Grand Prix,Singapore,Marina Bay,2024-09-22,True,62.0,55,SAI,Ferrari,10.0,7.0,6.0,62.0,Finished,False,False,1,MEDIUM,MEDIUM→HARD,13.0,False,False,False,30.787096774193547,35.8,98.424,97.87,98.526,97.047,-0.10199999999998965,0.8230000000000075,-0.15799999999998704,9.0,7.8,0.125,26.666666666666668,399.0,1,2,24
2024,18,STR,Singapore Grand Prix,Singapore,Marina Bay,2024-09-22,True,62.0,18,STR,Aston Martin,17.0,14.0,0.0,61.0,Lapped,False,False,1,HARD,HARD→MEDIUM,26.0,False,False,False,30.79344262295082,35.821311475409836,99.44149999999999,98.159,98.526,97.047,0.9154999999999944,1.112000000000009,0.8894999999999982,17.0,14.4,0.11764705882352941,3.0,82.0,2,1,26
2024,18,TSU,Singapore Grand Prix,Singapore,Marina Bay,2024-09-22,True,62.0,22,TSU,RB,8.0,12.0,0.0,61.0,Lapped,False,False,1,MEDIUM,MEDIUM→SOFT,33.0,False,False,False,30.795081967213115,35.8016393442623,98.944,96.9,98.526,97.047,0.41800000000000637,-0.14699999999999136,-0.07450000000000045,19.0,16.4,0.17647058823529413,0.0,28.0,1,7,27
2024,18,VER,Singapore Grand Prix,Singapore,Marina Bay,2024-09-22,True,62.0,1,VER,Red Bull Racing,2.0,2.0,18.0,62.0,Finished,False,False,1,MEDIUM,MEDIUM→HARD,29.0,False,False,False,30.79516129032258,35.83064516129032,97.1,96.402,98.526,97.047,-1.426000000000002,-0.644999999999996,-1.5185000000000173,4.333333333333333,4.4,0.058823529411764705,16.0,419.0,1,8,28
2024,18,ZHO,Singapore Grand Prix,Singapore,Marina Bay,2024-09-22,True,62.0,24,ZHO,Kick Sauber,20.0,15.0,0.0,61.0,Lapped,False,False,1,HARD,HARD→MEDIUM,34.0,False,False,False,30.79016393442623,35.808196721311475,99.717,97.864,98.526,97.047,1.1910000000000025,0.8170000000000073,-0.07500000000001705,17.333333333333332,18.0,0.11764705882352941,0.0,0.0,2,4,30
2024,19,ALB,United States Grand Prix,United States,Austin,2024-10-20,False,56.0,23,ALB,Williams,14.0,16.0,0.0,55.0,Lapped,False,False,2,MEDIUM,MEDIUM→MEDIUM→HARD,3.0,True,False,False,28.636363636363637,47.127272727272725,101.432,99.35,100.161,98.412,1.2710000000000008,0.9379999999999882,0.938999999999993,12.0,12.4,0.2222222222222222,4.0,16.0,1,9,0
2024,19,ALO,United States Grand Prix,United States,Austin,2024-10-20,False,56.0,14,ALO,Aston Martin,7.0,13.0,0.0,55.0,Lapped,False,False,1,MEDIUM,MEDIUM→HARD,26.0,True,False,False,28.62727272727273,47.11818181818182,100.61,99.533,100.161,98.412,0.44899999999999807,1.1209999999999951,-0.5630000000000166,8.333333333333334,8.6,0.0,4.0,86.0,1,1,1
2024,19,BOT,United States Grand Prix,United States,Austin,2024-10-20,False,56.0,77,BOT,Kick Sauber,16.0,17.0,0.0,55.0,Lapped,False,False,1,MEDIUM,MEDIUM→HARD,15.0,True,False,False,28.630909090909093,47.11636363636364,101.138,100.701,100.161,98.412,0.9770000000000039,2.2889999999999873,-0.23799999999999955,16.0,16.4,0.05555555555555555,0.0,0.0,1,4,5
2024,19,COL,United States Grand Prix,United States,Austin,2024-10-20,False,56.0,43,COL,Williams,15.0,10.0,1.0,56.0,Finished,False,False,1,HARD,HARD→MEDIUM,39.0,True,False,False,28.6375,47.098214285714285,100.493,98.029,100.161,98.412,0.33199999999999363,-0.3830000000000098,-0.9390000000000214,10.333333333333334,10.333333333333334,0.0,4.0,16.0,2,9,6
2024,19,GAS,United States Grand Prix,United States,Austin,2024-10-20,False,56.0,10,GAS,Alpine,6.0,12.0,0.0,56.0,Finished,False,False,1,MEDIUM,MEDIUM→HARD,18.0,True,False,False,28.639285714285712,47.112500000000004,100.685,99.134,100.161,98.412,0.5240000000000009,0.7219999999999942,-0.6759999999999877,14.666666666666666,13.2,0.11764705882352941,0.0,13.0,1,0,9
2024,19,HAM,United States Grand Prix,United States,Austin,2024-10-20,False,56.0,44,HAM,Mercedes,17.0,20.0,0.0,1.0,Retired,True,False,0,HARD,HARD,2.0,False,False,False,28.05,46.95,,,100.161,98.412,,,0.0,6.666666666666667,5.8,0.05555555555555555,17.666666666666668,313.0,2,6,11
2024,19,HUL,United States Grand Prix,United States,Austin,2024-10-20,False,56.0,27,HUL,Haas F1 Team,11.0,8.0,4.0,56.0,Finished,False,False,1,MEDIUM,MEDIUM→HARD,27.0,True,False,False,28.6375,47.103571428571435,99.97800000000001,98.648,100.161,98.412,-0.18299999999999272,0.23599999999999,-0.29300000000000637,12.333333333333334,13.2,0.05555555555555555,1.3333333333333333,29.0,1,3,12
2024,19,LAW,United States Grand Prix,United States,Austin,2024-10-20,False,56.0,30,LAW,RB,19.0,9.0,2.0,56.0,Finished,False,False,1,HARD,HARD→MEDIUM,36.0,True,False,False,28.633928571428573,47.105357142857144,100.5035,98.44300000000001,100.161,98.412,0.34250000000000114,0.03100000000000591,-0.42349999999999,12.333333333333334,12.2,,0.0,28.0,2,7,14
2024,19,LEC,United States Grand Prix,United States,Austin,2024-10-20,False,56.0,16,LEC,Ferrari,4.0,1.0,25.0,56.0,Finished,False,False,1,MEDIUM,MEDIUM→HARD,26.0,True,False,False,28.62857142857143,47.11607142857143,98.9915,98.1335,100.161,98.412,-1.1694999999999993,-0.2785000000000082,0.007000000000005002,2.6666666666666665,2.8,0.05555555555555555,23.666666666666668,415.0,1,2,15
2024,19,MAG,United States Grand Prix,United States,Austin,2024-10-20,False,56.0,20,MAG,Haas F1 Team,8.0,11.0,0.0,56.0,Finished,False,False,2,MEDIUM,MEDIUM→HARD→MEDIUM,17.0,True,False,False,28.6375,47.11785714285714,100.271,98.623,100.161,98.412,0.10999999999999943,0.21099999999999852,0.29299999999997794,15.666666666666666,15.2,0.11764705882352941,1.3333333333333333,29.0,1,3,16
2024,19,NOR,United States Grand Prix,United States,Austin,2024-10-20,False,56.0,4,NOR,McLaren,1.0,4.0,12.0,56.0,Finished,False,False,1,MEDIUM,MEDIUM→HARD,31.0,True,False,False,28.63214285714286,47.13035714285714,99.334,97.9455,100.161,98.412,-0.8269999999999982,-0.4665000000000106,-0.04449999999999932,2.6666666666666665,2.8,0.0,37.333333333333336,495.0,1,5,18
2024,19,OCO,United States Grand Prix,United States,Austin,2024-10-20,False,56.0,31,OCO,Alpine,12.0,18.0,0.0,55.0,Lapped,False,False,2,MEDIUM,MEDIUM→HARD→SOFT,31.0,True,False,False,28.630909090909093,47.130909090909086,101.361,99.655,100.161,98.412,1.2000000000000028,1.242999999999995,0.6760000000000161,14.0,13.2,0.05555555555555555,0.0,13.0,1,0,19
2024,19,PER,United States Grand Prix,United States,Austin,2024-10-20,False,56.0,11,PER,Red Bull Racing,9.0,7.0,6.0,56.0,Finished,False,False,1,MEDIUM,MEDIUM→HARD,26.0,True,False,False,28.635714285714283,47.11785714285714,99.863,98.755,100.161,98.412,-0.2980000000000018,0.3429999999999893,0.7769999999999868,11.666666666666666,9.6,0.16666666666666666,13.666666666666666,438.0,1,8,20
2024,19,PIA,United States Grand Prix,United States,Austin,2024-10-20,False,56.0,81,PIA,McLaren,5.0,5.0,10.0,56.0,Finished,False,False,1,MEDIUM,MEDIUM→HARD,32.0,True,False,False,28.633928571428573,47.125,99.3785,97.9815,100.161,98.412,-0.7824999999999989,-0.4305000000000092,0.04449999999999932,2.0,2.4,0.0,37.333333333333336,495.0,1,5,21
2024,19,RUS,United States Grand Prix,United States,Austin,2024-10-20,False,56.0,63,RUS,Mercedes,20.0,6.0,8.0,56.0,Finished,False,False,1,HARD,HARD→MEDIUM,40.0,True,False,False,28.6375,47.10178571428571,99.8885,97.949,100.161,98.412,-0.27250000000000796,-0.46300000000000807,0.0,4.666666666666667,8.2,0.16666666666666666,17.666666666666668,313.0,2,6,23
2024,19,SAI,United States Grand Prix,United States,Austin,2024-10-20,False,56.0,55,SAI,Ferrari,3.0,2.0,18.0,56.0,Finished,False,False,1,MEDIUM,MEDIUM→HARD,21.0,True,False,False,28.626785714285713,47.11785714285714,98.9845,98.109,100.161,98.412,-1.1765000000000043,-0.3030000000000115,-0.007000000000005002,9.666666666666666,8.0,0.11764705882352941,23.666666666666668,415.0,1,2,24
2024,19,STR,United States Grand Prix,United States,Austin,2024-10-20,False,56.0,18,STR,Aston Martin,13.0,15.0,0.0,55.0,Lapped,False,False,1,HARD,HARD→MEDIUM,27.0,True,False,False,28.632727272727273,47.11636363636364,101.173,99.575,100.161,98.412,1.0120000000000005,1.1629999999999967,0.5629999999999882,17.333333333333332,15.2,0.1111111111111111,4.0,86.0,2,1,26
2024,19,TSU,United States Grand Prix,United States,Austin,2024-10-20,False,56.0,22,TSU,RB,10.0,14.0,0.0,55.0,Lapped,False,False,1,MEDIUM,MEDIUM→HARD,18.0,True,False,False,28.62909090909091,47.13818181818181,100.927,99.379,100.161,98.412,0.7660000000000053,0.9669999999999987,0.4235000000000184,17.333333333333332,17.0,0.16666666666666666,0.0,28.0,1,7,27
2024,19,VER,United States Grand Prix,United States,Austin,2024-10-20,False,56.0,1,VER,Red Bull Racing,2.0,3.0,15.0,56.0,Finished,False,False,1,MEDIUM,MEDIUM→HARD,25.0,True,False,False,28.630357142857143,47.10892857142857,99.086,98.4055,100.161,98.412,-1.0750000000000028,-0.006500000000002615,-0.7770000000000152,4.333333333333333,3.8,0.05555555555555555,13.666666666666666,438.0,1,8,28
2024,19,ZHO,United States Grand Prix,United States,Austin,2024-10-20,False,56.0,24,ZHO,Kick Sauber,18.0,19.0,0.0,55.0,Lapped,False,False,2,MEDIUM,MEDIUM→MEDIUM→HARD,13.0,True,False,False,28.632727272727273,47.11090909090909,101.376,99.658,100.161,98.412,1.2150000000000034,1.2459999999999951,0.23799999999999955,15.666666666666666,17.2,0.1111111111111111,0.0,0.0,1,4,30
2024,20,ALB,Mexico City Grand Prix,Mexico,Mexico City,2024-10-27,False,71.0,23,ALB,Williams,9.0,19.0,0.0,0.0,Retired,True,False,0,MEDIUM,MEDIUM,1.0,False,False,False,19.9,37.0,,,82.012,80.68950000000001,,,0.0,14.333333333333334,13.2,0.21052631578947367,3.6666666666666665,17.0,1,9,0
2024,20,ALO,Mexico City Grand Prix,Mexico,Mexico City,2024-10-27,False,71.0,14,ALO,Aston Martin,13.0,18.0,0.0,15.0,Retired,True,False,1,MEDIUM,MEDIUM,15.0,True,False,False,20.09333333333333,36.21333333333334,83.312,82.722,82.012,80.68950000000001,1.2999999999999972,2.0324999999999847,0.5309999999999775,9.0,9.6,0.0,4.0,86.0,1,1,1
2024,20,BOT,Mexico City Grand Prix,Mexico,Mexico City,2024-10-27,False,71.0,77,BOT,Kick Sauber,15.0,14.0,0.0,70.0,Lapped,False,False,1,HARD,HARD→MEDIUM,49.0,True,False,False,20.334285714285716,35.462857142857146,83.1985,81.2555,82.012,80.68950000000001,1.1864999999999952,0.5659999999999883,-0.2884999999999991,16.333333333333332,16.8,0.05263157894736842,0.0,0.0,2,4,5
2024,20,COL,Mexico City Grand Prix,Mexico,Mexico City,2024-10-27,False,71.0,43,COL,Williams,16.0,12.0,0.0,70.0,Lapped,False,False,1,HARD,HARD→MEDIUM,47.0,True,False,False,20.334285714285716,35.46714285714285,82.973,80.971,82.012,80.68950000000001,0.9609999999999985,0.2814999999999941,0.0,9.666666666666666,10.25,0.0,3.6666666666666665,17.0,2,9,6
2024,20,GAS,Mexico City Grand Prix,Mexico,Mexico City,2024-10-27,False,71.0,10,GAS,Alpine,8.0,10.0,1.0,70.0,Lapped,False,False,1,MEDIUM,MEDIUM→HARD,28.0,True,False,False,20.341428571428573,35.472857142857144,82.38550000000001,81.5305,82.012,80.68950000000001,0.37350000000000705,0.840999999999994,-0.7574999999999932,13.666666666666666,13.0,0.1111111111111111,0.0,13.0,1,0,9
2024,20,HAM,Mexico City Grand Prix,Mexico,Mexico City,2024-10-27,False,71.0,44,HAM,Mercedes,6.0,4.0,12.0,71.0,Finished,False,False,1,MEDIUM,MEDIUM→HARD,28.0,True,False,False,20.338028169014084,35.42816901408451,81.308,80.60300000000001,82.012,80.68950000000001,-0.7039999999999935,-0.08650000000000091,-0.2510000000000048,11.666666666666666,9.6,0.10526315789473684,15.0,321.0,1,6,11
2024,20,HUL,Mexico City Grand Prix,Mexico,Mexico City,2024-10-27,False,71.0,27,HUL,Haas F1 Team,10.0,9.0,2.0,70.0,Lapped,False,False,1,MEDIUM,MEDIUM→HARD,29.0,True,False,False,20.341428571428573,35.47714285714286,82.122,81.3315,82.012,80.68950000000001,0.10999999999999943,0.6419999999999959,0.3429999999999893,9.333333333333334,11.2,0.05263157894736842,2.3333333333333335,33.0,1,3,12
2024,20,LAW,Mexico City Grand Prix,Mexico,Mexico City,2024-10-27,False,71.0,30,LAW,RB,12.0,16.0,0.0,70.0,Lapped,False,False,2,HARD,HARD→MEDIUM→SOFT,39.0,True,False,False,20.34,35.45428571428572,82.928,81.4665,82.012,80.68950000000001,0.9159999999999968,0.7769999999999868,0.0,12.333333333333334,11.4,0.0,0.6666666666666666,30.0,2,7,14
2024,20,LEC,Mexico City Grand Prix,Mexico,Mexico City,2024-10-27,False,71.0,16,LEC,Ferrari,4.0,3.0,16.0,71.0,Finished,False,False,2,MEDIUM,MEDIUM→HARD→SOFT,31.0,True,False,False,20.336619718309862,35.47042253521127,80.975,80.49199999999999,82.012,80.68950000000001,-1.0370000000000061,-0.19750000000001933,0.009999999999990905,2.6666666666666665,2.4,0.05263157894736842,25.666666666666668,458.0,1,2,15
2024,20,MAG,Mexico City Grand Prix,Mexico,Mexico City,2024-10-27,False,71.0,20,MAG,Haas F1 Team,7.0,7.0,6.0,71.0,Finished,False,False,1,MEDIUM,MEDIUM→HARD,30.0,True,False,False,20.333802816901407,35.42112676056338,81.779,80.804,82.012,80.68950000000001,-0.2330000000000041,0.1144999999999925,-0.34300000000001774,13.333333333333334,14.4,0.1111111111111111,2.3333333333333335,33.0,1,3,16
2024,20,NOR,Mexico City Grand Prix,Mexico,Mexico City,2024-10-27,False,71.0,4,NOR,McLaren,3.0,2.0,18.0,71.0,Finished,False,False,1,MEDIUM,MEDIUM→HARD,30.0,True,False,False,20.340845070422535,35.45211267605634,80.703,80.093,82.012,80.68950000000001,-1.3089999999999975,-0.596500000000006,-1.8419999999999845,3.0,2.6,0.0,33.333333333333336,517.0,1,5,18
2024,20,OCO,Mexico City Grand Prix,Mexico,Mexico City,2024-10-27,False,71.0,31,OCO,Alpine,21.0,13.0,0.0,70.0,Lapped,False,False,1,HARD,HARD→MEDIUM,48.0,True,False,False,20.334285714285716,35.46,83.143,81.18,82.012,80.68950000000001,1.1310000000000002,0.49049999999999727,0.7574999999999932,15.333333333333334,15.0,0.05263157894736842,0.0,13.0,2,0,19
2024,20,PER,Mexico City Grand Prix,Mexico,Mexico City,2024-10-27,False,71.0,11,PER,Red Bull Racing,18.0,17.0,0.0,70.0,Lapped,False,False,3,HARD,HARD→MEDIUM→MEDIUM→SOFT,20.0,True,False,False,20.335714285714285,35.43857142857143,82.399,81.369,82.012,80.68950000000001,0.38700000000000045,0.6794999999999902,0.9240000000000066,11.333333333333334,9.6,0.15789473684210525,16.666666666666668,459.0,2,8,20
2024,20,PIA,Mexico City Grand Prix,Mexico,Mexico City,2024-10-27,False,71.0,81,PIA,McLaren,17.0,8.0,4.0,71.0,Finished,False,False,1,MEDIUM,MEDIUM→HARD,39.0,True,False,False,20.333802816901407,35.4112676056338,82.545,80.269,82.012,80.68950000000001,0.5330000000000013,-0.4205000000000041,1.842000000000013,3.0,3.0,0.0,33.333333333333336,517.0,1,5,21
2024,20,RUS,Mexico City Grand Prix,Mexico,Mexico City,2024-10-27,False,71.0,63,RUS,Mercedes,5.0,5.0,10.0,71.0,Finished,False,False,1,MEDIUM,MEDIUM→HARD,31.0,True,False,False,20.33943661971831,35.41971830985916,81.559,80.89750000000001,82.012,80.68950000000001,-0.45300000000000296,0.2079999999999984,0.25099999999997635,4.333333333333333,5.4,0.15789473684210525,15.0,321.0,1,6,23
2024,20,SAI,Mexico City Grand Prix,Mexico,Mexico City,2024-10-27,False,71.0,55,SAI,Ferrari,1.0,1.0,25.0,71.0,Finished,False,False,1,MEDIUM,MEDIUM→HARD,32.0,True,False,False,20.343661971830986,35.48169014084507,80.965,80.3205,82.012,80.68950000000001,-1.046999999999997,-0.369000000000014,-0.009999999999990905,9.0,7.2,0.1111111111111111,25.666666666666668,458.0,1,2,24
2024,20,STR,Mexico City Grand Prix,Mexico,Mexico City,2024-10-27,False,71.0,18,STR,Aston Martin,14.0,11.0,0.0,70.0,Lapped,False,False,1,MEDIUM,MEDIUM→HARD,26.0,True,False,False,20.337142857142855,35.455714285714286,82.781,81.555,82.012,80.68950000000001,0.7690000000000055,0.8654999999999973,-0.5310000000000059,16.0,16.0,0.10526315789473684,4.0,86.0,1,1,26
2024,20,TSU,Mexico City Grand Prix,Mexico,Mexico City,2024-10-27,False,71.0,22,TSU,RB,11.0,20.0,0.0,0.0,Retired,True,False,0,MEDIUM,MEDIUM,1.0,False,False,False,19.9,37.0,,,82.012,80.68950000000001,,,0.0,15.333333333333334,16.6,0.15789473684210525,0.6666666666666666,30.0,1,7,27
2024,20,VER,Mexico City Grand Prix,Mexico,Mexico City,2024-10-27,False,71.0,1,VER,Red Bull Racing,2.0,6.0,8.0,71.0,Finished,False,False,1,MEDIUM,MEDIUM→HARD,26.0,True,False,False,20.33239436619718,35.40985915492958,81.475,81.018,82.012,80.68950000000001,-0.5370000000000061,0.32849999999999113,-0.9240000000000066,3.3333333333333335,3.6,0.05263157894736842,16.666666666666668,459.0,1,8,28
2024,20,ZHO,Mexico City Grand Prix,Mexico,Mexico City,2024-10-27,False,71.0,24,ZHO,Kick Sauber,19.0,15.0,0.0,70.0,Lapped,False,False,1,HARD,HARD→MEDIUM,43.0,True,False,False,20.332857142857144,35.43714285714285,83.487,81.77799999999999,82.012,80.68950000000001,1.4749999999999943,1.088499999999982,0.2884999999999991,16.0,17.2,0.10526315789473684,0.0,0.0,2,4,30
2024,21,ALO,São Paulo Grand Prix,Brazil,São Paulo,2024-11-03,False,69.0,14,ALO,Aston Martin,9.0,14.0,0.0,69.0,Finished,False,True,2,INTERMEDIATE,INTERMEDIATE→INTERMEDIATE→INTERMEDIATE,27.0,True,False,False,21.179710144927537,24.702898550724637,84.4925,83.265,84.606,82.2635,-0.11349999999998772,1.0015000000000072,0.0,13.0,11.2,0.05,1.3333333333333333,86.0,3,1,1
2024,21,BEA,São Paulo Grand Prix,Brazil,São Paulo,2024-11-03,False,69.0,50,BEA,Haas F1 Team,15.0,12.0,0.0,69.0,Finished,False,True,2,INTERMEDIATE,INTERMEDIATE→INTERMEDIATE→INTERMEDIATE,27.0,True,False,False,21.175362318840577,24.68695652173913,84.673,82.837,84.606,82.2635,0.06700000000000728,0.5735000000000099,-0.17199999999999704,8.5,8.5,0.0,4.666666666666667,41.0,3,3,3
2024,21,BOT,São Paulo Grand Prix,Brazil,São Paulo,2024-11-03,False,69.0,77,BOT,Kick Sauber,11.0,13.0,0.0,69.0,Finished,False,True,1,INTERMEDIATE,INTERMEDIATE→INTERMEDIATE,32.0,True,False,False,21.1768115942029,24.68695652173913,84.975,83.015,84.606,82.2635,0.3689999999999998,0.7515000000000072,-0.7370000000000232,15.666666666666666,15.8,0.05,0.0,0.0,3,4,5
2024,21,COL,São Paulo Grand Prix,Brazil,São Paulo,2024-11-03,False,69.0,43,COL,Williams,16.0,17.0,0.0,30.0,Retired,True,True,2,INTERMEDIATE,INTERMEDIATE→INTERMEDIATE,26.0,True,False,False,22.016666666666666,24.790000000000003,85.4835,84.6575,84.606,82.2635,0.8775000000000119,2.3940000000000055,0.0,11.0,10.6,0.0,0.3333333333333333,17.0,3,9,6
2024,21,GAS,São Paulo Grand Prix,Brazil,São Paulo,2024-11-03,False,69.0,10,GAS,Alpine,13.0,3.0,15.0,69.0,Finished,False,True,1,INTERMEDIATE,INTERMEDIATE→INTERMEDIATE,32.0,True,False,False,21.178260869565218,24.70144927536232,84.2255,81.877,84.606,82.2635,-0.38049999999999784,-0.38649999999999807,-0.10049999999998249,13.0,13.2,0.10526315789473684,0.3333333333333333,14.0,3,0,9
2024,21,HAM,São Paulo Grand Prix,Brazil,São Paulo,2024-11-03,False,69.0,44,HAM,Mercedes,14.0,10.0,1.0,69.0,Finished,False,True,2,INTERMEDIATE,INTERMEDIATE→INTERMEDIATE→INTERMEDIATE,27.0,True,False,False,21.1768115942029,24.695652173913043,84.59049999999999,82.611,84.606,82.2635,-0.015500000000002956,0.3475000000000108,0.4189999999999827,10.0,8.8,0.1,16.666666666666668,343.0,3,6,11
2024,21,HUL,São Paulo Grand Prix,Brazil,São Paulo,2024-11-03,False,69.0,27,HUL,Haas F1 Team,18.0,20.0,0.0,0.0,Disqualified,True,True,4,INTERMEDIATE,INTERMEDIATE→INTERMEDIATE→WET→INTERMEDIATE,25.0,True,False,False,21.970000000000002,24.766666666666666,84.845,84.208,84.606,82.2635,0.23900000000000432,1.944500000000005,0.17199999999999704,8.666666666666666,10.8,0.05,4.666666666666667,41.0,3,3,12
2024,21,LAW,São Paulo Grand Prix,Brazil,São Paulo,2024-11-03,False,69.0,30,LAW,RB,5.0,9.0,2.0,69.0,Finished,False,True,2,INTERMEDIATE,INTERMEDIATE→WET→INTERMEDIATE,28.0,True,False,False,21.179710144927537,24.689855072463768,84.682,82.533,84.606,82.2635,0.07600000000000762,0.26950000000000784,0.13500000000001933,14.0,12.4,0.0,0.6666666666666666,30.0,3,7,14
2024,21,LEC,São Paulo Grand Prix,Brazil,São Paulo,2024-11-03,False,69.0,16,LEC,Ferrari,6.0,5.0,10.0,69.0,Finished,False,True,2,INTERMEDIATE,INTERMEDIATE→INTERMEDIATE→INTERMEDIATE,24.0,True,False,False,21.179710144927537,24.69855072463768,84.33,81.789,84.606,82.2635,-0.27599999999999625,-0.47449999999999193,-1.3540000000000134,3.0,2.4,0.05,33.333333333333336,499.0,3,2,15
2024,21,NOR,São Paulo Grand Prix,Brazil,São Paulo,2024-11-03,False,69.0,4,NOR,McLaren,1.0,6.0,8.0,69.0,Finished,False,True,2,INTERMEDIATE,INTERMEDIATE→INTERMEDIATE→INTERMEDIATE,28.0,True,False,False,21.182608695652174,24.69855072463768,84.09899999999999,81.791,84.606,82.2635,-0.507000000000005,-0.4724999999999966,-0.5970000000000084,2.3333333333333335,2.8,0.0,28.0,539.0,3,5,18
2024,21,OCO,São Paulo Grand Prix,Brazil,São Paulo,2024-11-03,False,69.0,31,OCO,Alpine,4.0,2.0,18.0,69.0,Finished,False,True,1,INTERMEDIATE,INTERMEDIATE→INTERMEDIATE,32.0,True,False,False,21.18695652173913,24.708695652173915,84.326,82.036,84.606,82.2635,-0.28000000000000114,-0.22749999999999204,0.10050000000001091,14.666666666666666,14.6,0.05,0.3333333333333333,14.0,3,0,19
2024,21,PER,São Paulo Grand Prix,Brazil,São Paulo,2024-11-03,False,69.0,11,PER,Red Bull Racing,12.0,11.0,0.0,69.0,Finished,False,True,2,INTERMEDIATE,INTERMEDIATE→WET→INTERMEDIATE,27.0,True,False,False,21.175362318840577,24.68550724637681,85.0065,82.373,84.606,82.2635,0.40050000000000807,0.10950000000001125,0.9210000000000207,11.333333333333334,11.8,0.15,16.0,467.0,3,8,20
2024,21,PIA,São Paulo Grand Prix,Brazil,São Paulo,2024-11-03,False,69.0,81,PIA,McLaren,8.0,8.0,4.0,69.0,Finished,False,True,2,INTERMEDIATE,INTERMEDIATE→INTERMEDIATE→INTERMEDIATE,27.0,True,False,False,21.179710144927537,24.69855072463768,84.696,82.106,84.606,82.2635,0.09000000000000341,-0.15749999999999886,0.5970000000000084,5.333333333333333,3.8,0.0,28.0,539.0,3,5,21
2024,21,RUS,São Paulo Grand Prix,Brazil,São Paulo,2024-11-03,False,69.0,63,RUS,Mercedes,2.0,4.0,12.0,69.0,Finished,False,True,2,INTERMEDIATE,INTERMEDIATE→INTERMEDIATE→INTERMEDIATE,28.0,True,False,False,21.182608695652174,24.707246376811593,84.1715,81.908,84.606,82.2635,-0.4344999999999999,-0.35549999999999216,-0.41900000000001114,5.0,5.0,0.15,16.666666666666668,343.0,3,6,23
2024,21,SAI,São Paulo Grand Prix,Brazil,São Paulo,2024-11-03,False,69.0,55,SAI,Ferrari,20.0,16.0,0.0,38.0,Retired,True,True,2,INTERMEDIATE,INTERMEDIATE→INTERMEDIATE→INTERMEDIATE,27.0,True,False,False,21.684615384615388,24.7,85.684,84.47149999999999,84.606,82.2635,1.078000000000003,2.2079999999999984,1.353999999999985,3.3333333333333335,6.4,0.10526315789473684,33.333333333333336,499.0,3,2,24
2024,21,TSU,São Paulo Grand Prix,Brazil,São Paulo,2024-11-03,False,69.0,22,TSU,RB,3.0,7.0,6.0,69.0,Finished,False,True,2,INTERMEDIATE,INTERMEDIATE→WET→INTERMEDIATE,28.0,True,False,False,21.181159420289855,24.69855072463768,84.547,82.047,84.606,82.2635,-0.0589999999999975,-0.21649999999999636,-0.1349999999999909,15.333333333333334,17.2,0.2,0.6666666666666666,30.0,3,7,27
2024,21,VER,São Paulo Grand Prix,Brazil,São Paulo,2024-11-03,False,69.0,1,VER,Red Bull Racing,17.0,1.0,26.0,69.0,Finished,False,True,1,INTERMEDIATE,INTERMEDIATE→INTERMEDIATE,32.0,True,False,False,21.181159420289855,24.708695652173915,84.0855,81.232,84.606,82.2635,-0.5204999999999984,-1.031499999999994,-0.9209999999999923,3.6666666666666665,4.4,0.05,16.0,467.0,3,8,28
2024,21,ZHO,São Paulo Grand Prix,Brazil,São Paulo,2024-11-03,False,69.0,24,ZHO,Kick Sauber,19.0,15.0,0.0,69.0,Finished,False,True,4,INTERMEDIATE,INTERMEDIATE→INTERMEDIATE→WET→INTERMEDIATE→INTERMEDIATE,27.0,True,False,False,21.166666666666668,24.70144927536232,85.712,83.473,84.606,82.2635,1.1060000000000088,1.2095000000000056,0.7369999999999948,16.333333333333332,16.2,0.1,0.0,0.0,3,4,30
2024,22,ALB,Las Vegas Grand Prix,United States,Las Vegas,2024-11-23,True,50.0,23,ALB,Williams,17.0,19.0,0.0,25.0,Retired,True,False,2,MEDIUM,MEDIUM→HARD,9.0,False,False,False,17.772000000000002,17.532,99.211,98.28550000000001,98.43799999999999,96.704,0.7730000000000103,1.5815000000000197,0.8780000000000143,18.333333333333332,14.2,0.25,0.3333333333333333,17.0,1,9,0
2024,22,ALO,Las Vegas Grand Prix,United States,Las Vegas,2024-11-23,True,50.0,14,ALO,Aston Martin,16.0,11.0,0.0,50.0,Finished,False,False,2,SOFT,SOFT→HARD→HARD,4.0,False,False,False,17.532,17.204,98.513,97.634,98.43799999999999,96.704,0.07500000000001705,0.9300000000000068,-0.08499999999997954,15.0,11.8,0.047619047619047616,0.0,86.0,0,1,1
2024,22,BOT,Las Vegas Grand Prix,United States,Las Vegas,2024-11-23,True,50.0,77,BOT,Kick Sauber,19.0,18.0,0.0,49.0,Lapped,False,False,2,HARD,HARD→MEDIUM→HARD,17.0,False,False,False,17.540816326530614,17.216326530612246,99.475,96.976,98.43799999999999,96.704,1.0370000000000061,0.27200000000000557,0.2629999999999768,14.666666666666666,15.2,0.047619047619047616,0.0,0.0,2,4,5
2024,22,COL,Las Vegas Grand Prix,United States,Las Vegas,2024-11-23,True,50.0,43,COL,Williams,20.0,14.0,0.0,50.0,Finished,False,False,2,HARD,HARD→MEDIUM→HARD,16.0,False,False,False,17.532,17.208,98.333,97.02,98.43799999999999,96.704,-0.10499999999998977,0.3160000000000025,-0.8779999999999859,13.0,11.6,0.16666666666666666,0.3333333333333333,17.0,2,9,6
2024,22,GAS,Las Vegas Grand Prix,United States,Las Vegas,2024-11-23,True,50.0,10,GAS,Alpine,3.0,20.0,0.0,15.0,Retired,True,False,2,MEDIUM,MEDIUM→HARD,10.0,False,False,False,17.89333333333333,17.686666666666667,99.635,98.4675,98.43799999999999,96.704,1.197000000000017,1.7635000000000076,0.45300000000000296,8.333333333333334,10.8,0.1,11.333333333333334,47.0,1,0,9
2024,22,HAM,Las Vegas Grand Prix,United States,Las Vegas,2024-11-23,True,50.0,44,HAM,Mercedes,10.0,2.0,18.0,50.0,Finished,False,False,2,MEDIUM,MEDIUM→HARD→HARD,13.0,False,False,False,17.542,17.215999999999998,97.284,95.882,98.43799999999999,96.704,-1.1539999999999822,-0.8219999999999885,-0.4399999999999977,11.333333333333334,9.8,0.09523809523809523,14.333333333333334,356.0,1,6,11
2024,22,HUL,Las Vegas Grand Prix,United States,Las Vegas,2024-11-23,True,50.0,27,HUL,Haas F1 Team,9.0,8.0,4.0,50.0,Finished,False,False,2,MEDIUM,MEDIUM→HARD→HARD,14.0,False,False,False,17.532,17.206,98.481,96.986,98.43799999999999,96.704,0.043000000000006366,0.2820000000000107,-0.4420000000000073,12.333333333333334,11.4,0.09523809523809523,4.0,41.0,1,3,12
2024,22,LAW,Las Vegas Grand Prix,United States,Las Vegas,2024-11-23,True,50.0,30,LAW,RB,14.0,16.0,0.0,50.0,Finished,False,False,2,MEDIUM,MEDIUM→HARD→HARD,11.0,False,False,False,17.53,17.206,99.385,97.2835,98.43799999999999,96.704,0.9470000000000169,0.5795000000000101,0.8950000000000102,11.333333333333334,12.4,0.0,3.3333333333333335,38.0,1,7,14
2024,22,LEC,Las Vegas Grand Prix,United States,Las Vegas,2024-11-23,True,50.0,16,LEC,Ferrari,4.0,4.0,12.0,50.0,Finished,False,False,2,MEDIUM,MEDIUM→HARD→HARD,9.0,False,False,False,17.54,17.215999999999998,97.933,96.072,98.43799999999999,96.704,-0.5049999999999812,-0.6319999999999908,0.39799999999999613,3.0,3.2,0.047619047619047616,31.333333333333332,509.0,1,2,15
2024,22,MAG,Las Vegas Grand Prix,United States,Las Vegas,2024-11-23,True,50.0,20,MAG,Haas F1 Team,12.0,12.0,0.0,50.0,Finished,False,False,1,MEDIUM,MEDIUM→HARD,17.0,False,False,False,17.534000000000002,17.204,98.923,97.305,98.43799999999999,96.704,0.48500000000001364,0.6010000000000133,0.4420000000000073,12.333333333333334,13.0,0.10526315789473684,4.0,41.0,1,3,16
2024,22,NOR,Las Vegas Grand Prix,United States,Las Vegas,2024-11-23,True,50.0,4,NOR,McLaren,6.0,6.0,9.0,50.0,Finished,False,False,3,MEDIUM,MEDIUM→HARD→HARD→SOFT,9.0,False,False,False,17.535999999999998,17.206,98.199,95.9295,98.43799999999999,96.704,-0.2389999999999901,-0.7744999999999891,-0.005500000000012051,4.0,3.4,0.0,18.666666666666668,551.0,1,5,18
2024,22,OCO,Las Vegas Grand Prix,United States,Las Vegas,2024-11-23,True,50.0,31,OCO,Alpine,11.0,17.0,0.0,49.0,Lapped,False,False,3,MEDIUM,MEDIUM→MEDIUM→HARD→SOFT,11.0,False,False,False,17.540816326530614,17.212244897959184,99.182,98.239,98.43799999999999,96.704,0.744000000000014,1.5350000000000108,-0.45300000000000296,11.0,12.2,0.047619047619047616,11.333333333333334,47.0,1,0,19
2024,22,PER,Las Vegas Grand Prix,United States,Las Vegas,2024-11-23,True,50.0,11,PER,Red Bull Racing,15.0,10.0,1.0,50.0,Finished,False,False,2,HARD,HARD→MEDIUM→HARD,17.0,False,False,False,17.532,17.206,98.25,96.716,98.43799999999999,96.704,-0.18799999999998818,0.012000000000000455,0.5715000000000146,11.666666666666666,12.4,0.14285714285714285,18.333333333333332,493.0,2,8,20
2024,22,PIA,Las Vegas Grand Prix,United States,Las Vegas,2024-11-23,True,50.0,81,PIA,McLaren,8.0,7.0,6.0,50.0,Finished,False,False,2,MEDIUM,MEDIUM→HARD→HARD,10.0,False,False,False,17.532,17.206,98.2045,97.09299999999999,98.43799999999999,96.704,-0.23349999999999227,0.3889999999999958,0.005499999999983629,7.0,5.0,0.0,18.666666666666668,551.0,1,5,21
2024,22,RUS,Las Vegas Grand Prix,United States,Las Vegas,2024-11-23,True,50.0,63,RUS,Mercedes,1.0,1.0,25.0,50.0,Finished,False,False,2,MEDIUM,MEDIUM→HARD→HARD,12.0,False,False,False,17.544,17.224,97.724,96.3095,98.43799999999999,96.704,-0.7139999999999844,-0.39449999999999363,0.4399999999999977,5.0,4.4,0.14285714285714285,14.333333333333334,356.0,1,6,23
2024,22,SAI,Las Vegas Grand Prix,United States,Las Vegas,2024-11-23,True,50.0,55,SAI,Ferrari,2.0,3.0,15.0,50.0,Finished,False,False,2,MEDIUM,MEDIUM→HARD→HARD,10.0,False,False,False,17.54,17.218,97.535,96.084,98.43799999999999,96.704,-0.9029999999999916,-0.6199999999999903,-0.39800000000002456,6.333333333333333,8.8,0.15,31.333333333333332,509.0,1,2,24
2024,22,STR,Las Vegas Grand Prix,United States,Las Vegas,2024-11-23,True,50.0,18,STR,Aston Martin,18.0,15.0,0.0,50.0,Finished,False,False,2,MEDIUM,MEDIUM→HARD→HARD,9.0,False,False,False,17.532,17.206,98.598,97.388,98.43799999999999,96.704,0.1600000000000108,0.6840000000000117,0.08500000000000796,13.333333333333334,15.6,0.1,0.0,86.0,1,1,26
2024,22,TSU,Las Vegas Grand Prix,United States,Las Vegas,2024-11-23,True,50.0,22,TSU,RB,7.0,9.0,2.0,50.0,Finished,False,False,2,MEDIUM,MEDIUM→HARD→HARD,10.0,False,False,False,17.532,17.206,98.49,97.381,98.43799999999999,96.704,0.05200000000000671,0.6770000000000067,-0.8950000000000102,13.666666666666666,14.6,0.19047619047619047,3.3333333333333335,38.0,1,7,27
2024,22,VER,Las Vegas Grand Prix,United States,Las Vegas,2024-11-23,True,50.0,1,VER,Red Bull Racing,5.0,5.0,10.0,50.0,Finished,False,False,2,MEDIUM,MEDIUM→HARD→HARD,11.0,False,False,False,17.54,17.214000000000002,97.6785,96.4415,98.43799999999999,96.704,-0.7594999999999885,-0.26249999999998863,-0.5714999999999861,3.3333333333333335,3.4,0.047619047619047616,18.333333333333332,493.0,1,8,28
2024,22,ZHO,Las Vegas Grand Prix,United States,Las Vegas,2024-11-23,True,50.0,24,ZHO,Kick Sauber,13.0,13.0,0.0,50.0,Finished,False,False,2,MEDIUM,MEDIUM→HARD→HARD,11.0,False,False,False,17.534000000000002,17.206,99.212,96.766,98.43799999999999,96.704,0.7740000000000151,0.06200000000001182,-0.26300000000000523,16.333333333333332,15.6,0.09523809523809523,0.0,0.0,1,4,30
2024,23,ALB,Qatar Grand Prix,Qatar,Lusail,2024-12-01,False,57.0,23,ALB,Williams,16.0,15.0,0.0,56.0,Lapped,False,False,4,MEDIUM,MEDIUM→SOFT→SOFT→SOFT→SOFT,35.0,True,False,False,18.650000000000002,22.394642857142856,87.31,86.0735,86.182,83.904,1.1280000000000001,2.1694999999999993,0.0,18.0,16.2,0.2857142857142857,0.0,17.0,1,9,0
2024,23,ALO,Qatar Grand Prix,Qatar,Lusail,2024-12-01,False,57.0,14,ALO,Aston Martin,8.0,7.0,6.0,57.0,Finished,False,False,3,MEDIUM,MEDIUM→HARD→MEDIUM→MEDIUM,35.0,True,False,False,18.645614035087718,22.387719298245614,86.268,84.054,86.182,83.904,0.08599999999999852,0.15000000000000568,-5.961000000000013,14.333333333333334,12.8,0.045454545454545456,0.0,86.0,1,1,1
2024,23,BOT,Qatar Grand Prix,Qatar,Lusail,2024-12-01,False,57.0,77,BOT,Kick Sauber,13.0,11.0,0.0,57.0,Finished,False,False,3,MEDIUM,MEDIUM→HARD→MEDIUM→MEDIUM,24.0,True,False,False,18.643859649122806,22.392982456140352,86.9965,85.9005,86.182,83.904,0.8144999999999953,1.9964999999999975,0.8704999999999927,15.0,15.6,0.045454545454545456,0.0,0.0,1,4,5
2024,23,COL,Qatar Grand Prix,Qatar,Lusail,2024-12-01,False,57.0,43,COL,Williams,19.0,19.0,0.0,0.0,Retired,True,False,0,MEDIUM,MEDIUM,1.0,False,False,False,19.1,23.0,,,86.182,83.904,,,0.0,14.333333333333334,12.8,0.14285714285714285,0.0,17.0,1,9,6
2024,23,GAS,Qatar Grand Prix,Qatar,Lusail,2024-12-01,False,57.0,10,GAS,Alpine,11.0,5.0,10.0,57.0,Finished,False,False,3,MEDIUM,MEDIUM→HARD→HARD→HARD,35.0,True,False,False,18.643859649122806,22.391228070175437,86.12,83.942,86.182,83.904,-0.06199999999999761,0.0379999999999967,0.0,11.0,12.4,0.14285714285714285,11.333333333333334,47.0,1,0,9
2024,23,HAM,Qatar Grand Prix,Qatar,Lusail,2024-12-01,False,57.0,44,HAM,Mercedes,6.0,12.0,0.0,57.0,Finished,False,False,4,MEDIUM,MEDIUM→HARD→HARD→HARD→HARD,34.0,True,False,False,18.649122807017545,22.398245614035087,86.10749999999999,84.43700000000001,86.182,83.904,-0.07450000000001467,0.5330000000000155,0.35849999999999227,5.333333333333333,8.4,0.09090909090909091,26.0,399.0,1,6,11
2024,23,HUL,Qatar Grand Prix,Qatar,Lusail,2024-12-01,False,57.0,27,HUL,Haas F1 Team,18.0,16.0,0.0,39.0,Retired,True,False,4,HARD,HARD→HARD→MEDIUM→MEDIUM→MEDIUM,1.0,True,False,False,18.7875,22.55,87.3,86.334,86.182,83.904,1.117999999999995,2.430000000000007,1.0630000000000166,12.333333333333334,10.8,0.09090909090909091,4.0,45.0,2,3,12
2024,23,LAW,Qatar Grand Prix,Qatar,Lusail,2024-12-01,False,57.0,30,LAW,RB,17.0,14.0,0.0,57.0,Finished,False,False,4,MEDIUM,MEDIUM→HARD→HARD→HARD→SOFT,35.0,True,False,False,18.643859649122806,22.382456140350875,87.288,86.242,86.182,83.904,1.1059999999999945,2.338000000000008,-0.01300000000000523,13.666666666666666,13.4,0.0,3.3333333333333335,40.0,1,7,14
2024,23,LEC,Qatar Grand Prix,Qatar,Lusail,2024-12-01,False,57.0,16,LEC,Ferrari,5.0,2.0,18.0,57.0,Finished,False,False,3,MEDIUM,MEDIUM→HARD→HARD→HARD,35.0,True,False,False,18.645614035087718,22.401754385964914,85.036,83.454,86.182,83.904,-1.1460000000000008,-0.45000000000000284,-0.22149999999999181,4.0,3.6,0.045454545454545456,26.0,536.0,1,2,15
2024,23,MAG,Qatar Grand Prix,Qatar,Lusail,2024-12-01,False,57.0,20,MAG,Haas F1 Team,10.0,9.0,2.0,57.0,Finished,False,False,3,MEDIUM,MEDIUM→HARD→HARD→HARD,27.0,True,False,False,18.645614035087718,22.387719298245614,86.237,84.571,86.182,83.904,0.05499999999999261,0.6670000000000016,-1.0629999999999882,10.0,11.8,0.1,4.0,45.0,1,3,16
2024,23,NOR,Qatar Grand Prix,Qatar,Lusail,2024-12-01,False,57.0,4,NOR,McLaren,3.0,10.0,2.0,57.0,Finished,False,False,4,MEDIUM,MEDIUM→HARD→HARD→HARD→HARD,35.0,True,False,False,18.649122807017545,22.401754385964914,84.915,82.875,86.182,83.904,-1.266999999999996,-1.0289999999999964,-0.09849999999997294,4.666666666666667,3.8,0.0,16.333333333333332,566.0,1,5,18
2024,23,OCO,Qatar Grand Prix,Qatar,Lusail,2024-12-01,False,57.0,31,OCO,Alpine,20.0,20.0,0.0,0.0,Retired,True,False,0,MEDIUM,MEDIUM,1.0,False,False,False,19.1,23.0,,,86.182,83.904,,,0.0,10.666666666666666,12.6,0.045454545454545456,11.333333333333334,47.0,1,0,19
2024,23,PER,Qatar Grand Prix,Qatar,Lusail,2024-12-01,False,57.0,11,PER,Red Bull Racing,9.0,17.0,0.0,38.0,Retired,True,False,3,MEDIUM,MEDIUM→HARD→HARD→HARD,35.0,True,False,False,18.805128205128206,22.57948717948718,86.10050000000001,85.3995,86.182,83.904,-0.08149999999999125,1.495500000000007,1.3255000000000052,12.666666666666666,11.0,0.13636363636363635,15.0,504.0,1,8,20
2024,23,PIA,Qatar Grand Prix,Qatar,Lusail,2024-12-01,False,57.0,81,PIA,McLaren,4.0,3.0,15.0,57.0,Finished,False,False,3,MEDIUM,MEDIUM→HARD→HARD→HARD,34.0,True,False,False,18.647368421052633,22.401754385964914,85.0135,83.3415,86.182,83.904,-1.1685000000000088,-0.5625,0.09850000000000136,7.666666666666667,6.2,0.0,16.333333333333332,566.0,1,5,21
2024,23,RUS,Qatar Grand Prix,Qatar,Lusail,2024-12-01,False,57.0,63,RUS,Mercedes,1.0,4.0,12.0,57.0,Finished,False,False,4,MEDIUM,MEDIUM→HARD→HARD→HARD→HARD,23.0,True,False,False,18.642105263157895,22.391228070175437,85.749,83.486,86.182,83.904,-0.43300000000000693,-0.41799999999999216,-0.35849999999999227,3.3333333333333335,4.0,0.13636363636363635,26.0,399.0,1,6,23
2024,23,SAI,Qatar Grand Prix,Qatar,Lusail,2024-12-01,False,57.0,55,SAI,Ferrari,7.0,6.0,8.0,57.0,Finished,False,False,3,MEDIUM,MEDIUM→HARD→HARD→HARD,34.0,True,False,False,18.643859649122806,22.396491228070175,85.2575,83.8015,86.182,83.904,-0.924500000000009,-0.10249999999999204,0.22149999999999181,6.666666666666667,5.8,0.14285714285714285,26.0,536.0,1,2,24
2024,23,STR,Qatar Grand Prix,Qatar,Lusail,2024-12-01,False,57.0,18,STR,Aston Martin,15.0,18.0,0.0,8.0,Retired,True,False,3,MEDIUM,MEDIUM→HARD→HARD,1.0,True,False,False,19.025,22.95,92.229,90.935,86.182,83.904,6.046999999999997,7.031000000000006,5.960999999999984,13.666666666666666,14.8,0.09523809523809523,0.0,86.0,1,1,26
2024,23,TSU,Qatar Grand Prix,Qatar,Lusail,2024-12-01,False,57.0,22,TSU,RB,14.0,13.0,0.0,57.0,Finished,False,False,4,MEDIUM,MEDIUM→HARD→HARD→HARD→SOFT,35.0,True,False,False,18.643859649122806,22.385964912280702,87.301,86.367,86.182,83.904,1.1189999999999998,2.463000000000008,0.01300000000000523,12.0,12.4,0.18181818181818182,3.3333333333333335,40.0,1,7,27
2024,23,VER,Qatar Grand Prix,Qatar,Lusail,2024-12-01,False,57.0,1,VER,Red Bull Racing,2.0,1.0,25.0,57.0,Finished,False,False,3,MEDIUM,MEDIUM→HARD→HARD→HARD,35.0,True,False,False,18.647368421052633,22.405263157894737,84.775,83.162,86.182,83.904,-1.4069999999999965,-0.7419999999999902,-1.3255000000000052,4.0,3.4,0.045454545454545456,15.0,504.0,1,8,28
2024,23,ZHO,Qatar Grand Prix,Qatar,Lusail,2024-12-01,False,57.0,24,ZHO,Kick Sauber,12.0,8.0,4.0,57.0,Finished,False,False,3,MEDIUM,MEDIUM→HARD→HARD→HARD,35.0,True,False,False,18.645614035087718,22.385964912280702,86.126,84.294,86.182,83.904,-0.055999999999997385,0.39000000000000057,-0.8704999999999927,14.333333333333334,15.4,0.09090909090909091,0.0,0.0,1,4,30
2024,24,ALB,Abu Dhabi Grand Prix,United Arab Emirates,Yas Island,2024-12-08,True,58.0,23,ALB,Williams,18.0,11.0,0.0,57.0,Lapped,False,False,1,MEDIUM,MEDIUM→HARD,12.0,False,False,False,26.405263157894737,30.633333333333333,90.003,89.5375,89.65,88.1755,0.35299999999999443,1.3619999999999948,-0.257000000000005,17.666666666666668,17.8,0.2727272727272727,0.0,17.0,1,9,0
2024,24,ALO,Abu Dhabi Grand Prix,United Arab Emirates,Yas Island,2024-12-08,True,58.0,14,ALO,Aston Martin,8.0,9.0,2.0,58.0,Finished,False,False,2,MEDIUM,MEDIUM→HARD→HARD,13.0,False,False,False,26.398275862068964,30.627586206896552,89.708,88.2345,89.65,88.1755,0.057999999999992724,0.0589999999999975,-0.1705000000000041,10.666666666666666,12.6,0.043478260869565216,2.0,92.0,1,1,1
2024,24,BOT,Abu Dhabi Grand Prix,United Arab Emirates,Yas Island,2024-12-08,True,58.0,77,BOT,Kick Sauber,9.0,18.0,0.0,30.0,Retired,True,False,2,MEDIUM,MEDIUM→HARD,6.0,False,False,False,26.69333333333333,31.3,89.9235,89.577,89.65,88.1755,0.2734999999999985,1.4014999999999986,-0.03249999999999886,14.0,14.6,0.043478260869565216,1.3333333333333333,4.0,1,4,5
2024,24,COL,Abu Dhabi Grand Prix,United Arab Emirates,Yas Island,2024-12-08,True,58.0,43,COL,Williams,20.0,19.0,0.0,26.0,Retired,True,False,2,MEDIUM,MEDIUM→HARD,3.0,False,False,False,26.734615384615385,31.426923076923078,90.26,89.8995,89.65,88.1755,0.6099999999999994,1.7240000000000038,0.257000000000005,16.666666666666668,14.4,0.25,0.0,17.0,1,9,6
2024,24,DOO,Abu Dhabi Grand Prix,United Arab Emirates,Yas Island,2024-12-08,True,58.0,61,DOO,Alpine,17.0,15.0,0.0,57.0,Lapped,False,False,1,MEDIUM,MEDIUM→HARD,22.0,False,False,False,26.401754385964914,30.640350877192983,90.205,89.498,89.65,88.1755,0.5549999999999926,1.3225000000000051,0.5739999999999839,,,,14.333333333333334,57.0,1,0,8
2024,24,GAS,Abu Dhabi Grand Prix,United Arab Emirates,Yas Island,2024-12-08,True,58.0,10,GAS,Alpine,5.0,7.0,6.0,58.0,Finished,False,False,1,MEDIUM,MEDIUM→HARD,14.0,False,False,False,26.403448275862072,30.641379310344828,89.631,89.3755,89.65,88.1755,-0.019000000000005457,1.2000000000000028,-0.5740000000000123,9.333333333333334,10.0,0.13636363636363635,14.333333333333334,57.0,1,0,9
2024,24,HAM,Abu Dhabi Grand Prix,United Arab Emirates,Yas Island,2024-12-08,True,58.0,44,HAM,Mercedes,16.0,4.0,12.0,58.0,Finished,False,False,1,HARD,HARD→MEDIUM,34.0,False,False,False,26.400000000000002,30.636206896551727,89.616,87.523,89.65,88.1755,-0.034000000000006025,-0.6525000000000034,0.929000000000002,8.0,9.6,0.08695652173913043,22.666666666666668,411.0,2,6,11
2024,24,HUL,Abu Dhabi Grand Prix,United Arab Emirates,Yas Island,2024-12-08,True,58.0,27,HUL,Haas F1 Team,7.0,8.0,4.0,58.0,Finished,False,False,1,MEDIUM,MEDIUM→HARD,13.0,False,False,False,26.403448275862072,30.641379310344828,89.76,89.331,89.65,88.1755,0.10999999999999943,1.1555000000000035,-0.28000000000000114,14.666666666666666,12.2,0.13043478260869565,2.0,47.0,1,3,12
2024,24,LAW,Abu Dhabi Grand Prix,United Arab Emirates,Yas Island,2024-12-08,True,58.0,30,LAW,RB,12.0,17.0,0.0,55.0,Retired,True,False,3,MEDIUM,MEDIUM→HARD→HARD→HARD,23.0,False,False,False,26.407142857142855,30.651785714285715,89.599,88.96,89.65,88.1755,-0.05100000000000193,0.7844999999999942,-0.2845000000000084,13.0,12.8,0.0,3.3333333333333335,40.0,1,7,14
2024,24,LEC,Abu Dhabi Grand Prix,United Arab Emirates,Yas Island,2024-12-08,True,58.0,16,LEC,Ferrari,19.0,3.0,15.0,58.0,Finished,False,False,1,MEDIUM,MEDIUM→HARD,20.0,False,False,False,26.403448275862072,30.653448275862072,88.565,88.201,89.65,88.1755,-1.085000000000008,0.02549999999999386,0.16599999999999682,3.6666666666666665,3.0,0.043478260869565216,21.0,562.0,1,2,15
2024,24,MAG,Abu Dhabi Grand Prix,United Arab Emirates,Yas Island,2024-12-08,True,58.0,20,MAG,Haas F1 Team,14.0,16.0,0.0,57.0,Lapped,False,False,4,MEDIUM,MEDIUM→HARD→HARD→SOFT→SOFT,12.0,False,False,False,26.401754385964914,30.640350877192983,90.04,88.842,89.65,88.1755,0.39000000000000057,0.6664999999999992,0.28000000000000114,9.333333333333334,11.6,0.09523809523809523,2.0,47.0,1,3,16
2024,24,NOR,Abu Dhabi Grand Prix,United Arab Emirates,Yas Island,2024-12-08,True,58.0,4,NOR,McLaren,1.0,1.0,25.0,58.0,Finished,False,False,1,MEDIUM,MEDIUM→HARD,26.0,False,False,False,26.408620689655173,30.66551724137931,88.362,87.73349999999999,89.65,88.1755,-1.288000000000011,-0.4420000000000073,-0.9569999999999936,7.333333333333333,5.6,0.0,14.666666666666666,583.0,1,5,18
2024,24,PER,Abu Dhabi Grand Prix,United Arab Emirates,Yas Island,2024-12-08,True,58.0,11,PER,Red Bull Racing,10.0,20.0,0.0,0.0,Retired,True,False,0,MEDIUM,MEDIUM,1.0,False,False,False,27.0,32.2,,,89.65,88.1755,,,0.0,12.666666666666666,12.4,0.17391304347826086,20.666666666666668,529.0,1,8,20
2024,24,PIA,Abu Dhabi Grand Prix,United Arab Emirates,Yas Island,2024-12-08,True,58.0,81,PIA,McLaren,2.0,10.0,1.0,58.0,Finished,False,False,2,MEDIUM,MEDIUM→HARD→HARD,4.0,False,False,False,26.398275862068964,30.613793103448273,89.319,87.872,89.65,88.1755,-0.33100000000000307,-0.30349999999999966,0.957000000000022,6.0,6.2,0.0,14.666666666666666,583.0,1,5,21
2024,24,RUS,Abu Dhabi Grand Prix,United Arab Emirates,Yas Island,2024-12-08,True,58.0,63,RUS,Mercedes,6.0,5.0,10.0,58.0,Finished,False,False,1,MEDIUM,MEDIUM→HARD,26.0,False,False,False,26.406896551724138,30.656896551724138,88.687,88.33949999999999,89.65,88.1755,-0.9630000000000081,0.16399999999998727,-0.929000000000002,3.0,4.0,0.13043478260869565,22.666666666666668,411.0,1,6,23
2024,24,SAI,Abu Dhabi Grand Prix,United Arab Emirates,Yas Island,2024-12-08,True,58.0,55,SAI,Ferrari,3.0,2.0,18.0,58.0,Finished,False,False,1,MEDIUM,MEDIUM→HARD,25.0,False,False,False,26.410344827586208,30.667241379310347,88.399,87.878,89.65,88.1755,-1.2510000000000048,-0.29749999999999943,-0.16599999999999682,8.333333333333334,5.6,0.13636363636363635,21.0,562.0,1,2,24
2024,24,STR,Abu Dhabi Grand Prix,United Arab Emirates,Yas Island,2024-12-08,True,58.0,18,STR,Aston Martin,13.0,14.0,0.0,57.0,Lapped,False,False,2,MEDIUM,MEDIUM→HARD→HARD,11.0,False,False,False,26.4,30.635087719298248,89.8785,88.79599999999999,89.65,88.1755,0.22849999999999682,0.6204999999999927,0.1705000000000041,14.666666666666666,14.6,0.13636363636363635,2.0,92.0,1,1,26
2024,24,TSU,Abu Dhabi Grand Prix,United Arab Emirates,Yas Island,2024-12-08,True,58.0,22,TSU,RB,11.0,12.0,0.0,57.0,Lapped,False,False,1,MEDIUM,MEDIUM→HARD,22.0,False,False,False,26.401754385964914,30.640350877192983,89.8835,89.38,89.65,88.1755,0.23349999999999227,1.204499999999996,0.28449999999998,9.666666666666666,12.6,0.17391304347826086,3.3333333333333335,40.0,1,7,27
2024,24,VER,Abu Dhabi Grand Prix,United Arab Emirates,Yas Island,2024-12-08,True,58.0,1,VER,Red Bull Racing,4.0,6.0,8.0,58.0,Finished,False,False,1,MEDIUM,MEDIUM→HARD,29.0,False,False,False,26.400000000000002,30.632758620689657,88.78,87.944,89.65,88.1755,-0.8700000000000045,-0.23149999999999693,0.0,2.3333333333333335,3.2,0.043478260869565216,20.666666666666668,529.0,1,8,28
2024,24,ZHO,Abu Dhabi Grand Prix,United Arab Emirates,Yas Island,2024-12-08,True,58.0,24,ZHO,Kick Sauber,15.0,13.0,0.0,57.0,Lapped,False,False,2,MEDIUM,MEDIUM→HARD→HARD,12.0,False,False,False,26.405263157894737,30.633333333333333,89.95599999999999,88.279,89.65,88.1755,0.3059999999999832,0.10349999999999682,0.03249999999997044,12.0,14.0,0.08695652173913043,1.3333333333333333,4.0,1,4,30
