season,round,driver_abbrev,team,dnf,grid_position,total_race_laps,is_street_circuit,driver_rolling_avg_3,driver_rolling_avg_5,driver_dnf_rate_season,driver_encoded,constructor_rolling_avg_points_3,constructor_season_points,team_encoded,compound_encoded,is_wet_race,final_position
2022,1,ALB,Williams,False,14.0,57.0,False,,,,0,,,9,0,False,13.0
2022,1,ALO,Alpine,False,8.0,57.0,False,,,,1,,,0,0,False,9.0
2022,1,BOT,Kick Sauber,False,6.0,57.0,False,,,,5,,,4,0,False,6.0
2022,1,GAS,RB,True,10.0,57.0,False,,,,9,,,7,0,False,20.0
2022,1,HAM,Mercedes,False,5.0,57.0,False,,,,11,,,6,0,False,3.0
2022,1,HUL,Aston Martin,False,17.0,57.0,False,,,,12,,,1,0,False,17.0
2022,1,LAT,Williams,False,20.0,57.0,False,,,,13,,,9,0,False,16.0
2022,1,LEC,Ferrari,False,1.0,57.0,False,,,,15,,,2,0,False,1.0
2022,1,MAG,Haas F1 Team,False,7.0,57.0,False,,,,16,,,3,0,False,5.0
2022,1,MSC,Haas F1 Team,False,12.0,57.0,False,,,,17,,,3,0,False,11.0
2022,1,NOR,McLaren,False,13.0,57.0,False,,,,18,,,5,1,False,15.0
2022,1,OCO,Alpine,False,11.0,57.0,False,,,,19,,,0,0,False,7.0
2022,1,PER,Red Bull Racing,True,4.0,57.0,False,,,,20,,,8,0,False,18.0
2022,1,RIC,McLaren,False,18.0,57.0,False,,,,22,,,5,1,False,14.0
2022,1,RUS,Mercedes,False,9.0,57.0,False,,,,23,,,6,0,False,4.0
2022,1,SAI,Ferrari,False,3.0,57.0,False,,,,24,,,2,0,False,2.0
2022,1,STR,Aston Martin,False,19.0,57.0,False,,,,26,,,1,0,False,12.0
2022,1,TSU,RB,False,16.0,57.0,False,,,,27,,,7,0,False,8.0
2022,1,VER,Red Bull Racing,True,2.0,57.0,False,,,,28,,,8,0,False,19.0
2022,1,ZHO,Kick Sauber,False,15.0,57.0,False,,,,30,,,4,0,False,10.0
2022,2,ALB,Williams,True,16.0,50.0,True,13.0,13.0,0.0,0,0.0,0.0,9,1,False,14.0
2022,2,ALO,Alpine,True,7.0,50.0,True,9.0,9.0,0.0,1,8.0,8.0,0,1,False,16.0
2022,2,BOT,Kick Sauber,True,8.0,50.0,True,6.0,6.0,0.0,5,9.0,9.0,4,1,False,15.0
2022,2,GAS,RB,False,9.0,50.0,True,20.0,20.0,1.0,9,4.0,4.0,7,1,False,8.0
2022,2,HAM,Mercedes,False,15.0,50.0,True,3.0,3.0,0.0,11,27.0,27.0,6,2,False,10.0
2022,2,HUL,Aston Martin,False,17.0,50.0,True,17.0,17.0,0.0,12,0.0,0.0,1,2,False,12.0
2022,2,LAT,Williams,True,18.0,50.0,True,16.0,16.0,0.0,13,0.0,0.0,9,1,False,18.0
2022,2,LEC,Ferrari,False,2.0,50.0,True,1.0,1.0,0.0,15,44.0,44.0,2,1,False,2.0
2022,2,MAG,Haas F1 Team,False,10.0,50.0,True,5.0,5.0,0.0,16,10.0,10.0,3,2,False,9.0
2022,2,NOR,McLaren,False,11.0,50.0,True,15.0,15.0,0.0,18,0.0,0.0,5,1,False,7.0
2022,2,OCO,Alpine,False,5.0,50.0,True,7.0,7.0,0.0,19,8.0,8.0,0,1,False,6.0
2022,2,PER,Red Bull Racing,False,1.0,50.0,True,18.0,18.0,1.0,20,0.0,0.0,8,1,False,4.0
2022,2,RIC,McLaren,True,14.0,50.0,True,14.0,14.0,0.0,22,0.0,0.0,5,1,False,17.0
2022,2,RUS,Mercedes,False,6.0,50.0,True,4.0,4.0,0.0,23,27.0,27.0,6,1,False,5.0
2022,2,SAI,Ferrari,False,3.0,50.0,True,2.0,2.0,0.0,24,44.0,44.0,2,1,False,3.0
2022,2,STR,Aston Martin,False,13.0,50.0,True,12.0,12.0,0.0,26,0.0,0.0,1,1,False,13.0
2022,2,VER,Red Bull Racing,False,4.0,50.0,True,19.0,19.0,1.0,28,0.0,0.0,8,1,False,1.0
2022,2,ZHO,Kick Sauber,False,12.0,50.0,True,10.0,10.0,0.0,30,9.0,9.0,4,1,False,11.0
2022,3,ALB,Williams,False,20.0,58.0,True,13.5,13.5,0.5,0,0.0,0.0,9,2,False,10.0
2022,3,ALO,Alpine,False,10.0,58.0,True,12.5,12.5,0.5,1,8.0,16.0,0,2,False,17.0
2022,3,BOT,Kick Sauber,False,12.0,58.0,True,10.5,10.5,0.5,5,4.5,9.0,4,1,False,8.0
2022,3,GAS,RB,False,11.0,58.0,True,14.0,14.0,0.5,9,4.0,8.0,7,1,False,9.0
2022,3,HAM,Mercedes,False,5.0,58.0,True,6.5,6.5,0.0,11,19.0,38.0,6,1,False,4.0
2022,3,LAT,Williams,False,18.0,58.0,True,17.0,17.0,0.5,13,0.0,0.0,9,1,False,16.0
2022,3,LEC,Ferrari,False,1.0,58.0,True,1.5,1.5,0.0,15,39.0,78.0,2,1,False,1.0
2022,3,MAG,Haas F1 Team,False,16.0,58.0,True,7.0,7.0,0.0,16,6.0,12.0,3,2,False,14.0
2022,3,MSC,Haas F1 Team,False,15.0,58.0,True,11.0,11.0,0.0,17,6.0,12.0,3,1,False,13.0
2022,3,NOR,McLaren,False,4.0,58.0,True,11.0,11.0,0.0,18,3.0,6.0,5,1,False,5.0
2022,3,OCO,Alpine,False,8.0,58.0,True,6.5,6.5,0.0,19,8.0,16.0,0,1,False,7.0
2022,3,PER,Red Bull Racing,False,3.0,58.0,True,11.0,11.0,0.5,20,18.5,37.0,8,1,False,2.0
2022,3,RIC,McLaren,False,7.0,58.0,True,15.5,15.5,0.5,22,3.0,6.0,5,1,False,6.0
2022,3,RUS,Mercedes,False,6.0,58.0,True,4.5,4.5,0.0,23,19.0,38.0,6,1,False,3.0
2022,3,SAI,Ferrari,True,9.0,58.0,True,2.5,2.5,0.0,24,39.0,78.0,2,2,False,20.0
2022,3,STR,Aston Martin,False,19.0,58.0,True,12.5,12.5,0.0,26,0.0,0.0,1,2,False,12.0
2022,3,TSU,RB,False,13.0,58.0,True,8.0,8.0,0.0,27,4.0,8.0,7,1,False,15.0
2022,3,VER,Red Bull Racing,True,2.0,58.0,True,10.0,10.0,0.5,28,18.5,37.0,8,1,False,18.0
2022,3,VET,Aston Martin,True,17.0,58.0,True,,,,29,0.0,0.0,1,2,False,19.0
2022,3,ZHO,Kick Sauber,False,14.0,58.0,True,10.5,10.5,0.0,30,4.5,9.0,4,1,False,11.0
2022,4,ALB,Williams,False,18.0,63.0,False,12.333333333333334,12.333333333333334,0.3333333333333333,0,0.3333333333333333,1.0,9,3,False,11.0
2022,4,ALO,Alpine,True,9.0,63.0,False,14.0,14.0,0.3333333333333333,1,7.333333333333333,22.0,0,3,False,19.0
2022,4,BOT,Kick Sauber,False,7.0,63.0,False,9.666666666666666,9.666666666666666,0.3333333333333333,5,4.333333333333333,13.0,4,3,False,5.0
2022,4,GAS,RB,False,17.0,63.0,False,12.333333333333334,12.333333333333334,0.3333333333333333,9,3.3333333333333335,10.0,7,3,False,12.0
2022,4,HAM,Mercedes,False,14.0,63.0,False,5.666666666666667,5.666666666666667,0.0,11,21.666666666666668,65.0,6,3,False,13.0
2022,4,LAT,Williams,False,19.0,63.0,False,16.666666666666668,16.666666666666668,0.3333333333333333,13,0.3333333333333333,1.0,9,3,False,16.0
2022,4,LEC,Ferrari,False,2.0,63.0,False,1.3333333333333333,1.3333333333333333,0.0,15,34.666666666666664,104.0,2,3,False,6.0
2022,4,MAG,Haas F1 Team,False,8.0,63.0,False,9.333333333333334,9.333333333333334,0.0,16,4.0,12.0,3,3,False,9.0
2022,4,MSC,Haas F1 Team,False,10.0,63.0,False,12.0,12.0,0.0,17,4.0,12.0,3,3,False,17.0
2022,4,NOR,McLaren,False,5.0,63.0,False,9.0,9.0,0.0,18,8.0,24.0,5,3,False,3.0
2022,4,OCO,Alpine,False,16.0,63.0,False,6.666666666666667,6.666666666666667,0.0,19,7.333333333333333,22.0,0,3,False,14.0
2022,4,PER,Red Bull Racing,False,3.0,63.0,False,8.0,8.0,0.3333333333333333,20,18.333333333333332,55.0,8,3,False,2.0
2022,4,RIC,McLaren,False,6.0,63.0,False,12.333333333333334,12.333333333333334,0.3333333333333333,22,8.0,24.0,5,3,False,18.0
2022,4,RUS,Mercedes,False,11.0,63.0,False,4.0,4.0,0.0,23,21.666666666666668,65.0,6,3,False,4.0
2022,4,SAI,Ferrari,True,4.0,63.0,False,8.333333333333334,8.333333333333334,0.3333333333333333,24,34.666666666666664,104.0,2,3,False,20.0
2022,4,STR,Aston Martin,False,15.0,63.0,False,12.333333333333334,12.333333333333334,0.0,26,0.0,0.0,1,3,False,10.0
2022,4,TSU,RB,False,12.0,63.0,False,11.5,11.5,0.0,27,3.3333333333333335,10.0,7,3,False,7.0
2022,4,VER,Red Bull Racing,False,1.0,63.0,False,12.666666666666666,12.666666666666666,0.6666666666666666,28,18.333333333333332,55.0,8,3,False,1.0
2022,4,VET,Aston Martin,False,13.0,63.0,False,19.0,19.0,1.0,29,0.0,0.0,1,3,False,8.0
2022,4,ZHO,Kick Sauber,False,21.0,63.0,False,10.666666666666666,10.666666666666666,0.0,30,4.333333333333333,13.0,4,3,False,15.0
2022,5,ALB,Williams,False,18.0,57.0,True,11.666666666666666,12.0,0.25,0,0.3333333333333333,1.0,9,1,False,9.0
2022,5,ALO,Alpine,False,11.0,57.0,True,17.333333333333332,15.25,0.5,1,4.666666666666667,22.0,0,1,False,11.0
2022,5,BOT,Kick Sauber,False,5.0,57.0,True,9.333333333333334,8.5,0.25,5,4.666666666666667,23.0,4,1,False,7.0
2022,5,GAS,RB,True,7.0,57.0,True,9.666666666666666,12.25,0.25,9,4.0,16.0,7,1,False,18.0
2022,5,HAM,Mercedes,False,6.0,57.0,True,9.0,7.5,0.0,11,16.666666666666668,77.0,6,1,False,6.0
2022,5,LAT,Williams,False,19.0,57.0,True,16.666666666666668,16.5,0.25,13,0.3333333333333333,1.0,9,2,False,14.0
2022,5,LEC,Ferrari,False,1.0,57.0,True,3.0,2.5,0.0,15,22.666666666666668,112.0,2,1,False,2.0
2022,5,MAG,Haas F1 Team,True,16.0,57.0,True,10.666666666666666,9.25,0.0,16,1.3333333333333333,14.0,3,1,False,16.0
2022,5,MSC,Haas F1 Team,False,15.0,57.0,True,13.666666666666666,13.666666666666666,0.0,17,1.3333333333333333,14.0,3,1,False,15.0
2022,5,NOR,McLaren,True,8.0,57.0,True,5.0,7.5,0.0,18,13.0,39.0,5,1,False,19.0
2022,5,OCO,Alpine,False,20.0,57.0,True,9.0,8.5,0.0,19,4.666666666666667,22.0,0,2,False,8.0
2022,5,PER,Red Bull Racing,False,4.0,57.0,True,2.6666666666666665,6.5,0.25,20,33.0,99.0,8,1,False,4.0
2022,5,RIC,McLaren,False,14.0,57.0,True,13.666666666666666,13.75,0.25,22,13.0,39.0,5,1,False,13.0
2022,5,RUS,Mercedes,False,12.0,57.0,True,4.0,4.0,0.0,23,16.666666666666668,77.0,6,2,False,5.0
2022,5,SAI,Ferrari,False,2.0,57.0,True,14.333333333333334,11.25,0.5,24,22.666666666666668,112.0,2,1,False,3.0
2022,5,STR,Aston Martin,False,21.0,57.0,True,11.666666666666666,11.75,0.0,26,1.6666666666666667,5.0,1,2,False,10.0
2022,5,TSU,RB,False,9.0,57.0,True,10.0,10.0,0.0,27,4.0,16.0,7,1,False,12.0
2022,5,VER,Red Bull Racing,False,3.0,57.0,True,6.666666666666667,9.75,0.5,28,33.0,99.0,8,1,False,1.0
2022,5,VET,Aston Martin,True,21.0,57.0,True,13.5,13.5,0.5,29,1.6666666666666667,5.0,1,2,False,17.0
2022,5,ZHO,Kick Sauber,True,17.0,57.0,True,12.333333333333334,11.75,0.0,30,4.666666666666667,23.0,4,1,False,20.0
2022,6,ALB,Williams,False,18.0,66.0,False,10.0,11.4,0.2,0,1.0,3.0,9,0,False,18.0
2022,6,ALO,Alpine,False,20.0,66.0,False,15.666666666666666,14.4,0.4,1,3.3333333333333335,26.0,0,0,False,9.0
2022,6,BOT,Kick Sauber,False,7.0,66.0,False,6.666666666666667,8.2,0.2,5,6.666666666666667,29.0,4,0,False,6.0
2022,6,GAS,RB,False,14.0,66.0,False,13.0,13.4,0.4,9,2.6666666666666665,16.0,7,0,False,13.0
2022,6,HAM,Mercedes,False,6.0,66.0,False,7.666666666666667,7.2,0.0,11,19.0,95.0,6,1,False,5.0
2022,6,LAT,Williams,False,19.0,66.0,False,15.333333333333334,16.0,0.2,13,1.0,3.0,9,0,False,16.0
2022,6,LEC,Ferrari,True,1.0,66.0,False,3.0,2.4,0.0,15,22.333333333333332,145.0,2,0,False,20.0
2022,6,MAG,Haas F1 Team,False,8.0,66.0,False,13.0,10.6,0.2,16,0.6666666666666666,14.0,3,0,False,17.0
2022,6,MSC,Haas F1 Team,False,10.0,66.0,False,15.0,14.0,0.0,17,0.6666666666666666,14.0,3,0,False,14.0
2022,6,NOR,McLaren,False,11.0,66.0,False,9.0,9.8,0.2,18,11.0,39.0,5,0,False,8.0
2022,6,OCO,Alpine,False,12.0,66.0,False,9.666666666666666,8.4,0.0,19,3.3333333333333335,26.0,0,0,False,7.0
2022,6,PER,Red Bull Racing,False,5.0,66.0,False,2.6666666666666665,6.0,0.2,20,33.333333333333336,137.0,8,0,False,2.0
2022,6,RIC,McLaren,False,9.0,66.0,False,12.333333333333334,13.6,0.2,22,11.0,39.0,5,0,False,12.0
2022,6,RUS,Mercedes,False,4.0,66.0,False,4.0,4.2,0.0,23,19.0,95.0,6,0,False,3.0
2022,6,SAI,Ferrari,False,3.0,66.0,False,14.333333333333334,9.6,0.4,24,22.333333333333332,145.0,2,0,False,4.0
2022,6,STR,Aston Martin,False,17.0,66.0,False,10.666666666666666,11.4,0.0,26,2.0,6.0,1,0,False,15.0
2022,6,TSU,RB,False,13.0,66.0,False,11.333333333333334,10.5,0.0,27,2.6666666666666665,16.0,7,0,False,10.0
2022,6,VER,Red Bull Racing,False,2.0,66.0,False,6.666666666666667,8.0,0.4,28,33.333333333333336,137.0,8,0,False,1.0
2022,6,VET,Aston Martin,False,16.0,66.0,False,14.666666666666666,14.666666666666666,0.6666666666666666,29,2.0,6.0,1,0,False,11.0
2022,6,ZHO,Kick Sauber,True,15.0,66.0,False,15.333333333333334,13.4,0.2,30,6.666666666666667,29.0,4,0,False,19.0
2022,7,ALB,Williams,True,16.0,64.0,True,12.666666666666666,12.4,0.16666666666666666,0,0.6666666666666666,3.0,9,4,True,18.0
2022,7,ALO,Alpine,False,7.0,64.0,True,13.0,14.4,0.3333333333333333,1,4.0,34.0,0,4,True,7.0
2022,7,BOT,Kick Sauber,False,12.0,64.0,True,6.0,8.2,0.16666666666666666,5,8.0,37.0,4,4,True,9.0
2022,7,GAS,RB,False,17.0,64.0,True,14.333333333333334,12.0,0.3333333333333333,9,2.3333333333333335,17.0,7,3,True,11.0
2022,7,HAM,Mercedes,False,8.0,64.0,True,8.0,7.6,0.0,11,18.333333333333332,120.0,6,4,True,8.0
2022,7,LAT,Williams,False,19.0,64.0,True,15.333333333333334,16.0,0.16666666666666666,13,0.6666666666666666,3.0,9,4,True,15.0
2022,7,LEC,Ferrari,False,1.0,64.0,True,9.333333333333334,6.2,0.16666666666666666,15,17.666666666666668,157.0,2,4,True,4.0
2022,7,MAG,Haas F1 Team,True,13.0,64.0,True,14.0,13.0,0.16666666666666666,16,0.6666666666666666,14.0,3,4,True,20.0
2022,7,MSC,Haas F1 Team,True,15.0,64.0,True,15.333333333333334,14.0,0.0,17,0.6666666666666666,14.0,3,4,True,19.0
2022,7,NOR,McLaren,False,5.0,64.0,True,10.0,8.4,0.16666666666666666,18,6.333333333333333,43.0,5,4,True,6.0
2022,7,OCO,Alpine,False,10.0,64.0,True,9.666666666666666,8.4,0.0,19,4.0,34.0,0,4,True,12.0
2022,7,PER,Red Bull Racing,False,3.0,64.0,True,2.6666666666666665,2.8,0.16666666666666666,20,42.0,181.0,8,4,True,1.0
2022,7,RIC,McLaren,False,14.0,64.0,True,14.333333333333334,13.2,0.16666666666666666,22,6.333333333333333,43.0,5,4,True,13.0
2022,7,RUS,Mercedes,False,6.0,64.0,True,4.0,4.0,0.0,23,18.333333333333332,120.0,6,4,True,5.0
2022,7,SAI,Ferrari,False,2.0,64.0,True,9.0,10.0,0.3333333333333333,24,17.666666666666668,157.0,2,4,True,2.0
2022,7,STR,Aston Martin,False,18.0,64.0,True,11.666666666666666,12.0,0.0,26,2.0,6.0,1,4,True,14.0
2022,7,TSU,RB,False,11.0,64.0,True,9.666666666666666,10.4,0.0,27,2.3333333333333335,17.0,7,4,True,17.0
2022,7,VER,Red Bull Racing,False,4.0,64.0,True,1.0,4.4,0.3333333333333333,28,42.0,181.0,8,4,True,3.0
2022,7,VET,Aston Martin,False,9.0,64.0,True,12.0,13.75,0.5,29,2.0,6.0,1,4,True,10.0
2022,7,ZHO,Kick Sauber,False,20.0,64.0,True,18.0,15.2,0.3333333333333333,30,8.0,37.0,4,4,True,16.0
2022,8,ALB,Williams,False,17.0,51.0,True,15.0,13.2,0.2857142857142857,0,0.6666666666666666,3.0,9,1,False,12.0
2022,8,ALO,Alpine,False,10.0,51.0,True,9.0,12.6,0.2857142857142857,1,6.0,40.0,0,1,False,7.0
2022,8,BOT,Kick Sauber,False,15.0,51.0,True,7.333333333333333,7.0,0.14285714285714285,5,5.333333333333333,39.0,4,2,False,11.0
2022,8,GAS,RB,False,6.0,51.0,True,14.0,12.6,0.2857142857142857,9,0.3333333333333333,17.0,7,1,False,5.0
2022,8,HAM,Mercedes,False,7.0,51.0,True,6.333333333333333,7.2,0.0,11,19.0,134.0,6,1,False,4.0
2022,8,LAT,Williams,False,18.0,51.0,True,15.0,15.4,0.14285714285714285,13,0.6666666666666666,3.0,9,1,False,15.0
2022,8,LEC,Ferrari,True,1.0,51.0,True,8.666666666666666,6.6,0.14285714285714285,15,25.0,187.0,2,1,False,19.0
2022,8,MAG,Haas F1 Team,True,16.0,51.0,True,17.666666666666668,15.2,0.2857142857142857,16,0.0,14.0,3,1,False,17.0
2022,8,MSC,Haas F1 Team,False,20.0,51.0,True,16.0,15.6,0.16666666666666666,17,0.0,14.0,3,2,False,14.0
2022,8,NOR,McLaren,False,11.0,51.0,True,11.0,8.2,0.14285714285714285,18,4.333333333333333,52.0,5,1,False,9.0
2022,8,OCO,Alpine,False,13.0,51.0,True,9.0,9.6,0.0,19,6.0,40.0,0,2,False,10.0
2022,8,PER,Red Bull Racing,False,2.0,51.0,True,2.3333333333333335,2.2,0.14285714285714285,20,40.666666666666664,221.0,8,1,False,2.0
2022,8,RIC,McLaren,False,12.0,51.0,True,12.666666666666666,12.4,0.14285714285714285,22,4.333333333333333,52.0,5,2,False,8.0
2022,8,RUS,Mercedes,False,5.0,51.0,True,4.333333333333333,4.0,0.0,23,19.0,134.0,6,1,False,3.0
2022,8,SAI,Ferrari,True,4.0,51.0,True,3.0,9.8,0.2857142857142857,24,25.0,187.0,2,1,False,20.0
2022,8,STR,Aston Martin,True,19.0,51.0,True,13.0,12.2,0.0,26,0.6666666666666666,7.0,1,2,False,16.0
2022,8,TSU,RB,False,8.0,51.0,True,13.0,12.2,0.0,27,0.3333333333333333,17.0,7,1,False,13.0
2022,8,VER,Red Bull Racing,False,3.0,51.0,True,1.6666666666666667,4.8,0.2857142857142857,28,40.666666666666664,221.0,8,1,False,1.0
2022,8,VET,Aston Martin,False,9.0,51.0,True,12.666666666666666,13.0,0.4,29,0.6666666666666666,7.0,1,1,False,6.0
2022,8,ZHO,Kick Sauber,True,14.0,51.0,True,18.333333333333332,16.2,0.2857142857142857,30,5.333333333333333,39.0,4,1,False,18.0
2022,9,ALB,Williams,False,12.0,70.0,False,16.0,13.6,0.25,0,0.0,3.0,9,1,False,13.0
2022,9,ALO,Alpine,False,2.0,70.0,False,7.666666666666667,10.6,0.25,1,7.0,47.0,0,1,False,9.0
2022,9,BOT,Kick Sauber,False,11.0,70.0,False,8.666666666666666,7.6,0.125,5,3.3333333333333335,39.0,4,2,False,7.0
2022,9,GAS,RB,False,15.0,70.0,False,9.666666666666666,11.8,0.25,9,3.6666666666666665,27.0,7,1,False,14.0
2022,9,HAM,Mercedes,False,4.0,70.0,False,5.666666666666667,7.2,0.0,11,22.0,161.0,6,1,False,3.0
2022,9,LAT,Williams,False,18.0,70.0,False,15.333333333333334,15.2,0.125,13,0.0,3.0,9,1,False,16.0
2022,9,LEC,Ferrari,False,19.0,70.0,False,14.333333333333334,10.2,0.25,15,14.0,187.0,2,2,False,5.0
2022,9,MAG,Haas F1 Team,False,5.0,70.0,False,18.0,15.8,0.375,16,0.0,14.0,3,1,False,17.0
2022,9,MSC,Haas F1 Team,True,6.0,70.0,False,15.666666666666666,15.8,0.14285714285714285,17,0.0,14.0,3,1,False,19.0
2022,9,NOR,McLaren,False,14.0,70.0,False,7.666666666666667,9.0,0.125,18,6.333333333333333,58.0,5,2,False,15.0
2022,9,OCO,Alpine,False,7.0,70.0,False,9.666666666666666,10.2,0.0,19,7.0,47.0,0,1,False,6.0
2022,9,PER,Red Bull Racing,True,13.0,70.0,False,1.6666666666666667,2.2,0.125,20,42.666666666666664,265.0,8,2,False,20.0
2022,9,RIC,McLaren,False,9.0,70.0,False,11.0,12.8,0.125,22,6.333333333333333,58.0,5,1,False,11.0
2022,9,RUS,Mercedes,False,8.0,70.0,False,3.6666666666666665,4.0,0.0,23,22.0,161.0,6,1,False,4.0
2022,9,SAI,Ferrari,False,3.0,70.0,False,8.666666666666666,9.8,0.375,24,14.0,187.0,2,1,False,2.0
2022,9,STR,Aston Martin,False,17.0,70.0,False,15.0,13.0,0.125,26,3.0,15.0,1,2,False,10.0
2022,9,TSU,RB,True,20.0,70.0,False,13.333333333333334,11.8,0.0,27,3.6666666666666665,27.0,7,1,False,18.0
2022,9,VER,Red Bull Racing,False,1.0,70.0,False,1.6666666666666667,1.4,0.25,28,42.666666666666664,265.0,8,1,False,1.0
2022,9,VET,Aston Martin,False,16.0,70.0,False,9.0,10.4,0.3333333333333333,29,3.0,15.0,1,1,False,12.0
2022,9,ZHO,Kick Sauber,False,10.0,70.0,False,17.666666666666668,17.6,0.375,30,3.3333333333333335,39.0,4,1,False,8.0
2022,10,ALB,Williams,True,16.0,52.0,False,14.333333333333334,14.0,0.2222222222222222,0,0.0,3.0,9,0,False,20.0
2022,10,ALO,Alpine,False,7.0,52.0,False,7.666666666666667,8.6,0.2222222222222222,1,7.666666666666667,57.0,0,1,False,5.0
2022,10,BOT,Kick Sauber,True,12.0,52.0,False,9.0,8.0,0.1111111111111111,5,4.0,49.0,4,1,False,17.0
2022,10,GAS,RB,True,11.0,52.0,False,10.0,12.2,0.2222222222222222,9,3.3333333333333335,27.0,7,1,False,16.0
2022,10,HAM,Mercedes,False,5.0,52.0,False,5.0,5.2,0.0,11,22.666666666666668,188.0,6,1,False,3.0
2022,10,LAT,Williams,False,10.0,52.0,False,15.333333333333334,15.2,0.1111111111111111,13,0.0,3.0,9,0,False,12.0
2022,10,LEC,Ferrari,False,3.0,52.0,False,9.333333333333334,10.0,0.2222222222222222,15,19.666666666666668,216.0,2,1,False,4.0
2022,10,MAG,Haas F1 Team,False,17.0,52.0,False,18.0,17.4,0.3333333333333333,16,0.0,14.0,3,0,False,10.0
2022,10,MSC,Haas F1 Team,False,19.0,52.0,False,17.333333333333332,16.2,0.25,17,0.0,14.0,3,1,False,8.0
2022,10,NOR,McLaren,False,6.0,52.0,False,10.0,11.4,0.1111111111111111,18,5.0,58.0,5,1,False,6.0
2022,10,OCO,Alpine,True,15.0,52.0,False,9.333333333333334,8.6,0.0,19,7.666666666666667,57.0,0,1,False,15.0
2022,10,PER,Red Bull Racing,False,4.0,52.0,False,7.666666666666667,5.8,0.2222222222222222,20,36.333333333333336,290.0,8,1,False,2.0
2022,10,RIC,McLaren,False,14.0,52.0,False,10.666666666666666,11.4,0.1111111111111111,22,5.0,58.0,5,1,False,13.0
2022,10,RUS,Mercedes,True,8.0,52.0,False,4.0,4.0,0.0,23,22.666666666666668,188.0,6,2,False,18.0
2022,10,SAI,Ferrari,False,1.0,52.0,False,8.0,6.2,0.3333333333333333,24,19.666666666666668,216.0,2,1,False,1.0
2022,10,STR,Aston Martin,False,20.0,52.0,False,13.333333333333334,13.0,0.1111111111111111,26,3.3333333333333335,16.0,1,1,False,11.0
2022,10,TSU,RB,False,13.0,52.0,False,16.0,14.0,0.125,27,3.3333333333333335,27.0,7,1,False,14.0
2022,10,VER,Red Bull Racing,False,2.0,52.0,False,1.6666666666666667,1.4,0.2222222222222222,28,36.333333333333336,290.0,8,0,False,7.0
2022,10,VET,Aston Martin,False,18.0,52.0,False,9.333333333333334,11.2,0.2857142857142857,29,3.3333333333333335,16.0,1,0,False,9.0
2022,10,ZHO,Kick Sauber,True,9.0,52.0,False,14.0,16.2,0.3333333333333333,30,4.0,49.0,4,1,False,19.0
2022,11,ALB,Williams,False,15.0,71.0,False,15.0,16.2,0.3,0,0.0,3.0,9,1,False,12.0
2022,11,ALO,Alpine,False,19.0,71.0,False,7.0,7.4,0.2,1,9.0,67.0,0,2,False,10.0
2022,11,BOT,Kick Sauber,False,21.0,71.0,False,11.666666666666666,10.0,0.2,5,3.3333333333333335,49.0,4,1,False,11.0
2022,11,GAS,RB,False,14.0,71.0,False,11.666666666666666,11.8,0.3,9,3.3333333333333335,27.0,7,1,False,15.0
2022,11,HAM,Mercedes,False,8.0,71.0,False,3.3333333333333335,4.6,0.0,11,23.333333333333332,204.0,6,1,False,3.0
2022,11,LAT,Williams,True,17.0,71.0,False,14.333333333333334,14.8,0.1,13,0.0,3.0,9,1,False,19.0
2022,11,LEC,Ferrari,False,2.0,71.0,False,9.333333333333334,10.4,0.2,15,22.0,253.0,2,1,False,1.0
2022,11,MAG,Haas F1 Team,False,7.0,71.0,False,14.666666666666666,16.2,0.3,16,1.6666666666666667,19.0,3,1,False,8.0
2022,11,MSC,Haas F1 Team,False,9.0,71.0,False,13.666666666666666,14.8,0.2222222222222222,17,1.6666666666666667,19.0,3,1,False,6.0
2022,11,NOR,McLaren,False,10.0,71.0,False,10.0,8.8,0.1,18,4.666666666666667,66.0,5,1,False,7.0
2022,11,OCO,Alpine,False,6.0,71.0,False,10.333333333333334,10.0,0.1,19,9.0,67.0,0,1,False,5.0
2022,11,PER,Red Bull Racing,True,5.0,71.0,False,8.0,5.4,0.2,20,31.0,314.0,8,1,False,20.0
2022,11,RIC,McLaren,False,11.0,71.0,False,10.666666666666666,11.4,0.1,22,4.666666666666667,66.0,5,1,False,9.0
2022,11,RUS,Mercedes,False,4.0,71.0,False,8.333333333333334,6.6,0.1,23,23.333333333333332,204.0,6,1,False,4.0
2022,11,SAI,Ferrari,True,3.0,71.0,False,7.666666666666667,5.8,0.3,24,22.0,253.0,2,1,False,18.0
2022,11,STR,Aston Martin,False,12.0,71.0,False,12.333333333333334,13.2,0.1,26,3.6666666666666665,18.0,1,1,False,13.0
2022,11,TSU,RB,False,16.0,71.0,False,15.0,14.4,0.1111111111111111,27,3.3333333333333335,27.0,7,2,False,16.0
2022,11,VER,Red Bull Racing,False,1.0,71.0,False,3.0,2.6,0.2,28,31.0,314.0,8,1,False,2.0
2022,11,VET,Aston Martin,False,18.0,71.0,False,9.0,9.6,0.25,29,3.6666666666666665,18.0,1,2,False,17.0
2022,11,ZHO,Kick Sauber,False,13.0,71.0,False,15.0,16.0,0.4,30,3.3333333333333335,49.0,4,2,False,14.0
2022,12,ALB,Williams,False,13.0,53.0,False,15.0,15.0,0.2727272727272727,0,0.0,3.0,9,1,False,13.0
2022,12,ALO,Alpine,False,7.0,53.0,False,8.0,7.6,0.18181818181818182,1,10.333333333333334,78.0,0,1,False,6.0
2022,12,BOT,Kick Sauber,False,11.0,53.0,False,11.666666666666666,11.0,0.18181818181818182,5,3.3333333333333335,49.0,4,2,False,14.0
2022,12,GAS,RB,False,14.0,53.0,False,15.0,12.2,0.2727272727272727,9,0.0,27.0,7,2,False,12.0
2022,12,HAM,Mercedes,False,4.0,53.0,False,3.0,4.2,0.0,11,23.333333333333332,231.0,6,1,False,2.0
2022,12,LAT,Williams,True,18.0,53.0,False,15.666666666666666,15.4,0.18181818181818182,13,0.0,3.0,9,1,False,17.0
2022,12,LEC,Ferrari,True,1.0,53.0,False,3.3333333333333335,6.6,0.18181818181818182,15,30.333333333333332,278.0,2,1,False,19.0
2022,12,MAG,Haas F1 Team,True,20.0,53.0,False,11.666666666666666,14.4,0.2727272727272727,16,5.666666666666667,31.0,3,1,False,18.0
2022,12,MSC,Haas F1 Team,False,17.0,53.0,False,11.0,13.2,0.2,17,5.666666666666667,31.0,3,1,False,15.0
2022,12,NOR,McLaren,False,5.0,53.0,False,9.333333333333334,8.6,0.09090909090909091,18,5.333333333333333,74.0,5,1,False,7.0
2022,12,OCO,Alpine,False,10.0,53.0,False,8.666666666666666,9.6,0.09090909090909091,19,10.333333333333334,78.0,0,1,False,8.0
2022,12,PER,Red Bull Racing,False,3.0,53.0,False,14.0,9.0,0.2727272727272727,20,22.666666666666668,333.0,8,1,False,4.0
2022,12,RIC,McLaren,False,9.0,53.0,False,11.0,10.8,0.09090909090909091,22,5.333333333333333,74.0,5,1,False,9.0
2022,12,RUS,Mercedes,False,6.0,53.0,False,8.666666666666666,6.8,0.09090909090909091,23,23.333333333333332,231.0,6,1,False,3.0
2022,12,SAI,Ferrari,False,19.0,53.0,False,7.0,8.6,0.36363636363636365,24,30.333333333333332,278.0,2,2,False,5.0
2022,12,STR,Aston Martin,False,15.0,53.0,False,11.333333333333334,12.8,0.09090909090909091,26,1.0,18.0,1,1,False,10.0
2022,12,TSU,RB,True,8.0,53.0,False,16.0,15.6,0.1,27,0.0,27.0,7,1,False,20.0
2022,12,VER,Red Bull Racing,False,2.0,53.0,False,3.3333333333333335,2.8,0.18181818181818182,28,22.666666666666668,333.0,8,1,False,1.0
2022,12,VET,Aston Martin,False,12.0,53.0,False,12.666666666666666,10.8,0.2222222222222222,29,1.0,18.0,1,1,False,11.0
2022,12,ZHO,Kick Sauber,False,16.0,53.0,False,13.666666666666666,15.0,0.36363636363636365,30,3.3333333333333335,49.0,4,1,False,16.0
2022,13,ALB,Williams,False,17.0,70.0,False,15.0,14.0,0.25,0,0.0,3.0,9,0,True,17.0
2022,13,ALO,Alpine,False,6.0,70.0,False,7.0,7.4,0.16666666666666666,1,11.0,90.0,0,1,True,8.0
2022,13,BOT,Kick Sauber,True,8.0,70.0,False,14.0,12.0,0.16666666666666666,5,0.0,49.0,4,1,True,20.0
2022,13,GAS,RB,False,21.0,70.0,False,14.333333333333334,12.4,0.25,9,0.0,27.0,7,0,True,12.0
2022,13,HAM,Mercedes,False,7.0,70.0,False,2.6666666666666665,3.0,0.0,11,25.333333333333332,264.0,6,1,True,2.0
2022,13,LAT,Williams,False,19.0,70.0,False,16.0,15.8,0.25,13,0.0,3.0,9,1,True,18.0
2022,13,LEC,Ferrari,False,3.0,70.0,False,8.0,9.6,0.25,15,24.333333333333332,289.0,2,1,True,6.0
2022,13,MAG,Haas F1 Team,False,13.0,70.0,False,12.0,14.0,0.3333333333333333,16,5.666666666666667,31.0,3,1,True,16.0
2022,13,MSC,Haas F1 Team,False,15.0,70.0,False,9.666666666666666,12.4,0.18181818181818182,17,5.666666666666667,31.0,3,1,True,14.0
2022,13,NOR,McLaren,False,4.0,70.0,False,6.666666666666667,8.8,0.08333333333333333,18,8.0,82.0,5,0,True,7.0
2022,13,OCO,Alpine,False,5.0,70.0,False,9.333333333333334,8.8,0.08333333333333333,19,11.0,90.0,0,1,True,9.0
2022,13,PER,Red Bull Racing,False,11.0,70.0,False,8.666666666666666,9.6,0.25,20,26.666666666666668,370.0,8,0,True,5.0
2022,13,RIC,McLaren,False,9.0,70.0,False,10.333333333333334,10.0,0.08333333333333333,22,8.0,82.0,5,0,True,15.0
2022,13,RUS,Mercedes,False,1.0,70.0,False,8.333333333333334,6.4,0.08333333333333333,23,25.333333333333332,264.0,6,0,True,3.0
2022,13,SAI,Ferrari,False,2.0,70.0,False,8.0,9.2,0.3333333333333333,24,24.333333333333332,289.0,2,1,True,4.0
2022,13,STR,Aston Martin,False,14.0,70.0,False,11.333333333333334,12.0,0.08333333333333333,26,1.0,19.0,1,0,True,11.0
2022,13,TSU,RB,False,16.0,70.0,False,16.666666666666668,16.2,0.18181818181818182,27,0.0,27.0,7,0,True,19.0
2022,13,VER,Red Bull Racing,False,10.0,70.0,False,3.3333333333333335,2.4,0.16666666666666666,28,26.666666666666668,370.0,8,0,True,1.0
2022,13,VET,Aston Martin,False,18.0,70.0,False,12.333333333333334,11.0,0.2,29,1.0,19.0,1,0,True,10.0
2022,13,ZHO,Kick Sauber,False,12.0,70.0,False,16.333333333333332,15.0,0.3333333333333333,30,0.0,49.0,4,1,True,13.0
2022,14,ALB,Williams,False,6.0,44.0,False,14.0,15.0,0.23076923076923078,0,0.0,3.0,9,1,False,10.0
2022,14,ALO,Alpine,False,3.0,44.0,False,8.0,7.6,0.15384615384615385,1,9.666666666666666,96.0,0,1,False,5.0
2022,14,BOT,Kick Sauber,True,13.0,44.0,False,15.0,13.8,0.23076923076923078,5,0.0,49.0,4,0,False,19.0
2022,14,GAS,RB,False,21.0,44.0,False,13.0,13.8,0.23076923076923078,9,0.0,27.0,7,1,False,9.0
2022,14,HAM,Mercedes,True,4.0,44.0,False,2.3333333333333335,2.6,0.0,11,31.333333333333332,298.0,6,1,False,20.0
2022,14,LAT,Williams,False,11.0,44.0,False,18.0,16.4,0.23076923076923078,13,0.0,3.0,9,1,False,18.0
2022,14,LEC,Ferrari,False,15.0,44.0,False,8.666666666666666,7.0,0.23076923076923078,15,18.666666666666668,309.0,2,0,False,6.0
2022,14,MAG,Haas F1 Team,False,12.0,44.0,False,14.0,13.8,0.3076923076923077,16,4.0,31.0,3,1,False,16.0
2022,14,MSC,Haas F1 Team,False,19.0,44.0,False,11.666666666666666,12.4,0.16666666666666666,17,4.0,31.0,3,1,False,17.0
2022,14,NOR,McLaren,False,17.0,44.0,False,7.0,8.4,0.07692307692307693,18,7.333333333333333,88.0,5,1,False,12.0
2022,14,OCO,Alpine,False,16.0,44.0,False,7.333333333333333,8.6,0.07692307692307693,19,9.666666666666666,96.0,0,1,False,7.0
2022,14,PER,Red Bull Racing,False,2.0,44.0,False,9.666666666666666,10.2,0.23076923076923078,20,30.333333333333332,405.0,8,1,False,2.0
2022,14,RIC,McLaren,False,7.0,44.0,False,11.0,11.4,0.07692307692307693,22,7.333333333333333,88.0,5,1,False,15.0
2022,14,RUS,Mercedes,False,5.0,44.0,False,3.3333333333333335,6.4,0.07692307692307693,23,31.333333333333332,298.0,6,1,False,4.0
2022,14,SAI,Ferrari,False,1.0,44.0,False,9.0,6.0,0.3076923076923077,24,18.666666666666668,309.0,2,0,False,3.0
2022,14,STR,Aston Martin,False,9.0,44.0,False,11.333333333333334,11.0,0.07692307692307693,26,0.6666666666666666,20.0,1,1,False,11.0
2022,14,TSU,RB,False,21.0,44.0,False,18.333333333333332,17.4,0.16666666666666666,27,0.0,27.0,7,2,False,13.0
2022,14,VER,Red Bull Racing,False,14.0,44.0,False,1.3333333333333333,2.4,0.15384615384615385,28,30.333333333333332,405.0,8,0,False,1.0
2022,14,VET,Aston Martin,False,10.0,44.0,False,12.666666666666666,11.8,0.18181818181818182,29,0.6666666666666666,20.0,1,1,False,8.0
2022,14,ZHO,Kick Sauber,False,18.0,44.0,False,14.333333333333334,14.0,0.3076923076923077,30,0.0,49.0,4,1,False,14.0
2022,15,ALB,Williams,False,15.0,72.0,False,13.333333333333334,14.4,0.21428571428571427,0,0.3333333333333333,4.0,9,1,False,12.0
2022,15,ALO,Alpine,False,13.0,72.0,False,6.333333333333333,6.8,0.14285714285714285,1,11.333333333333334,112.0,0,0,False,6.0
2022,15,BOT,Kick Sauber,True,16.0,72.0,False,17.666666666666668,16.2,0.2857142857142857,5,0.0,49.0,4,0,False,19.0
2022,15,GAS,RB,False,11.0,72.0,False,11.0,12.8,0.21428571428571427,9,0.6666666666666666,29.0,7,0,False,11.0
2022,15,HAM,Mercedes,False,4.0,72.0,False,8.0,6.0,0.07142857142857142,11,26.333333333333332,310.0,6,1,False,4.0
2022,15,LAT,Williams,False,20.0,72.0,False,17.666666666666668,16.8,0.21428571428571427,13,0.3333333333333333,4.0,9,0,False,18.0
2022,15,LEC,Ferrari,False,2.0,72.0,False,10.333333333333334,7.2,0.21428571428571427,15,18.0,332.0,2,0,False,3.0
2022,15,MAG,Haas F1 Team,False,18.0,72.0,False,16.666666666666668,13.6,0.2857142857142857,16,0.0,31.0,3,1,False,15.0
2022,15,MSC,Haas F1 Team,False,8.0,72.0,False,15.333333333333334,12.0,0.15384615384615385,17,0.0,31.0,3,1,False,13.0
2022,15,NOR,McLaren,False,7.0,72.0,False,8.666666666666666,7.8,0.07142857142857142,18,4.666666666666667,88.0,5,1,False,7.0
2022,15,OCO,Alpine,False,12.0,72.0,False,8.0,8.8,0.07142857142857142,19,11.333333333333334,112.0,0,0,False,9.0
2022,15,PER,Red Bull Racing,False,5.0,72.0,False,3.6666666666666665,6.6,0.21428571428571427,20,38.666666666666664,449.0,8,0,False,5.0
2022,15,RIC,McLaren,False,17.0,72.0,False,13.0,12.2,0.07142857142857142,22,4.666666666666667,88.0,5,0,False,17.0
2022,15,RUS,Mercedes,False,6.0,72.0,False,3.3333333333333335,6.4,0.07142857142857142,23,26.333333333333332,310.0,6,1,False,2.0
2022,15,SAI,Ferrari,False,3.0,72.0,False,4.0,6.2,0.2857142857142857,24,18.0,332.0,2,0,False,8.0
2022,15,STR,Aston Martin,False,10.0,72.0,False,10.666666666666666,11.2,0.07142857142857142,26,2.0,24.0,1,0,False,10.0
2022,15,TSU,RB,True,9.0,72.0,False,17.333333333333332,16.4,0.15384615384615385,27,0.6666666666666666,29.0,7,0,False,20.0
2022,15,VER,Red Bull Racing,False,1.0,72.0,False,1.0,2.4,0.14285714285714285,28,38.666666666666664,449.0,8,0,False,1.0
2022,15,VET,Aston Martin,False,19.0,72.0,False,9.666666666666666,11.0,0.16666666666666666,29,2.0,24.0,1,0,False,14.0
2022,15,ZHO,Kick Sauber,False,14.0,72.0,False,14.333333333333334,15.2,0.2857142857142857,30,0.0,49.0,4,0,False,16.0
2022,16,ALO,Alpine,True,6.0,53.0,False,6.333333333333333,7.0,0.13333333333333333,1,10.666666666666666,122.0,0,1,False,19.0
2022,16,BOT,Kick Sauber,False,15.0,53.0,False,19.333333333333332,16.6,0.3333333333333333,5,0.0,49.0,4,1,False,13.0
2022,16,DEV,Williams,False,8.0,53.0,False,,,,7,0.3333333333333333,4.0,9,0,False,9.0
2022,16,GAS,RB,False,5.0,53.0,False,10.666666666666666,11.8,0.2,9,0.6666666666666666,29.0,7,1,False,8.0
2022,16,HAM,Mercedes,False,19.0,53.0,False,8.666666666666666,6.2,0.06666666666666667,11,25.333333333333332,340.0,6,1,False,5.0
2022,16,LAT,Williams,False,10.0,53.0,False,18.0,18.0,0.2,13,0.3333333333333333,4.0,9,1,False,15.0
2022,16,LEC,Ferrari,False,1.0,53.0,False,5.0,7.0,0.2,15,20.666666666666668,351.0,2,0,False,2.0
2022,16,MAG,Haas F1 Team,False,16.0,53.0,False,15.666666666666666,14.6,0.26666666666666666,16,0.0,31.0,3,1,False,16.0
2022,16,MSC,Haas F1 Team,False,17.0,53.0,False,14.666666666666666,13.0,0.14285714285714285,17,0.0,31.0,3,1,False,12.0
2022,16,NOR,McLaren,False,3.0,53.0,False,8.666666666666666,8.0,0.06666666666666667,18,4.0,94.0,5,1,False,7.0
2022,16,OCO,Alpine,False,14.0,53.0,False,8.333333333333334,7.6,0.06666666666666667,19,10.666666666666666,122.0,0,0,False,11.0
2022,16,PER,Red Bull Racing,False,13.0,53.0,False,4.0,7.2,0.2,20,38.333333333333336,485.0,8,1,False,6.0
2022,16,RIC,McLaren,True,4.0,53.0,False,15.666666666666666,13.0,0.06666666666666667,22,4.0,94.0,5,1,False,17.0
2022,16,RUS,Mercedes,False,2.0,53.0,False,3.0,3.2,0.06666666666666667,23,25.333333333333332,340.0,6,0,False,3.0
2022,16,SAI,Ferrari,False,18.0,53.0,False,5.0,7.6,0.26666666666666666,24,20.666666666666668,351.0,2,1,False,4.0
2022,16,STR,Aston Martin,True,12.0,53.0,False,10.666666666666666,11.0,0.06666666666666667,26,2.0,25.0,1,1,False,18.0
2022,16,TSU,RB,False,20.0,53.0,False,17.333333333333332,17.6,0.21428571428571427,27,0.6666666666666666,29.0,7,1,False,14.0
2022,16,VER,Red Bull Racing,False,7.0,53.0,False,1.0,1.2,0.13333333333333333,28,38.333333333333336,485.0,8,0,False,1.0
2022,16,VET,Aston Martin,True,11.0,53.0,False,10.666666666666666,12.0,0.15384615384615385,29,2.0,25.0,1,1,False,20.0
2022,16,ZHO,Kick Sauber,False,9.0,53.0,False,14.333333333333334,14.6,0.26666666666666666,30,0.0,49.0,4,1,False,10.0
2022,17,ALB,Williams,True,18.0,59.0,True,13.0,12.8,0.2,0,1.0,6.0,9,3,False,17.0
2022,17,ALO,Alpine,True,5.0,59.0,True,10.0,8.8,0.1875,1,8.666666666666666,122.0,0,3,False,18.0
2022,17,BOT,Kick Sauber,False,15.0,59.0,True,17.0,17.0,0.3125,5,0.3333333333333333,50.0,4,3,False,11.0
2022,17,GAS,RB,False,7.0,59.0,True,9.333333333333334,10.4,0.1875,9,2.0,33.0,7,3,False,10.0
2022,17,HAM,Mercedes,False,3.0,59.0,True,9.666666666666666,6.6,0.0625,11,22.333333333333332,365.0,6,3,False,9.0
2022,17,LAT,Williams,True,19.0,59.0,True,17.0,17.2,0.1875,13,1.0,6.0,9,3,False,19.0
2022,17,LEC,Ferrari,False,1.0,59.0,True,3.6666666666666665,7.2,0.1875,15,24.0,381.0,2,3,False,2.0
2022,17,MAG,Haas F1 Team,False,9.0,59.0,True,15.666666666666666,16.2,0.25,16,0.0,31.0,3,3,False,12.0
2022,17,MSC,Haas F1 Team,False,12.0,59.0,True,14.0,14.2,0.13333333333333333,17,0.0,31.0,3,3,False,13.0
2022,17,NOR,McLaren,False,6.0,59.0,True,8.666666666666666,8.0,0.0625,18,4.0,100.0,5,3,False,4.0
2022,17,OCO,Alpine,True,17.0,59.0,True,9.0,8.8,0.0625,19,8.666666666666666,122.0,0,3,False,16.0
2022,17,PER,Red Bull Racing,False,2.0,59.0,True,4.333333333333333,4.4,0.1875,20,38.0,519.0,8,3,False,1.0
2022,17,RIC,McLaren,False,16.0,59.0,True,16.333333333333332,14.6,0.125,22,4.0,100.0,5,3,False,5.0
2022,17,RUS,Mercedes,False,21.0,59.0,True,3.0,3.0,0.0625,23,22.333333333333332,365.0,6,3,False,14.0
2022,17,SAI,Ferrari,False,4.0,59.0,True,5.0,4.8,0.25,24,24.0,381.0,2,3,False,3.0
2022,17,STR,Aston Martin,False,11.0,59.0,True,13.0,12.0,0.125,26,1.6666666666666667,25.0,1,3,False,6.0
2022,17,TSU,RB,True,10.0,59.0,True,15.666666666666666,17.2,0.2,27,2.0,33.0,7,3,False,15.0
2022,17,VER,Red Bull Racing,False,8.0,59.0,True,1.0,1.0,0.125,28,38.0,519.0,8,3,False,7.0
2022,17,VET,Aston Martin,False,13.0,59.0,True,14.0,12.6,0.21428571428571427,29,1.6666666666666667,25.0,1,3,False,8.0
2022,17,ZHO,Kick Sauber,True,14.0,59.0,True,13.333333333333334,13.8,0.25,30,0.3333333333333333,50.0,4,3,False,20.0
2022,18,ALB,Williams,True,16.0,29.0,False,13.0,13.8,0.25,0,0.6666666666666666,6.0,9,3,True,20.0
2022,18,ALO,Alpine,False,7.0,29.0,False,14.333333333333334,11.2,0.23529411764705882,1,3.3333333333333335,122.0,0,3,True,7.0
2022,18,BOT,Kick Sauber,False,12.0,29.0,False,14.333333333333334,16.4,0.29411764705882354,5,0.3333333333333333,50.0,4,3,True,15.0
2022,18,GAS,RB,False,17.0,29.0,False,9.666666666666666,10.0,0.17647058823529413,9,1.6666666666666667,34.0,7,3,True,18.0
2022,18,HAM,Mercedes,False,6.0,29.0,False,6.0,8.0,0.058823529411764705,11,19.0,367.0,6,3,True,5.0
2022,18,LAT,Williams,False,20.0,29.0,False,17.333333333333332,17.6,0.23529411764705882,13,0.6666666666666666,6.0,9,3,True,9.0
2022,18,LEC,Ferrari,False,2.0,29.0,False,2.3333333333333335,3.8,0.17647058823529413,15,27.333333333333332,414.0,2,3,True,3.0
2022,18,MAG,Haas F1 Team,False,18.0,29.0,False,14.333333333333334,15.0,0.23529411764705882,16,0.0,31.0,3,3,True,14.0
2022,18,MSC,Haas F1 Team,False,15.0,29.0,False,12.666666666666666,13.8,0.125,17,0.0,31.0,3,3,True,17.0
2022,18,NOR,McLaren,False,10.0,29.0,False,6.0,7.4,0.058823529411764705,18,11.333333333333334,122.0,5,3,True,10.0
2022,18,OCO,Alpine,False,5.0,29.0,False,12.0,10.4,0.11764705882352941,19,3.3333333333333335,122.0,0,3,True,4.0
2022,18,PER,Red Bull Racing,False,4.0,29.0,False,4.0,3.8,0.17647058823529413,20,33.666666666666664,550.0,8,3,True,2.0
2022,18,RIC,McLaren,False,11.0,29.0,False,13.0,13.8,0.11764705882352941,22,11.333333333333334,122.0,5,3,True,11.0
2022,18,RUS,Mercedes,False,8.0,29.0,False,6.333333333333333,5.2,0.058823529411764705,23,19.0,367.0,6,3,True,8.0
2022,18,SAI,Ferrari,True,3.0,29.0,False,5.0,4.4,0.23529411764705882,24,27.333333333333332,414.0,2,3,True,19.0
2022,18,STR,Aston Martin,False,19.0,29.0,False,11.333333333333334,11.2,0.11764705882352941,26,4.333333333333333,37.0,1,3,True,12.0
2022,18,TSU,RB,False,13.0,29.0,False,16.333333333333332,16.2,0.25,27,1.6666666666666667,34.0,7,3,True,13.0
2022,18,VER,Red Bull Racing,False,1.0,29.0,False,3.0,2.2,0.11764705882352941,28,33.666666666666664,550.0,8,3,True,1.0
2022,18,VET,Aston Martin,False,9.0,29.0,False,14.0,12.0,0.2,29,4.333333333333333,37.0,1,3,True,6.0
2022,18,ZHO,Kick Sauber,False,14.0,29.0,False,15.333333333333334,14.6,0.29411764705882354,30,0.3333333333333333,50.0,4,3,True,16.0
2022,19,ALB,Williams,False,8.0,56.0,False,16.333333333333332,15.2,0.29411764705882354,0,1.3333333333333333,8.0,9,1,False,13.0
2022,19,ALO,Alpine,False,14.0,56.0,False,14.666666666666666,11.0,0.2222222222222222,1,6.0,140.0,0,2,False,7.0
2022,19,BOT,Kick Sauber,True,7.0,56.0,False,13.0,15.4,0.2777777777777778,5,0.3333333333333333,50.0,4,1,False,19.0
2022,19,GAS,RB,False,11.0,56.0,False,12.0,11.2,0.16666666666666666,9,1.6666666666666667,34.0,7,1,False,14.0
2022,19,HAM,Mercedes,False,3.0,56.0,False,6.333333333333333,8.6,0.05555555555555555,11,13.666666666666666,381.0,6,1,False,2.0
2022,19,LAT,Williams,False,17.0,56.0,False,14.333333333333334,15.8,0.2222222222222222,13,1.3333333333333333,8.0,9,1,False,17.0
2022,19,LEC,Ferrari,False,12.0,56.0,False,2.3333333333333335,3.2,0.16666666666666666,15,26.0,429.0,2,1,False,3.0
2022,19,MAG,Haas F1 Team,False,13.0,56.0,False,14.0,14.6,0.2222222222222222,16,0.0,31.0,3,2,False,9.0
2022,19,MSC,Haas F1 Team,False,16.0,56.0,False,14.0,14.4,0.11764705882352941,17,0.0,31.0,3,2,False,15.0
2022,19,NOR,McLaren,False,6.0,56.0,False,7.0,8.0,0.05555555555555555,18,9.666666666666666,123.0,5,1,False,6.0
2022,19,OCO,Alpine,False,21.0,56.0,False,10.333333333333334,9.4,0.1111111111111111,19,6.0,140.0,0,2,False,11.0
2022,19,PER,Red Bull Racing,False,9.0,56.0,False,3.0,3.2,0.16666666666666666,20,36.0,593.0,8,1,False,4.0
2022,19,RIC,McLaren,False,15.0,56.0,False,11.0,13.0,0.1111111111111111,22,9.666666666666666,123.0,5,1,False,16.0
2022,19,RUS,Mercedes,False,4.0,56.0,False,8.333333333333334,6.2,0.05555555555555555,23,13.666666666666666,381.0,6,1,False,5.0
2022,19,SAI,Ferrari,True,1.0,56.0,False,8.666666666666666,7.4,0.2777777777777778,24,26.0,429.0,2,1,False,20.0
2022,19,STR,Aston Martin,True,5.0,56.0,False,12.0,11.4,0.1111111111111111,26,6.666666666666667,45.0,1,1,False,18.0
2022,19,TSU,RB,False,19.0,56.0,False,14.0,15.0,0.23529411764705882,27,1.6666666666666667,34.0,7,1,False,10.0
2022,19,VER,Red Bull Racing,False,2.0,56.0,False,3.0,2.2,0.1111111111111111,28,36.0,593.0,8,1,False,1.0
2022,19,VET,Aston Martin,False,10.0,56.0,False,11.333333333333334,11.2,0.1875,29,6.666666666666667,45.0,1,1,False,8.0
2022,19,ZHO,Kick Sauber,False,18.0,56.0,False,15.333333333333334,15.2,0.2777777777777778,30,0.3333333333333333,50.0,4,1,False,12.0
2022,20,ALB,Williams,False,17.0,71.0,False,16.666666666666668,14.4,0.2777777777777778,0,0.6666666666666666,8.0,9,1,False,12.0
2022,20,ALO,Alpine,True,9.0,71.0,False,10.666666666666666,11.4,0.21052631578947367,1,8.0,146.0,0,1,False,19.0
2022,20,BOT,Kick Sauber,False,6.0,71.0,False,15.0,15.4,0.3157894736842105,5,0.0,50.0,4,1,False,10.0
2022,20,GAS,RB,False,14.0,71.0,False,14.0,12.2,0.15789473684210525,9,0.6666666666666666,35.0,7,1,False,11.0
2022,20,HAM,Mercedes,False,3.0,71.0,False,5.333333333333333,5.0,0.05263157894736842,11,15.0,410.0,6,1,False,2.0
2022,20,LAT,Williams,False,18.0,71.0,False,15.0,15.6,0.21052631578947367,13,0.6666666666666666,8.0,9,0,False,18.0
2022,20,LEC,Ferrari,False,7.0,71.0,False,2.6666666666666665,2.6,0.15789473684210525,15,21.0,444.0,2,0,False,6.0
2022,20,MAG,Haas F1 Team,False,19.0,71.0,False,11.666666666666666,13.2,0.21052631578947367,16,0.6666666666666666,33.0,3,1,False,17.0
2022,20,MSC,Haas F1 Team,False,15.0,71.0,False,15.0,14.0,0.1111111111111111,17,0.6666666666666666,33.0,3,0,False,16.0
2022,20,NOR,McLaren,False,8.0,71.0,False,6.666666666666667,6.8,0.05263157894736842,18,10.333333333333334,131.0,5,1,False,9.0
2022,20,OCO,Alpine,False,10.0,71.0,False,10.333333333333334,10.2,0.10526315789473684,19,8.0,146.0,0,1,False,8.0
2022,20,PER,Red Bull Racing,False,4.0,71.0,False,2.3333333333333335,3.6,0.15789473684210525,20,37.0,630.0,8,0,False,3.0
2022,20,RIC,McLaren,False,11.0,71.0,False,10.666666666666666,13.2,0.10526315789473684,22,10.333333333333334,131.0,5,1,False,7.0
2022,20,RUS,Mercedes,False,2.0,71.0,False,9.0,6.4,0.05263157894736842,23,15.0,410.0,6,1,False,4.0
2022,20,SAI,Ferrari,False,5.0,71.0,False,14.0,10.8,0.3157894736842105,24,21.0,444.0,2,0,False,5.0
2022,20,STR,Aston Martin,False,20.0,71.0,False,12.0,12.8,0.15789473684210525,26,8.0,49.0,1,1,False,15.0
2022,20,TSU,RB,True,13.0,71.0,False,12.666666666666666,14.4,0.2222222222222222,27,0.6666666666666666,35.0,7,0,False,20.0
2022,20,VER,Red Bull Racing,False,1.0,71.0,False,3.0,2.2,0.10526315789473684,28,37.0,630.0,8,0,False,1.0
2022,20,VET,Aston Martin,False,16.0,71.0,False,7.333333333333333,11.2,0.17647058823529413,29,8.0,49.0,1,0,False,14.0
2022,20,ZHO,Kick Sauber,False,12.0,71.0,False,16.0,14.8,0.2631578947368421,30,0.0,50.0,4,1,False,13.0
2022,21,ALB,Williams,False,19.0,71.0,False,15.0,14.8,0.2631578947368421,0,0.6666666666666666,8.0,9,2,False,15.0
2022,21,ALO,Alpine,False,17.0,71.0,False,11.0,14.0,0.25,1,9.333333333333334,150.0,0,1,False,5.0
2022,21,BOT,Kick Sauber,False,14.0,71.0,False,14.666666666666666,13.6,0.3,5,0.3333333333333333,51.0,4,0,False,9.0
2022,21,GAS,RB,False,10.0,71.0,False,14.333333333333334,12.2,0.15,9,0.3333333333333333,35.0,7,0,False,14.0
2022,21,HAM,Mercedes,False,2.0,71.0,False,3.0,4.6,0.05,11,24.666666666666668,441.0,6,0,False,2.0
2022,21,LAT,Williams,False,18.0,71.0,False,14.666666666666666,15.6,0.2,13,0.6666666666666666,8.0,9,1,False,16.0
2022,21,LEC,Ferrari,False,5.0,71.0,False,4.0,3.2,0.15,15,16.0,462.0,2,1,False,4.0
2022,21,MAG,Haas F1 Team,True,8.0,71.0,False,13.333333333333334,13.6,0.2,16,0.6666666666666666,33.0,3,1,False,19.0
2022,21,MSC,Haas F1 Team,False,12.0,71.0,False,16.0,14.6,0.10526315789473684,17,0.6666666666666666,33.0,3,1,False,13.0
2022,21,NOR,McLaren,True,6.0,71.0,False,8.333333333333334,7.2,0.05,18,5.666666666666667,139.0,5,0,False,18.0
2022,21,OCO,Alpine,False,16.0,71.0,False,7.666666666666667,10.0,0.1,19,9.333333333333334,150.0,0,0,False,8.0
2022,21,PER,Red Bull Racing,False,4.0,71.0,False,3.0,3.2,0.15,20,40.0,670.0,8,0,False,7.0
2022,21,RIC,McLaren,True,11.0,71.0,False,11.333333333333334,11.2,0.1,22,5.666666666666667,139.0,5,0,False,20.0
2022,21,RUS,Mercedes,False,1.0,71.0,False,5.666666666666667,6.8,0.05,23,24.666666666666668,441.0,6,0,False,1.0
2022,21,SAI,Ferrari,False,7.0,71.0,False,14.666666666666666,10.2,0.3,24,16.0,462.0,2,1,False,3.0
2022,21,STR,Aston Martin,False,15.0,71.0,False,15.0,13.8,0.15,26,4.0,49.0,1,1,False,10.0
2022,21,TSU,RB,False,21.0,71.0,False,14.333333333333334,14.4,0.2631578947368421,27,0.3333333333333333,35.0,7,1,False,17.0
2022,21,VER,Red Bull Racing,False,3.0,71.0,False,1.0,2.2,0.1,28,40.0,670.0,8,0,False,6.0
2022,21,VET,Aston Martin,False,9.0,71.0,False,9.333333333333334,11.2,0.16666666666666666,29,4.0,49.0,1,0,False,11.0
2022,21,ZHO,Kick Sauber,False,13.0,71.0,False,13.666666666666666,14.2,0.25,30,0.3333333333333333,51.0,4,0,False,12.0
2022,22,ALB,Williams,False,19.0,58.0,True,13.333333333333334,15.4,0.25,0,0.0,8.0,9,1,False,13.0
2022,22,ALO,Alpine,True,10.0,58.0,True,10.333333333333334,11.2,0.23809523809523808,1,8.0,164.0,0,1,False,20.0
2022,22,BOT,Kick Sauber,False,18.0,58.0,True,12.666666666666666,12.8,0.2857142857142857,5,1.0,53.0,4,2,False,15.0
2022,22,GAS,RB,False,17.0,58.0,True,13.0,13.4,0.14285714285714285,9,0.3333333333333333,35.0,7,0,False,14.0
2022,22,HAM,Mercedes,True,5.0,58.0,True,2.0,4.0,0.047619047619047616,11,34.666666666666664,485.0,6,1,False,18.0
2022,22,LAT,Williams,True,20.0,58.0,True,17.0,15.8,0.19047619047619047,13,0.0,8.0,9,1,False,19.0
2022,22,LEC,Ferrari,False,3.0,58.0,True,4.333333333333333,3.6,0.14285714285714285,15,20.0,489.0,2,1,False,2.0
2022,22,MAG,Haas F1 Team,False,16.0,58.0,True,15.0,14.2,0.23809523809523808,16,0.6666666666666666,33.0,3,2,False,17.0
2022,22,MSC,Haas F1 Team,False,12.0,58.0,True,14.666666666666666,14.8,0.1,17,0.6666666666666666,33.0,3,1,False,16.0
2022,22,NOR,McLaren,False,7.0,58.0,True,11.0,9.4,0.09523809523809523,18,5.333333333333333,139.0,5,1,False,6.0
2022,22,OCO,Alpine,False,8.0,58.0,True,9.0,9.4,0.09523809523809523,19,8.0,164.0,0,1,False,7.0
2022,22,PER,Red Bull Racing,False,2.0,58.0,True,4.666666666666667,3.4,0.14285714285714285,20,30.333333333333332,684.0,8,1,False,3.0
2022,22,RIC,McLaren,False,13.0,58.0,True,14.333333333333334,11.8,0.14285714285714285,22,5.333333333333333,139.0,5,1,False,9.0
2022,22,RUS,Mercedes,False,6.0,58.0,True,3.3333333333333335,6.4,0.047619047619047616,23,34.666666666666664,485.0,6,1,False,5.0
2022,22,SAI,Ferrari,False,4.0,58.0,True,9.333333333333334,10.0,0.2857142857142857,24,20.0,489.0,2,1,False,4.0
2022,22,STR,Aston Martin,False,14.0,58.0,True,14.333333333333334,12.2,0.14285714285714285,26,1.6666666666666667,50.0,1,1,False,8.0
2022,22,TSU,RB,False,11.0,58.0,True,15.666666666666666,15.0,0.25,27,0.3333333333333333,35.0,7,1,False,11.0
2022,22,VER,Red Bull Racing,False,1.0,58.0,True,2.6666666666666665,3.2,0.09523809523809523,28,30.333333333333332,684.0,8,1,False,1.0
2022,22,VET,Aston Martin,False,9.0,58.0,True,11.0,9.4,0.15789473684210525,29,1.6666666666666667,50.0,1,1,False,10.0
2022,22,ZHO,Kick Sauber,False,15.0,58.0,True,12.333333333333334,14.6,0.23809523809523808,30,1.0,53.0,4,1,False,12.0
2023,1,ALB,Williams,False,15.0,57.0,False,13.333333333333334,14.6,,0,0.0,,9,0,False,10.0
2023,1,ALO,Aston Martin,False,5.0,57.0,False,14.666666666666666,11.6,,1,2.0,,1,0,False,3.0
2023,1,BOT,Kick Sauber,False,12.0,57.0,False,11.333333333333334,13.6,,5,1.0,,4,0,False,8.0
2023,1,DEV,RB,False,19.0,57.0,False,9.0,9.0,,7,0.0,,7,0,False,14.0
2023,1,GAS,Alpine,False,20.0,57.0,False,13.0,14.2,,9,8.0,,0,0,False,9.0
2023,1,HAM,Mercedes,False,7.0,57.0,False,7.333333333333333,5.8,,11,28.333333333333332,,6,0,False,5.0
2023,1,HUL,Haas F1 Team,False,10.0,57.0,False,14.5,14.5,,12,0.0,,3,0,False,15.0
2023,1,LEC,Ferrari,True,3.0,57.0,False,4.0,3.6,,15,25.0,,2,0,False,19.0
2023,1,MAG,Haas F1 Team,False,17.0,57.0,False,17.666666666666668,15.2,,16,0.0,,3,2,False,13.0
2023,1,NOR,McLaren,False,11.0,57.0,False,11.0,9.8,,18,6.333333333333333,,5,0,False,17.0
2023,1,OCO,Alpine,True,9.0,57.0,False,7.666666666666667,7.6,,19,8.0,,0,0,False,18.0
2023,1,PER,Red Bull Racing,False,2.0,57.0,False,4.333333333333333,3.8,,20,31.333333333333332,,8,0,False,2.0
2023,1,PIA,McLaren,True,18.0,57.0,False,,,,21,6.333333333333333,,5,0,False,20.0
2023,1,RUS,Mercedes,False,6.0,57.0,False,3.3333333333333335,4.6,,23,28.333333333333332,,6,0,False,7.0
2023,1,SAI,Ferrari,False,4.0,57.0,False,4.0,10.2,,24,25.0,,2,0,False,4.0
2023,1,SAR,Williams,False,16.0,57.0,False,,,,25,0.0,,9,0,False,12.0
2023,1,STR,Aston Martin,False,8.0,57.0,False,11.0,12.6,,26,2.0,,1,0,False,6.0
2023,1,TSU,RB,False,14.0,57.0,False,16.0,14.2,,27,0.0,,7,0,False,11.0
2023,1,VER,Red Bull Racing,False,1.0,57.0,False,2.6666666666666665,2.0,,28,31.333333333333332,,8,0,False,1.0
2023,1,ZHO,Kick Sauber,False,13.0,57.0,False,12.333333333333334,13.0,,30,1.0,,4,0,False,16.0
2023,2,ALB,Williams,True,17.0,50.0,True,12.666666666666666,12.6,0.0,0,0.3333333333333333,1.0,9,1,False,19.0
2023,2,ALO,Aston Martin,False,2.0,50.0,True,9.333333333333334,10.8,0.0,1,9.666666666666666,23.0,1,1,False,3.0
2023,2,BOT,Kick Sauber,False,14.0,50.0,True,10.666666666666666,12.2,0.0,5,2.0,4.0,4,1,False,18.0
2023,2,DEV,RB,False,18.0,50.0,True,11.5,11.5,0.0,7,0.0,0.0,7,1,False,14.0
2023,2,GAS,Alpine,False,9.0,50.0,True,12.333333333333334,12.4,0.0,9,7.333333333333333,2.0,0,1,False,9.0
2023,2,HAM,Mercedes,False,7.0,50.0,True,8.333333333333334,5.8,0.0,11,23.333333333333332,16.0,6,2,False,5.0
2023,2,HUL,Haas F1 Team,False,10.0,50.0,True,14.666666666666666,14.666666666666666,0.0,12,0.0,0.0,3,1,False,12.0
2023,2,LEC,Ferrari,False,12.0,50.0,True,8.333333333333334,6.8,1.0,15,23.0,12.0,2,0,False,7.0
2023,2,MAG,Haas F1 Team,False,13.0,50.0,True,16.333333333333332,15.0,0.0,16,0.0,0.0,3,1,False,10.0
2023,2,NOR,McLaren,False,19.0,50.0,True,13.666666666666666,11.2,0.0,18,3.6666666666666665,0.0,5,0,False,17.0
2023,2,OCO,Alpine,False,6.0,50.0,True,11.0,10.4,1.0,19,7.333333333333333,2.0,0,1,False,8.0
2023,2,PER,Red Bull Racing,False,1.0,50.0,True,4.0,3.8,0.0,20,32.333333333333336,43.0,8,1,False,1.0
2023,2,PIA,McLaren,False,8.0,50.0,True,20.0,20.0,1.0,21,3.6666666666666665,0.0,5,1,False,15.0
2023,2,RUS,Mercedes,False,3.0,50.0,True,4.333333333333333,4.4,0.0,23,23.333333333333332,16.0,6,1,False,4.0
2023,2,SAI,Ferrari,False,4.0,50.0,True,3.6666666666666665,7.2,0.0,24,23.0,12.0,2,1,False,6.0
2023,2,SAR,Williams,False,20.0,50.0,True,12.0,12.0,0.0,25,0.3333333333333333,1.0,9,2,False,16.0
2023,2,STR,Aston Martin,True,5.0,50.0,True,8.0,11.4,0.0,26,9.666666666666666,23.0,1,1,False,20.0
2023,2,TSU,RB,False,16.0,50.0,True,13.0,13.8,0.0,27,0.0,0.0,7,1,False,11.0
2023,2,VER,Red Bull Racing,False,15.0,50.0,True,2.6666666666666665,2.0,0.0,28,32.333333333333336,43.0,8,1,False,2.0
2023,2,ZHO,Kick Sauber,False,11.0,50.0,True,13.333333333333334,13.0,0.0,30,2.0,4.0,4,1,False,13.0
2023,3,ALB,Williams,True,8.0,58.0,True,14.0,13.8,0.5,0,0.3333333333333333,1.0,9,1,False,19.0
2023,3,ALO,Aston Martin,False,4.0,58.0,True,8.666666666666666,10.0,0.0,1,14.333333333333334,38.0,1,1,False,3.0
2023,3,BOT,Kick Sauber,False,19.0,58.0,True,13.666666666666666,12.0,0.0,5,1.3333333333333333,4.0,4,0,False,11.0
2023,3,DEV,RB,True,15.0,58.0,True,12.333333333333334,12.333333333333334,0.0,7,0.0,0.0,7,2,False,15.0
2023,3,GAS,Alpine,True,9.0,58.0,True,10.666666666666666,11.4,0.0,9,4.666666666666667,8.0,0,0,False,13.0
2023,3,HAM,Mercedes,False,3.0,58.0,True,9.333333333333334,6.4,0.0,11,16.0,38.0,6,1,False,2.0
2023,3,HUL,Haas F1 Team,False,10.0,58.0,True,13.0,14.0,0.0,12,0.3333333333333333,1.0,3,1,False,7.0
2023,3,LEC,Ferrari,True,7.0,58.0,True,9.333333333333334,7.6,0.5,15,18.666666666666668,26.0,2,1,False,20.0
2023,3,MAG,Haas F1 Team,True,14.0,58.0,True,13.333333333333334,15.2,0.0,16,0.3333333333333333,1.0,3,1,False,17.0
2023,3,NOR,McLaren,False,13.0,58.0,True,13.333333333333334,13.4,0.0,18,3.6666666666666665,0.0,5,1,False,6.0
2023,3,OCO,Alpine,True,11.0,58.0,True,11.0,9.8,0.5,19,4.666666666666667,8.0,0,0,False,14.0
2023,3,PER,Red Bull Racing,False,20.0,58.0,True,2.0,3.2,0.0,20,42.333333333333336,87.0,8,2,False,5.0
2023,3,PIA,McLaren,False,16.0,58.0,True,17.5,17.5,0.5,21,3.6666666666666665,0.0,5,1,False,8.0
2023,3,RUS,Mercedes,True,2.0,58.0,True,5.333333333333333,4.2,0.0,23,16.0,38.0,6,1,False,18.0
2023,3,SAI,Ferrari,False,5.0,58.0,True,4.666666666666667,4.4,0.0,24,18.666666666666668,26.0,2,1,False,12.0
2023,3,SAR,Williams,True,18.0,58.0,True,14.0,14.0,0.0,25,0.3333333333333333,1.0,9,2,False,16.0
2023,3,STR,Aston Martin,False,6.0,58.0,True,11.333333333333334,11.8,0.5,26,14.333333333333334,38.0,1,1,False,4.0
2023,3,TSU,RB,False,12.0,58.0,True,11.0,14.0,0.0,27,0.0,0.0,7,1,False,10.0
2023,3,VER,Red Bull Racing,False,1.0,58.0,True,1.3333333333333333,2.2,0.0,28,42.333333333333336,87.0,8,1,False,1.0
2023,3,ZHO,Kick Sauber,False,17.0,58.0,True,13.666666666666666,13.2,0.0,30,1.3333333333333333,4.0,4,0,False,9.0
2023,4,ALB,Williams,False,12.0,51.0,True,16.0,15.2,0.6666666666666666,0,0.3333333333333333,1.0,9,1,False,12.0
2023,4,ALO,Aston Martin,False,6.0,51.0,True,3.0,6.8,0.0,1,21.666666666666668,65.0,1,1,False,4.0
2023,4,BOT,Kick Sauber,False,13.0,51.0,True,12.333333333333334,12.2,0.0,5,2.0,6.0,4,1,False,18.0
2023,4,DEV,RB,True,18.0,51.0,True,14.333333333333334,13.0,0.3333333333333333,7,0.3333333333333333,1.0,7,2,False,20.0
2023,4,GAS,Alpine,False,17.0,51.0,True,10.333333333333334,11.8,0.3333333333333333,9,2.6666666666666665,8.0,0,1,False,14.0
2023,4,HAM,Mercedes,False,5.0,51.0,True,4.0,6.4,0.0,11,18.666666666666668,56.0,6,1,False,6.0
2023,4,HUL,Haas F1 Team,False,20.0,51.0,True,11.333333333333334,12.6,0.0,12,2.3333333333333335,7.0,3,2,False,17.0
2023,4,LEC,Ferrari,False,1.0,51.0,True,15.333333333333334,10.4,0.6666666666666666,15,8.666666666666666,26.0,2,1,False,3.0
2023,4,MAG,Haas F1 Team,False,16.0,51.0,True,13.333333333333334,15.2,0.3333333333333333,16,2.3333333333333335,7.0,3,1,False,13.0
2023,4,NOR,McLaren,False,7.0,51.0,True,13.333333333333334,12.8,0.0,18,4.0,12.0,5,1,False,9.0
2023,4,OCO,Alpine,False,19.0,51.0,True,13.333333333333334,11.0,0.6666666666666666,19,2.6666666666666665,8.0,0,2,False,15.0
2023,4,PER,Red Bull Racing,False,3.0,51.0,True,2.6666666666666665,3.6,0.0,20,41.0,123.0,8,1,False,1.0
2023,4,PIA,McLaren,False,10.0,51.0,True,14.333333333333334,14.333333333333334,0.3333333333333333,21,4.0,12.0,5,1,False,11.0
2023,4,RUS,Mercedes,False,11.0,51.0,True,9.666666666666666,7.0,0.3333333333333333,23,18.666666666666668,56.0,6,1,False,8.0
2023,4,SAI,Ferrari,False,4.0,51.0,True,7.333333333333333,5.8,0.0,24,8.666666666666666,26.0,2,1,False,5.0
2023,4,SAR,Williams,False,14.0,51.0,True,14.666666666666666,14.666666666666666,0.3333333333333333,25,0.3333333333333333,1.0,9,1,False,16.0
2023,4,STR,Aston Martin,False,9.0,51.0,True,10.0,9.6,0.3333333333333333,26,21.666666666666668,65.0,1,1,False,7.0
2023,4,TSU,RB,False,8.0,51.0,True,10.666666666666666,12.0,0.0,27,0.3333333333333333,1.0,7,1,False,10.0
2023,4,VER,Red Bull Racing,False,2.0,51.0,True,1.3333333333333333,2.2,0.0,28,41.0,123.0,8,1,False,2.0
2023,4,ZHO,Kick Sauber,True,15.0,51.0,True,12.666666666666666,12.4,0.0,30,2.0,6.0,4,1,False,19.0
2023,5,ALB,Williams,False,11.0,57.0,True,16.666666666666668,14.6,0.5,0,0.0,1.0,9,1,False,14.0
2023,5,ALO,Aston Martin,False,2.0,57.0,True,3.3333333333333335,6.6,0.0,1,20.0,83.0,1,1,False,3.0
2023,5,BOT,Kick Sauber,False,10.0,57.0,True,15.666666666666666,14.0,0.0,5,0.6666666666666666,6.0,4,1,False,13.0
2023,5,DEV,RB,False,15.0,57.0,True,16.333333333333332,14.4,0.5,7,0.6666666666666666,2.0,7,1,False,18.0
2023,5,GAS,Alpine,False,5.0,57.0,True,12.0,11.8,0.25,9,2.0,8.0,0,1,False,8.0
2023,5,HAM,Mercedes,False,13.0,57.0,True,4.333333333333333,7.2,0.0,11,17.666666666666668,69.0,6,2,False,6.0
2023,5,HUL,Haas F1 Team,False,12.0,57.0,True,12.0,12.6,0.0,12,2.3333333333333335,7.0,3,2,False,15.0
2023,5,LEC,Ferrari,False,7.0,57.0,True,10.0,10.2,0.5,15,13.0,51.0,2,1,False,7.0
2023,5,MAG,Haas F1 Team,False,4.0,57.0,True,13.333333333333334,14.0,0.25,16,2.3333333333333335,7.0,3,1,False,10.0
2023,5,NOR,McLaren,False,16.0,57.0,True,10.666666666666666,11.0,0.0,18,4.666666666666667,14.0,5,0,False,17.0
2023,5,OCO,Alpine,False,8.0,57.0,True,12.333333333333334,12.4,0.5,19,2.0,8.0,0,2,False,9.0
2023,5,PER,Red Bull Racing,False,1.0,57.0,True,2.3333333333333335,2.4,0.0,20,41.0,166.0,8,1,False,2.0
2023,5,PIA,McLaren,False,19.0,57.0,True,11.333333333333334,13.5,0.25,21,4.666666666666667,14.0,5,0,False,19.0
2023,5,RUS,Mercedes,False,6.0,57.0,True,10.0,8.4,0.25,23,17.666666666666668,69.0,6,1,False,4.0
2023,5,SAI,Ferrari,False,3.0,57.0,True,7.666666666666667,6.2,0.0,24,13.0,51.0,2,1,False,5.0
2023,5,SAR,Williams,False,20.0,57.0,True,16.0,15.0,0.25,25,0.0,1.0,9,1,False,20.0
2023,5,STR,Aston Martin,False,18.0,57.0,True,10.333333333333334,9.0,0.25,26,20.0,83.0,1,2,False,12.0
2023,5,TSU,RB,False,17.0,57.0,True,10.333333333333334,10.6,0.0,27,0.6666666666666666,2.0,7,2,False,11.0
2023,5,VER,Red Bull Racing,False,9.0,57.0,True,1.6666666666666667,1.4,0.0,28,41.0,166.0,8,2,False,1.0
2023,5,ZHO,Kick Sauber,False,14.0,57.0,True,13.666666666666666,13.8,0.25,30,0.6666666666666666,6.0,4,2,False,16.0
2023,6,ALB,Williams,False,13.0,78.0,True,15.0,14.8,0.4,0,0.0,1.0,9,1,True,14.0
2023,6,ALO,Aston Martin,False,2.0,78.0,True,3.3333333333333335,3.2,0.0,1,20.0,98.0,1,2,True,2.0
2023,6,BOT,Kick Sauber,False,15.0,78.0,True,14.0,13.6,0.0,5,0.6666666666666666,6.0,4,2,True,11.0
2023,6,DEV,RB,False,12.0,78.0,True,17.666666666666668,16.2,0.4,7,0.6666666666666666,2.0,7,1,True,12.0
2023,6,GAS,Alpine,False,7.0,78.0,True,11.666666666666666,10.6,0.2,9,2.0,14.0,0,2,True,7.0
2023,6,HAM,Mercedes,False,5.0,78.0,True,4.666666666666667,4.8,0.0,11,17.0,89.0,6,1,True,4.0
2023,6,HUL,Haas F1 Team,False,18.0,78.0,True,13.0,13.2,0.0,12,2.3333333333333335,8.0,3,1,True,17.0
2023,6,LEC,Ferrari,False,6.0,78.0,True,10.0,11.2,0.4,15,13.666666666666666,67.0,2,2,True,6.0
2023,6,MAG,Haas F1 Team,True,17.0,78.0,True,13.333333333333334,12.6,0.2,16,2.3333333333333335,8.0,3,2,True,19.0
2023,6,NOR,McLaren,False,10.0,78.0,True,10.666666666666666,13.2,0.0,18,4.666666666666667,14.0,5,1,True,9.0
2023,6,OCO,Alpine,False,3.0,78.0,True,12.666666666666666,12.8,0.4,19,2.0,14.0,0,1,True,3.0
2023,6,PER,Red Bull Racing,False,20.0,78.0,True,2.6666666666666665,2.2,0.0,20,41.0,210.0,8,1,True,16.0
2023,6,PIA,McLaren,False,11.0,78.0,True,12.666666666666666,14.6,0.2,21,4.666666666666667,14.0,5,2,True,10.0
2023,6,RUS,Mercedes,False,8.0,78.0,True,10.0,8.2,0.2,23,17.0,89.0,6,2,True,5.0
2023,6,SAI,Ferrari,False,4.0,78.0,True,7.333333333333333,6.4,0.0,24,13.666666666666666,67.0,2,2,True,8.0
2023,6,SAR,Williams,False,16.0,78.0,True,17.333333333333332,16.0,0.2,25,0.0,1.0,9,1,True,18.0
2023,6,STR,Aston Martin,True,14.0,78.0,True,7.666666666666667,9.8,0.2,26,20.0,98.0,1,2,True,20.0
2023,6,TSU,RB,False,9.0,78.0,True,10.333333333333334,10.6,0.0,27,0.6666666666666666,2.0,7,1,True,15.0
2023,6,VER,Red Bull Racing,False,1.0,78.0,True,1.3333333333333333,1.4,0.0,28,41.0,210.0,8,1,True,1.0
2023,6,ZHO,Kick Sauber,False,19.0,78.0,True,14.666666666666666,14.6,0.2,30,0.6666666666666666,6.0,4,0,True,13.0
2023,7,ALB,Williams,False,18.0,66.0,False,13.333333333333334,15.6,0.3333333333333333,0,0.0,1.0,9,0,False,16.0
2023,7,ALO,Aston Martin,False,8.0,66.0,False,3.0,3.0,0.0,1,17.0,116.0,1,0,False,7.0
2023,7,BOT,Kick Sauber,False,16.0,66.0,False,14.0,14.2,0.0,5,0.0,6.0,4,0,False,19.0
2023,7,DEV,RB,False,14.0,66.0,False,16.666666666666668,15.8,0.3333333333333333,7,0.3333333333333333,2.0,7,0,False,14.0
2023,7,GAS,Alpine,False,10.0,66.0,False,9.666666666666666,10.2,0.16666666666666666,9,9.0,35.0,0,0,False,10.0
2023,7,HAM,Mercedes,False,4.0,66.0,False,5.333333333333333,4.6,0.0,11,18.666666666666668,112.0,6,0,False,2.0
2023,7,HUL,Haas F1 Team,False,7.0,66.0,False,16.333333333333332,13.6,0.0,12,0.3333333333333333,8.0,3,0,False,15.0
2023,7,LEC,Ferrari,False,19.0,66.0,False,5.333333333333333,8.6,0.3333333333333333,15,17.666666666666668,79.0,2,2,False,11.0
2023,7,MAG,Haas F1 Team,False,17.0,66.0,False,14.0,13.8,0.3333333333333333,16,0.3333333333333333,8.0,3,0,False,18.0
2023,7,NOR,McLaren,False,3.0,66.0,False,11.666666666666666,11.6,0.0,18,1.6666666666666667,17.0,5,0,False,17.0
2023,7,OCO,Alpine,False,6.0,66.0,False,9.0,9.8,0.3333333333333333,19,9.0,35.0,0,0,False,8.0
2023,7,PER,Red Bull Racing,False,11.0,66.0,False,6.333333333333333,5.0,0.0,20,37.333333333333336,235.0,8,1,False,4.0
2023,7,PIA,McLaren,False,9.0,66.0,False,13.333333333333334,12.6,0.16666666666666666,21,1.6666666666666667,17.0,5,0,False,13.0
2023,7,RUS,Mercedes,False,12.0,66.0,False,5.666666666666667,7.8,0.16666666666666666,23,18.666666666666668,112.0,6,0,False,3.0
2023,7,SAI,Ferrari,False,2.0,66.0,False,6.0,7.2,0.0,24,17.666666666666668,79.0,2,0,False,5.0
2023,7,SAR,Williams,False,20.0,66.0,False,18.0,17.2,0.16666666666666666,25,0.0,1.0,9,1,False,20.0
2023,7,STR,Aston Martin,False,5.0,66.0,False,13.0,12.6,0.3333333333333333,26,17.0,116.0,1,0,False,6.0
2023,7,TSU,RB,False,15.0,66.0,False,12.0,11.4,0.0,27,0.3333333333333333,2.0,7,0,False,12.0
2023,7,VER,Red Bull Racing,False,1.0,66.0,False,1.3333333333333333,1.4,0.0,28,37.333333333333336,235.0,8,1,False,1.0
2023,7,ZHO,Kick Sauber,False,13.0,66.0,False,16.0,14.0,0.16666666666666666,30,0.0,6.0,4,0,False,9.0
2023,8,ALB,Williams,False,9.0,70.0,False,14.666666666666666,15.0,0.2857142857142857,0,0.0,1.0,9,1,False,7.0
2023,8,ALO,Aston Martin,False,2.0,70.0,False,4.0,3.8,0.0,1,15.666666666666666,130.0,1,1,False,2.0
2023,8,BOT,Kick Sauber,False,14.0,70.0,False,14.333333333333334,14.4,0.0,5,0.6666666666666666,8.0,4,2,False,10.0
2023,8,DEV,RB,False,17.0,70.0,False,14.666666666666666,15.8,0.2857142857142857,7,0.0,2.0,7,1,False,18.0
2023,8,GAS,Alpine,False,15.0,70.0,False,8.333333333333334,10.4,0.14285714285714285,9,10.666666666666666,40.0,0,0,False,12.0
2023,8,HAM,Mercedes,False,3.0,70.0,False,4.0,4.0,0.0,11,25.333333333333332,145.0,6,1,False,3.0
2023,8,HUL,Haas F1 Team,False,5.0,70.0,False,15.666666666666666,14.2,0.0,12,0.3333333333333333,8.0,3,1,False,15.0
2023,8,LEC,Ferrari,False,10.0,70.0,False,8.0,9.4,0.2857142857142857,15,12.666666666666666,89.0,2,1,False,4.0
2023,8,MAG,Haas F1 Team,False,13.0,70.0,False,15.666666666666666,15.4,0.2857142857142857,16,0.3333333333333333,8.0,3,2,False,17.0
2023,8,NOR,McLaren,False,7.0,70.0,False,14.333333333333334,11.6,0.0,18,1.0,17.0,5,1,False,13.0
2023,8,OCO,Alpine,False,6.0,70.0,False,6.666666666666667,9.8,0.2857142857142857,19,10.666666666666666,40.0,0,1,False,8.0
2023,8,PER,Red Bull Racing,False,12.0,70.0,False,7.333333333333333,5.6,0.0,20,35.666666666666664,273.0,8,2,False,6.0
2023,8,PIA,McLaren,False,8.0,70.0,False,14.0,12.2,0.14285714285714285,21,1.0,17.0,5,1,False,11.0
2023,8,RUS,Mercedes,True,4.0,70.0,False,4.0,7.6,0.14285714285714285,23,25.333333333333332,145.0,6,1,False,19.0
2023,8,SAI,Ferrari,False,11.0,70.0,False,6.0,7.0,0.0,24,12.666666666666666,89.0,2,1,False,5.0
2023,8,SAR,Williams,True,18.0,70.0,False,19.333333333333332,18.0,0.14285714285714285,25,0.0,1.0,9,1,False,20.0
2023,8,STR,Aston Martin,False,16.0,70.0,False,12.666666666666666,9.8,0.2857142857142857,26,15.666666666666666,130.0,1,1,False,9.0
2023,8,TSU,RB,False,19.0,70.0,False,12.666666666666666,11.6,0.0,27,0.0,2.0,7,1,False,14.0
2023,8,VER,Red Bull Racing,False,1.0,70.0,False,1.0,1.2,0.0,28,35.666666666666664,273.0,8,1,False,1.0
2023,8,ZHO,Kick Sauber,False,20.0,70.0,False,12.666666666666666,13.2,0.14285714285714285,30,0.6666666666666666,8.0,4,1,False,16.0
2023,9,ALB,Williams,False,10.0,71.0,False,12.333333333333334,12.6,0.25,0,2.0,7.0,9,1,False,11.0
2023,9,ALO,Aston Martin,False,7.0,71.0,False,3.6666666666666665,3.6,0.0,1,17.333333333333332,150.0,1,2,False,5.0
2023,9,BOT,Kick Sauber,False,14.0,71.0,False,13.333333333333334,14.2,0.0,5,1.0,9.0,4,2,False,15.0
2023,9,DEV,RB,False,20.0,71.0,False,14.666666666666666,16.4,0.25,7,0.0,2.0,7,1,False,17.0
2023,9,GAS,Alpine,False,9.0,71.0,False,9.666666666666666,10.2,0.125,9,10.0,44.0,0,1,False,10.0
2023,9,HAM,Mercedes,False,5.0,71.0,False,3.0,4.2,0.0,11,23.666666666666668,160.0,6,1,False,8.0
2023,9,HUL,Haas F1 Team,True,8.0,71.0,False,15.666666666666666,15.8,0.0,12,0.0,8.0,3,1,False,20.0
2023,9,LEC,Ferrari,False,2.0,71.0,False,7.0,6.2,0.25,15,14.666666666666666,111.0,2,1,False,2.0
2023,9,MAG,Haas F1 Team,False,19.0,71.0,False,18.0,15.4,0.25,16,0.0,8.0,3,2,False,18.0
2023,9,NOR,McLaren,False,4.0,71.0,False,13.0,13.0,0.0,18,1.0,17.0,5,1,False,4.0
2023,9,OCO,Alpine,False,12.0,71.0,False,6.333333333333333,8.6,0.25,19,10.0,44.0,0,1,False,14.0
2023,9,PER,Red Bull Racing,False,15.0,71.0,False,8.666666666666666,5.8,0.0,20,32.333333333333336,307.0,8,1,False,3.0
2023,9,PIA,McLaren,False,13.0,71.0,False,11.333333333333334,12.8,0.125,21,1.0,17.0,5,1,False,16.0
2023,9,RUS,Mercedes,False,11.0,71.0,False,9.0,7.8,0.25,23,23.666666666666668,160.0,6,1,False,7.0
2023,9,SAI,Ferrari,False,3.0,71.0,False,6.0,5.6,0.0,24,14.666666666666666,111.0,2,1,False,6.0
2023,9,SAR,Williams,False,18.0,71.0,False,19.333333333333332,18.8,0.25,25,2.0,7.0,9,1,False,13.0
2023,9,STR,Aston Martin,False,6.0,71.0,False,11.666666666666666,10.8,0.25,26,17.333333333333332,150.0,1,1,False,9.0
2023,9,TSU,RB,False,16.0,71.0,False,13.666666666666666,12.4,0.0,27,0.0,2.0,7,1,False,19.0
2023,9,VER,Red Bull Racing,False,1.0,71.0,False,1.0,1.2,0.0,28,32.333333333333336,307.0,8,1,False,1.0
2023,9,ZHO,Kick Sauber,False,17.0,71.0,False,12.666666666666666,14.6,0.125,30,1.0,9.0,4,1,False,12.0
2023,10,ALB,Williams,False,8.0,52.0,False,11.333333333333334,12.4,0.2222222222222222,0,2.0,7.0,9,1,False,8.0
2023,10,ALO,Aston Martin,False,9.0,52.0,False,4.666666666666667,3.8,0.0,1,15.333333333333334,162.0,1,1,False,7.0
2023,10,BOT,Kick Sauber,False,20.0,52.0,False,14.666666666666666,13.6,0.0,5,1.0,9.0,4,2,False,12.0
2023,10,DEV,RB,False,18.0,52.0,False,16.333333333333332,15.8,0.2222222222222222,7,0.0,2.0,7,0,False,17.0
2023,10,GAS,Alpine,True,10.0,52.0,False,10.666666666666666,9.4,0.1111111111111111,9,3.3333333333333335,45.0,0,1,False,18.0
2023,10,HAM,Mercedes,False,7.0,52.0,False,4.333333333333333,4.6,0.0,11,19.333333333333332,170.0,6,1,False,3.0
2023,10,HUL,Haas F1 Team,False,11.0,52.0,False,16.666666666666668,16.4,0.1111111111111111,12,0.0,8.0,3,2,False,13.0
2023,10,LEC,Ferrari,False,4.0,52.0,False,5.666666666666667,6.0,0.2222222222222222,15,19.333333333333332,137.0,2,1,False,9.0
2023,10,MAG,Haas F1 Team,True,19.0,52.0,False,17.666666666666668,16.4,0.2222222222222222,16,0.0,8.0,3,1,False,19.0
2023,10,NOR,McLaren,False,2.0,52.0,False,11.333333333333334,12.0,0.0,18,4.0,29.0,5,1,False,2.0
2023,10,OCO,Alpine,True,13.0,52.0,False,10.0,8.4,0.2222222222222222,19,3.3333333333333335,45.0,0,0,False,20.0
2023,10,PER,Red Bull Racing,False,15.0,52.0,False,4.333333333333333,6.2,0.0,20,37.666666666666664,348.0,8,1,False,6.0
2023,10,PIA,McLaren,False,3.0,52.0,False,13.333333333333334,13.8,0.1111111111111111,21,4.0,29.0,5,1,False,4.0
2023,10,RUS,Mercedes,False,6.0,52.0,False,9.666666666666666,7.6,0.2222222222222222,23,19.333333333333332,170.0,6,0,False,5.0
2023,10,SAI,Ferrari,False,5.0,52.0,False,5.333333333333333,5.8,0.0,24,19.333333333333332,137.0,2,1,False,10.0
2023,10,SAR,Williams,False,14.0,52.0,False,17.666666666666668,18.2,0.2222222222222222,25,2.0,7.0,9,1,False,11.0
2023,10,STR,Aston Martin,False,12.0,52.0,False,8.0,11.2,0.2222222222222222,26,15.333333333333334,162.0,1,1,False,14.0
2023,10,TSU,RB,False,16.0,52.0,False,15.0,14.2,0.0,27,0.0,2.0,7,0,False,16.0
2023,10,VER,Red Bull Racing,False,1.0,52.0,False,1.0,1.0,0.0,28,37.666666666666664,348.0,8,1,False,1.0
2023,10,ZHO,Kick Sauber,False,17.0,52.0,False,12.333333333333334,13.2,0.1111111111111111,30,1.0,9.0,4,1,False,15.0
2023,11,ALB,Williams,False,16.0,70.0,False,8.666666666666666,11.2,0.2,0,3.3333333333333335,11.0,9,1,False,11.0
2023,11,ALO,Aston Martin,False,8.0,70.0,False,4.666666666666667,4.6,0.0,1,12.666666666666666,168.0,1,1,False,9.0
2023,11,BOT,Kick Sauber,False,7.0,70.0,False,12.333333333333334,13.4,0.0,5,0.3333333333333333,9.0,4,1,False,12.0
2023,11,GAS,Alpine,True,15.0,70.0,False,13.333333333333334,11.4,0.2,9,1.6666666666666667,45.0,0,0,False,20.0
2023,11,HAM,Mercedes,False,1.0,70.0,False,4.666666666666667,4.0,0.0,11,16.666666666666668,195.0,6,1,False,4.0
2023,11,HUL,Haas F1 Team,False,10.0,70.0,False,16.0,16.0,0.1,12,0.0,8.0,3,1,False,14.0
2023,11,LEC,Ferrari,False,6.0,70.0,False,5.0,6.4,0.2,15,17.0,140.0,2,1,False,7.0
2023,11,MAG,Haas F1 Team,False,19.0,70.0,False,18.0,18.2,0.3,16,0.0,8.0,3,1,False,17.0
2023,11,NOR,McLaren,False,3.0,70.0,False,6.333333333333333,9.0,0.0,18,14.0,59.0,5,1,False,2.0
2023,11,OCO,Alpine,True,12.0,70.0,False,14.0,10.6,0.3,19,1.6666666666666667,45.0,0,1,False,19.0
2023,11,PER,Red Bull Racing,False,9.0,70.0,False,5.0,7.0,0.0,20,36.333333333333336,382.0,8,2,False,3.0
2023,11,PIA,McLaren,False,4.0,70.0,False,10.333333333333334,10.8,0.1,21,14.0,59.0,5,1,False,5.0
2023,11,RIC,RB,False,13.0,70.0,False,12.0,12.6,,22,0.0,2.0,7,1,False,13.0
2023,11,RUS,Mercedes,False,18.0,70.0,False,10.333333333333334,7.8,0.2,23,16.666666666666668,195.0,6,2,False,6.0
2023,11,SAI,Ferrari,False,11.0,70.0,False,7.0,6.8,0.0,24,17.0,140.0,2,0,False,8.0
2023,11,SAR,Williams,True,20.0,70.0,False,14.666666666666666,16.4,0.2,25,3.3333333333333335,11.0,9,1,False,18.0
2023,11,STR,Aston Martin,False,14.0,70.0,False,10.666666666666666,11.6,0.2,26,12.666666666666666,168.0,1,0,False,10.0
2023,11,TSU,RB,False,17.0,70.0,False,16.333333333333332,15.2,0.0,27,0.0,2.0,7,0,False,15.0
2023,11,VER,Red Bull Racing,False,2.0,70.0,False,1.0,1.0,0.0,28,36.333333333333336,382.0,8,1,False,1.0
2023,11,ZHO,Kick Sauber,False,5.0,70.0,False,14.333333333333334,13.0,0.1,30,0.3333333333333333,9.0,4,1,False,16.0
2023,12,ALB,Williams,False,15.0,44.0,False,10.0,10.6,0.18181818181818182,0,1.3333333333333333,11.0,9,0,True,14.0
2023,12,ALO,Aston Martin,False,9.0,44.0,False,7.0,6.0,0.0,1,7.0,171.0,1,1,True,5.0
2023,12,BOT,Kick Sauber,False,13.0,44.0,False,13.0,13.6,0.0,5,0.0,9.0,4,0,True,12.0
2023,12,GAS,Alpine,False,12.0,44.0,False,16.0,14.0,0.2727272727272727,9,0.3333333333333333,45.0,0,0,True,11.0
2023,12,HAM,Mercedes,False,3.0,44.0,False,5.0,4.0,0.0,11,18.333333333333332,215.0,6,0,True,4.0
2023,12,HUL,Haas F1 Team,False,20.0,44.0,False,15.666666666666666,15.4,0.09090909090909091,12,0.0,8.0,3,1,True,18.0
2023,12,LEC,Ferrari,False,1.0,44.0,False,6.0,6.6,0.18181818181818182,15,13.0,150.0,2,0,True,3.0
2023,12,MAG,Haas F1 Team,False,16.0,44.0,False,18.0,17.8,0.2727272727272727,16,0.0,8.0,3,0,True,15.0
2023,12,NOR,McLaren,False,7.0,44.0,False,2.6666666666666665,7.6,0.0,18,23.333333333333332,87.0,5,1,True,7.0
2023,12,OCO,Alpine,False,14.0,44.0,False,17.666666666666668,13.8,0.36363636363636365,19,0.3333333333333333,45.0,0,0,True,8.0
2023,12,PER,Red Bull Racing,False,2.0,44.0,False,4.0,4.4,0.0,20,38.666666666666664,423.0,8,0,True,2.0
2023,12,PIA,McLaren,True,5.0,44.0,False,8.333333333333334,9.8,0.09090909090909091,21,23.333333333333332,87.0,5,1,True,20.0
2023,12,RIC,RB,False,19.0,44.0,False,14.0,13.0,0.0,22,0.0,2.0,7,0,True,16.0
2023,12,RUS,Mercedes,False,8.0,44.0,False,6.0,8.0,0.18181818181818182,23,18.333333333333332,215.0,6,1,True,6.0
2023,12,SAI,Ferrari,True,4.0,44.0,False,8.0,6.8,0.0,24,13.0,150.0,2,0,True,19.0
2023,12,SAR,Williams,False,18.0,44.0,False,14.0,16.4,0.2727272727272727,25,1.3333333333333333,11.0,9,0,True,17.0
2023,12,STR,Aston Martin,False,10.0,44.0,False,11.0,9.6,0.18181818181818182,26,7.0,171.0,1,1,True,9.0
2023,12,TSU,RB,False,11.0,44.0,False,16.666666666666668,15.2,0.0,27,0.0,2.0,7,1,True,10.0
2023,12,VER,Red Bull Racing,False,6.0,44.0,False,1.0,1.0,0.0,28,38.666666666666664,423.0,8,0,True,1.0
2023,12,ZHO,Kick Sauber,False,17.0,44.0,False,14.333333333333334,13.6,0.09090909090909091,30,0.0,9.0,4,0,True,13.0
2023,13,ALB,Williams,False,4.0,72.0,False,11.0,10.2,0.16666666666666666,0,1.3333333333333333,11.0,9,0,True,8.0
2023,13,ALO,Aston Martin,False,5.0,72.0,False,7.0,5.6,0.0,1,7.0,183.0,1,0,True,2.0
2023,13,BOT,Kick Sauber,False,18.0,72.0,False,12.0,12.2,0.0,5,0.0,9.0,4,0,True,14.0
2023,13,GAS,Alpine,False,12.0,72.0,False,16.333333333333332,14.2,0.25,9,1.3333333333333333,49.0,0,0,True,3.0
2023,13,HAM,Mercedes,False,13.0,72.0,False,3.6666666666666665,4.4,0.0,11,22.0,236.0,6,1,True,6.0
2023,13,HUL,Haas F1 Team,False,14.0,72.0,False,15.0,16.0,0.08333333333333333,12,0.0,8.0,3,0,True,12.0
2023,13,LAW,RB,False,19.0,72.0,False,,,,14,0.3333333333333333,3.0,7,0,True,13.0
2023,13,LEC,Ferrari,True,9.0,72.0,False,6.333333333333333,5.0,0.16666666666666666,15,9.333333333333334,165.0,2,0,True,19.0
2023,13,MAG,Haas F1 Team,False,21.0,72.0,False,17.0,17.2,0.25,16,0.0,8.0,3,0,True,16.0
2023,13,NOR,McLaren,False,2.0,72.0,False,3.6666666666666665,5.6,0.0,18,21.333333333333332,93.0,5,0,True,7.0
2023,13,OCO,Alpine,False,16.0,72.0,False,15.666666666666666,13.8,0.3333333333333333,19,1.3333333333333333,49.0,0,0,True,10.0
2023,13,PER,Red Bull Racing,False,7.0,72.0,False,3.6666666666666665,4.0,0.0,20,39.333333333333336,466.0,8,0,True,4.0
2023,13,PIA,McLaren,False,8.0,72.0,False,9.666666666666666,11.2,0.16666666666666666,21,21.333333333333332,93.0,5,0,True,9.0
2023,13,RUS,Mercedes,False,3.0,72.0,False,5.666666666666667,8.6,0.16666666666666666,23,22.0,236.0,6,0,True,17.0
2023,13,SAI,Ferrari,False,6.0,72.0,False,12.333333333333334,9.6,0.08333333333333333,24,9.333333333333334,165.0,2,0,True,5.0
2023,13,SAR,Williams,True,10.0,72.0,False,15.333333333333334,15.8,0.25,25,1.3333333333333333,11.0,9,0,True,20.0
2023,13,STR,Aston Martin,False,11.0,72.0,False,11.0,10.2,0.16666666666666666,26,7.0,183.0,1,0,True,11.0
2023,13,TSU,RB,False,17.0,72.0,False,13.666666666666666,14.8,0.0,27,0.3333333333333333,3.0,7,0,True,15.0
2023,13,VER,Red Bull Racing,False,1.0,72.0,False,1.0,1.0,0.0,28,39.333333333333336,466.0,8,0,True,1.0
2023,13,ZHO,Kick Sauber,True,15.0,72.0,False,14.666666666666666,14.4,0.08333333333333333,30,0.0,9.0,4,0,True,18.0
2023,14,ALB,Williams,False,6.0,51.0,False,11.0,10.4,0.15384615384615385,0,1.3333333333333333,15.0,9,1,False,7.0
2023,14,ALO,Aston Martin,False,10.0,51.0,False,5.333333333333333,5.6,0.0,1,11.333333333333334,202.0,1,1,False,9.0
2023,14,BOT,Kick Sauber,False,14.0,51.0,False,12.666666666666666,13.0,0.0,5,0.0,9.0,4,2,False,10.0
2023,14,GAS,Alpine,False,17.0,51.0,False,11.333333333333334,12.4,0.23076923076923078,9,6.666666666666667,65.0,0,1,False,15.0
2023,14,HAM,Mercedes,False,8.0,51.0,False,4.666666666666667,5.0,0.0,11,16.333333333333332,244.0,6,2,False,6.0
2023,14,HUL,Haas F1 Team,False,13.0,51.0,False,14.666666666666666,15.4,0.07692307692307693,12,0.0,8.0,3,1,False,17.0
2023,14,LAW,RB,False,12.0,51.0,False,13.0,13.0,0.0,14,0.3333333333333333,3.0,7,1,False,11.0
2023,14,LEC,Ferrari,False,3.0,51.0,False,9.666666666666666,8.0,0.23076923076923078,15,11.666666666666666,175.0,2,1,False,4.0
2023,14,MAG,Haas F1 Team,False,19.0,51.0,False,16.0,17.0,0.23076923076923078,16,0.0,8.0,3,2,False,18.0
2023,14,NOR,McLaren,False,9.0,51.0,False,5.333333333333333,4.4,0.0,18,14.0,101.0,5,1,False,8.0
2023,14,OCO,Alpine,True,18.0,51.0,False,12.333333333333334,14.2,0.3076923076923077,19,6.666666666666667,65.0,0,1,False,19.0
2023,14,PER,Red Bull Racing,False,5.0,51.0,False,3.0,3.6,0.0,20,40.333333333333336,503.0,8,1,False,2.0
2023,14,PIA,McLaren,False,7.0,51.0,False,11.333333333333334,10.8,0.15384615384615385,21,14.0,101.0,5,1,False,12.0
2023,14,RUS,Mercedes,False,4.0,51.0,False,9.666666666666666,8.2,0.15384615384615385,23,16.333333333333332,244.0,6,1,False,5.0
2023,14,SAI,Ferrari,False,1.0,51.0,False,10.666666666666666,9.6,0.07692307692307693,24,11.666666666666666,175.0,2,1,False,3.0
2023,14,SAR,Williams,False,15.0,51.0,False,18.333333333333332,15.8,0.3076923076923077,25,1.3333333333333333,15.0,9,1,False,13.0
2023,14,STR,Aston Martin,False,20.0,51.0,False,10.0,10.6,0.15384615384615385,26,11.333333333333334,202.0,1,1,False,16.0
2023,14,VER,Red Bull Racing,False,2.0,51.0,False,1.0,1.0,0.0,28,40.333333333333336,503.0,8,1,False,1.0
2023,14,ZHO,Kick Sauber,False,16.0,51.0,False,15.666666666666666,14.8,0.15384615384615385,30,0.0,9.0,4,1,False,14.0
2023,15,ALB,Williams,False,14.0,62.0,True,9.666666666666666,9.6,0.14285714285714285,0,3.3333333333333335,21.0,9,1,False,11.0
2023,15,ALO,Aston Martin,False,7.0,62.0,True,5.333333333333333,6.4,0.0,1,11.0,204.0,1,1,False,15.0
2023,15,BOT,Kick Sauber,True,16.0,62.0,True,12.0,12.0,0.0,5,0.3333333333333333,10.0,4,2,False,17.0
2023,15,GAS,Alpine,False,12.0,62.0,True,9.666666666666666,13.4,0.21428571428571427,9,6.666666666666667,65.0,0,1,False,6.0
2023,15,HAM,Mercedes,False,5.0,62.0,True,5.333333333333333,4.6,0.0,11,15.666666666666666,262.0,6,1,False,3.0
2023,15,HUL,Haas F1 Team,False,9.0,62.0,True,15.666666666666666,14.8,0.07142857142857142,12,0.0,8.0,3,1,False,13.0
2023,15,LAW,RB,False,10.0,62.0,True,12.0,12.0,0.0,14,0.3333333333333333,3.0,7,1,False,9.0
2023,15,LEC,Ferrari,False,3.0,62.0,True,8.666666666666666,8.4,0.21428571428571427,15,17.333333333333332,202.0,2,0,False,4.0
2023,15,MAG,Haas F1 Team,False,6.0,62.0,True,16.333333333333332,17.0,0.21428571428571427,16,0.0,8.0,3,1,False,10.0
2023,15,NOR,McLaren,False,4.0,62.0,True,7.333333333333333,5.2,0.0,18,6.0,105.0,5,1,False,2.0
2023,15,OCO,Alpine,True,8.0,62.0,True,12.333333333333334,15.2,0.35714285714285715,19,6.666666666666667,65.0,0,1,False,18.0
2023,15,PER,Red Bull Racing,False,13.0,62.0,True,2.6666666666666665,3.4,0.0,20,41.0,546.0,8,2,False,8.0
2023,15,PIA,McLaren,False,17.0,62.0,True,13.666666666666666,10.0,0.14285714285714285,21,6.0,105.0,5,1,False,7.0
2023,15,RUS,Mercedes,True,2.0,62.0,True,9.333333333333334,7.8,0.14285714285714285,23,15.666666666666666,262.0,6,1,False,16.0
2023,15,SAI,Ferrari,False,1.0,62.0,True,9.0,9.0,0.07142857142857142,24,17.333333333333332,202.0,2,1,False,1.0
2023,15,SAR,Williams,False,18.0,62.0,True,16.666666666666668,15.8,0.2857142857142857,25,3.3333333333333335,21.0,9,1,False,14.0
2023,15,TSU,RB,True,15.0,62.0,True,13.333333333333334,15.0,0.0,27,0.3333333333333333,3.0,7,0,False,19.0
2023,15,VER,Red Bull Racing,False,11.0,62.0,True,1.0,1.0,0.0,28,41.0,546.0,8,2,False,5.0
2023,15,ZHO,Kick Sauber,False,19.0,62.0,True,15.0,15.2,0.14285714285714285,30,0.3333333333333333,10.0,4,0,False,12.0
2023,16,ALB,Williams,True,13.0,53.0,False,8.666666666666666,10.2,0.13333333333333333,0,3.3333333333333335,21.0,9,1,False,16.0
2023,16,ALO,Aston Martin,False,10.0,53.0,False,8.666666666666666,8.0,0.0,1,7.0,204.0,1,0,False,8.0
2023,16,BOT,Kick Sauber,True,16.0,53.0,False,13.666666666666666,13.0,0.06666666666666667,5,0.3333333333333333,10.0,4,0,False,20.0
2023,16,GAS,Alpine,False,12.0,53.0,False,8.0,11.0,0.2,9,8.0,73.0,0,1,False,10.0
2023,16,HAM,Mercedes,False,7.0,53.0,False,5.0,4.6,0.0,11,14.0,278.0,6,1,False,5.0
2023,16,HUL,Haas F1 Team,False,18.0,53.0,False,14.0,14.8,0.06666666666666667,12,0.3333333333333333,9.0,3,0,False,14.0
2023,16,LAW,RB,False,11.0,53.0,False,11.0,11.0,0.0,14,0.6666666666666666,5.0,7,0,False,11.0
2023,16,LEC,Ferrari,False,4.0,53.0,False,9.0,7.4,0.2,15,24.666666666666668,239.0,2,1,False,4.0
2023,16,MAG,Haas F1 Team,False,15.0,53.0,False,14.666666666666666,15.2,0.2,16,0.3333333333333333,9.0,3,1,False,15.0
2023,16,NOR,McLaren,False,3.0,53.0,False,5.666666666666667,5.2,0.0,18,12.0,129.0,5,1,False,2.0
2023,16,OCO,Alpine,False,14.0,53.0,False,15.666666666666666,14.8,0.4,19,8.0,73.0,0,1,False,9.0
2023,16,PER,Red Bull Racing,True,5.0,53.0,False,4.666666666666667,3.8,0.0,20,31.333333333333332,560.0,8,1,False,19.0
2023,16,PIA,McLaren,False,2.0,53.0,False,9.333333333333334,10.6,0.13333333333333333,21,12.0,129.0,5,1,False,3.0
2023,16,RUS,Mercedes,False,8.0,53.0,False,12.666666666666666,10.0,0.2,23,14.0,278.0,6,1,False,7.0
2023,16,SAI,Ferrari,False,6.0,53.0,False,3.0,7.2,0.06666666666666667,24,24.666666666666668,239.0,2,1,False,6.0
2023,16,SAR,Williams,True,20.0,53.0,False,15.666666666666666,16.4,0.26666666666666666,25,3.3333333333333335,21.0,9,1,False,17.0
2023,16,STR,Aston Martin,True,17.0,53.0,False,12.0,12.0,0.14285714285714285,26,7.0,204.0,1,0,False,18.0
2023,16,TSU,RB,False,9.0,53.0,False,14.666666666666666,15.0,0.07142857142857142,27,0.6666666666666666,5.0,7,0,False,12.0
2023,16,VER,Red Bull Racing,False,1.0,53.0,False,2.3333333333333335,1.8,0.0,28,31.333333333333332,560.0,8,1,False,1.0
2023,16,ZHO,Kick Sauber,False,19.0,53.0,False,14.666666666666666,14.6,0.13333333333333333,30,0.3333333333333333,10.0,4,0,False,13.0
2023,17,ALB,Williams,False,13.0,57.0,False,11.333333333333334,11.2,0.1875,0,2.0,21.0,9,1,False,13.0
2023,17,ALO,Aston Martin,False,4.0,57.0,False,10.666666666666666,7.8,0.0,1,2.0,208.0,1,1,False,6.0
2023,17,BOT,Kick Sauber,False,9.0,57.0,False,15.666666666666666,14.6,0.125,5,0.3333333333333333,10.0,4,0,False,8.0
2023,17,GAS,Alpine,False,7.0,57.0,False,10.333333333333334,9.0,0.1875,9,3.6666666666666665,76.0,0,1,False,12.0
2023,17,HAM,Mercedes,True,3.0,57.0,False,4.666666666666667,4.8,0.0,11,16.666666666666668,294.0,6,0,False,19.0
2023,17,HUL,Haas F1 Team,False,14.0,57.0,False,14.666666666666666,14.8,0.0625,12,0.3333333333333333,9.0,3,1,False,16.0
2023,17,LAW,RB,False,17.0,57.0,False,10.333333333333334,11.0,0.0,14,0.6666666666666666,5.0,7,0,False,17.0
2023,17,LEC,Ferrari,False,5.0,57.0,False,4.0,6.8,0.1875,15,28.0,259.0,2,1,False,5.0
2023,17,MAG,Haas F1 Team,False,18.0,57.0,False,14.333333333333334,14.8,0.1875,16,0.3333333333333333,9.0,3,0,False,14.0
2023,17,NOR,McLaren,False,10.0,57.0,False,4.0,5.2,0.0,18,20.333333333333332,162.0,5,1,False,3.0
2023,17,OCO,Alpine,False,8.0,57.0,False,15.333333333333334,12.8,0.375,19,3.6666666666666665,76.0,0,1,False,7.0
2023,17,PER,Red Bull Racing,False,20.0,57.0,False,9.666666666666666,7.0,0.0625,20,27.666666666666668,586.0,8,2,False,10.0
2023,17,PIA,McLaren,False,6.0,57.0,False,7.333333333333333,10.2,0.125,21,20.333333333333332,162.0,5,1,False,2.0
2023,17,RUS,Mercedes,False,2.0,57.0,False,9.333333333333334,10.2,0.1875,23,16.666666666666668,294.0,6,1,False,4.0
2023,17,SAR,Williams,True,15.0,57.0,False,14.666666666666666,16.2,0.3125,25,2.0,21.0,9,1,False,18.0
2023,17,STR,Aston Martin,False,16.0,57.0,False,15.0,12.8,0.2,26,2.0,208.0,1,1,False,11.0
2023,17,TSU,RB,False,11.0,57.0,False,15.333333333333334,14.2,0.06666666666666667,27,0.6666666666666666,5.0,7,1,False,15.0
2023,17,VER,Red Bull Racing,False,1.0,57.0,False,2.3333333333333335,1.8,0.0,28,27.666666666666668,586.0,8,1,False,1.0
2023,17,ZHO,Kick Sauber,False,19.0,57.0,False,13.0,14.0,0.125,30,0.3333333333333333,10.0,4,1,False,9.0
2023,18,ALB,Williams,False,15.0,56.0,False,13.333333333333334,11.0,0.17647058823529413,0,0.0,21.0,9,1,False,9.0
2023,18,ALO,Aston Martin,True,19.0,56.0,False,9.666666666666666,8.0,0.0,1,4.0,216.0,1,1,False,16.0
2023,18,BOT,Kick Sauber,False,13.0,56.0,False,15.0,13.8,0.11764705882352941,5,2.0,16.0,4,1,False,12.0
2023,18,GAS,Alpine,False,7.0,56.0,False,9.333333333333334,9.2,0.17647058823529413,9,5.666666666666667,82.0,0,1,False,6.0
2023,18,HAM,Mercedes,True,3.0,56.0,False,9.0,7.8,0.058823529411764705,11,14.666666666666666,306.0,6,1,False,19.0
2023,18,HUL,Haas F1 Team,False,18.0,56.0,False,14.333333333333334,14.4,0.058823529411764705,12,0.3333333333333333,9.0,3,2,False,11.0
2023,18,LEC,Ferrari,True,1.0,56.0,False,4.333333333333333,7.2,0.17647058823529413,15,22.333333333333332,269.0,2,1,False,20.0
2023,18,MAG,Haas F1 Team,False,17.0,56.0,False,13.0,14.6,0.17647058823529413,16,0.3333333333333333,9.0,3,1,False,14.0
2023,18,NOR,McLaren,False,2.0,56.0,False,2.3333333333333335,4.4,0.0,18,30.0,195.0,5,1,False,2.0
2023,18,OCO,Alpine,True,8.0,56.0,False,11.333333333333334,12.6,0.35294117647058826,19,5.666666666666667,82.0,0,1,False,18.0
2023,18,PER,Red Bull Racing,False,9.0,56.0,False,12.333333333333334,8.6,0.058823529411764705,20,22.333333333333332,613.0,8,1,False,4.0
2023,18,PIA,McLaren,True,10.0,56.0,False,4.0,6.6,0.11764705882352941,21,30.0,195.0,5,1,False,17.0
2023,18,RIC,RB,False,14.0,56.0,False,12.666666666666666,13.0,0.0,22,0.6666666666666666,5.0,7,1,False,15.0
2023,18,RUS,Mercedes,False,5.0,56.0,False,9.0,9.8,0.17647058823529413,23,14.666666666666666,306.0,6,1,False,5.0
2023,18,SAI,Ferrari,False,4.0,56.0,False,3.3333333333333335,6.8,0.0625,24,22.333333333333332,269.0,2,1,False,3.0
2023,18,SAR,Williams,False,16.0,56.0,False,16.333333333333332,16.4,0.35294117647058826,25,0.0,21.0,9,1,False,10.0
2023,18,STR,Aston Martin,False,20.0,56.0,False,15.0,13.0,0.1875,26,4.0,216.0,1,2,False,7.0
2023,18,TSU,RB,False,11.0,56.0,False,15.333333333333334,14.2,0.0625,27,0.6666666666666666,5.0,7,1,False,8.0
2023,18,VER,Red Bull Racing,False,6.0,56.0,False,2.3333333333333335,1.8,0.0,28,22.333333333333332,613.0,8,1,False,1.0
2023,18,ZHO,Kick Sauber,False,12.0,56.0,False,11.333333333333334,13.2,0.11764705882352941,30,2.0,16.0,4,1,False,13.0
2023,19,ALB,Williams,False,14.0,71.0,False,12.666666666666666,11.2,0.16666666666666666,0,1.0,24.0,9,2,False,9.0
2023,19,ALO,Aston Martin,True,13.0,71.0,False,10.0,10.8,0.05555555555555555,1,6.0,222.0,1,1,False,18.0
2023,19,BOT,Kick Sauber,False,9.0,71.0,False,13.333333333333334,13.4,0.1111111111111111,5,2.0,16.0,4,1,False,15.0
2023,19,GAS,Alpine,False,11.0,71.0,False,9.333333333333334,9.8,0.16666666666666666,9,5.666666666666667,90.0,0,1,False,11.0
2023,19,HAM,Mercedes,False,6.0,71.0,False,14.333333333333334,10.4,0.1111111111111111,11,12.666666666666666,316.0,6,1,False,2.0
2023,19,HUL,Haas F1 Team,False,12.0,71.0,False,13.666666666666666,14.2,0.05555555555555555,12,0.0,9.0,3,1,False,13.0
2023,19,LEC,Ferrari,False,1.0,71.0,False,9.666666666666666,7.4,0.2222222222222222,15,15.0,284.0,2,1,False,3.0
2023,19,MAG,Haas F1 Team,True,16.0,71.0,False,14.333333333333334,14.2,0.16666666666666666,16,0.0,9.0,3,1,False,19.0
2023,19,NOR,McLaren,False,17.0,71.0,False,2.3333333333333335,3.4,0.0,18,28.0,213.0,5,0,False,5.0
2023,19,OCO,Alpine,False,15.0,71.0,False,11.333333333333334,14.2,0.3888888888888889,19,5.666666666666667,90.0,0,2,False,10.0
2023,19,PER,Red Bull Racing,True,5.0,71.0,False,11.0,8.6,0.05555555555555555,20,30.0,650.0,8,1,False,20.0
2023,19,PIA,McLaren,False,7.0,71.0,False,7.333333333333333,8.2,0.16666666666666666,21,28.0,213.0,5,1,False,8.0
2023,19,RIC,RB,False,4.0,71.0,False,14.666666666666666,14.6,0.0,22,1.6666666666666667,10.0,7,1,False,7.0
2023,19,RUS,Mercedes,False,8.0,71.0,False,5.333333333333333,7.4,0.16666666666666666,23,12.666666666666666,316.0,6,1,False,6.0
2023,19,SAI,Ferrari,False,2.0,71.0,False,3.3333333333333335,3.6,0.058823529411764705,24,15.0,284.0,2,1,False,4.0
2023,19,SAR,Williams,True,19.0,71.0,False,15.0,14.4,0.3333333333333333,25,1.0,24.0,9,1,False,16.0
2023,19,STR,Aston Martin,True,21.0,71.0,False,12.0,12.6,0.17647058823529413,26,6.0,222.0,1,1,False,17.0
2023,19,TSU,RB,False,18.0,71.0,False,11.666666666666666,13.8,0.058823529411764705,27,1.6666666666666667,10.0,7,1,False,12.0
2023,19,VER,Red Bull Racing,False,3.0,71.0,False,1.0,1.8,0.0,28,30.0,650.0,8,1,False,1.0
2023,19,ZHO,Kick Sauber,False,10.0,71.0,False,11.666666666666666,12.2,0.1111111111111111,30,2.0,16.0,4,1,False,14.0
2023,20,ALB,Williams,True,13.0,71.0,False,10.333333333333334,11.6,0.15789473684210525,0,1.6666666666666667,26.0,9,0,False,19.0
2023,20,ALO,Aston Martin,False,4.0,71.0,False,13.333333333333334,12.6,0.10526315789473684,1,4.666666666666667,222.0,1,0,False,3.0
2023,20,BOT,Kick Sauber,True,18.0,71.0,False,11.666666666666666,14.4,0.10526315789473684,5,2.0,16.0,4,0,False,16.0
2023,20,GAS,Alpine,False,15.0,71.0,False,9.666666666666666,9.0,0.15789473684210525,9,5.0,91.0,0,0,False,7.0
2023,20,HAM,Mercedes,False,5.0,71.0,False,13.333333333333334,9.6,0.10526315789473684,11,16.333333333333332,343.0,6,0,False,8.0
2023,20,HUL,Haas F1 Team,False,11.0,71.0,False,13.333333333333334,13.4,0.05263157894736842,12,0.0,9.0,3,0,False,12.0
2023,20,MAG,Haas F1 Team,True,12.0,71.0,False,15.666666666666666,14.4,0.21052631578947367,16,0.0,9.0,3,0,False,18.0
2023,20,NOR,McLaren,False,6.0,71.0,False,3.3333333333333335,2.8,0.0,18,21.666666666666668,227.0,5,0,False,2.0
2023,20,OCO,Alpine,False,14.0,71.0,False,11.666666666666666,12.4,0.3684210526315789,19,5.0,91.0,0,0,False,10.0
2023,20,PER,Red Bull Racing,False,9.0,71.0,False,11.333333333333334,12.2,0.10526315789473684,20,29.666666666666668,675.0,8,0,False,4.0
2023,20,PIA,McLaren,False,10.0,71.0,False,9.0,7.4,0.15789473684210525,21,21.666666666666668,227.0,5,0,False,14.0
2023,20,RIC,RB,False,17.0,71.0,False,12.666666666666666,12.0,0.0,22,3.6666666666666665,16.0,7,0,False,13.0
2023,20,RUS,Mercedes,True,8.0,71.0,False,5.0,7.6,0.15789473684210525,23,16.333333333333332,343.0,6,0,False,15.0
2023,20,SAI,Ferrari,False,7.0,71.0,False,4.333333333333333,3.4,0.05555555555555555,24,17.333333333333332,311.0,2,0,False,6.0
2023,20,SAR,Williams,False,19.0,71.0,False,14.666666666666666,15.0,0.3684210526315789,25,1.6666666666666667,26.0,9,1,False,11.0
2023,20,STR,Aston Martin,False,3.0,71.0,False,11.666666666666666,13.8,0.2222222222222222,26,4.666666666666667,222.0,1,0,False,5.0
2023,20,TSU,RB,False,16.0,71.0,False,11.666666666666666,13.2,0.05555555555555555,27,3.6666666666666665,16.0,7,0,False,9.0
2023,20,VER,Red Bull Racing,False,1.0,71.0,False,1.0,1.8,0.0,28,29.666666666666668,675.0,8,0,False,1.0
2023,20,ZHO,Kick Sauber,True,20.0,71.0,False,12.0,12.2,0.10526315789473684,30,2.0,16.0,4,0,False,17.0
2023,21,ALB,Williams,False,5.0,50.0,True,12.333333333333334,13.2,0.2,0,1.6666666666666667,26.0,9,1,False,12.0
2023,21,ALO,Aston Martin,False,9.0,50.0,True,12.333333333333334,10.2,0.1,1,10.333333333333334,247.0,1,1,False,9.0
2023,21,BOT,Kick Sauber,False,7.0,50.0,True,14.333333333333334,14.2,0.15,5,0.0,16.0,4,1,False,17.0
2023,21,GAS,Alpine,False,4.0,50.0,True,8.0,9.2,0.15,9,5.333333333333333,98.0,0,1,False,11.0
2023,21,HAM,Mercedes,False,10.0,50.0,True,9.666666666666666,10.6,0.1,11,13.666666666666666,347.0,6,2,False,7.0
2023,21,HUL,Haas F1 Team,True,13.0,50.0,True,12.0,13.2,0.05,12,0.0,9.0,3,1,False,19.0
2023,21,LEC,Ferrari,False,1.0,50.0,True,9.333333333333334,7.2,0.21052631578947367,15,16.666666666666668,319.0,2,1,False,2.0
2023,21,MAG,Haas F1 Team,False,8.0,50.0,True,17.0,16.0,0.25,16,0.0,9.0,3,1,False,13.0
2023,21,NOR,McLaren,True,15.0,50.0,True,3.0,2.8,0.0,18,17.0,246.0,5,1,False,20.0
2023,21,OCO,Alpine,False,16.0,50.0,True,12.666666666666666,10.8,0.35,19,5.333333333333333,98.0,0,1,False,4.0
2023,21,PER,Red Bull Racing,False,11.0,50.0,True,9.333333333333334,11.4,0.1,20,33.0,712.0,8,1,False,3.0
2023,21,PIA,McLaren,False,18.0,50.0,True,13.0,8.8,0.15,21,17.0,246.0,5,2,False,10.0
2023,21,RIC,RB,False,14.0,50.0,True,11.666666666666666,12.8,0.0,22,4.333333333333333,18.0,7,1,False,14.0
2023,21,RUS,Mercedes,False,3.0,50.0,True,8.666666666666666,7.4,0.2,23,13.666666666666666,347.0,6,1,False,8.0
2023,21,SAI,Ferrari,False,12.0,50.0,True,4.333333333333333,4.0,0.05263157894736842,24,16.666666666666668,319.0,2,1,False,6.0
2023,21,SAR,Williams,False,6.0,50.0,True,12.333333333333334,14.4,0.35,25,1.6666666666666667,26.0,9,1,False,16.0
2023,21,STR,Aston Martin,False,19.0,50.0,True,9.666666666666666,11.6,0.21052631578947367,26,10.333333333333334,247.0,1,0,False,5.0
2023,21,TSU,RB,True,20.0,50.0,True,9.666666666666666,11.2,0.05263157894736842,27,4.333333333333333,18.0,7,0,False,18.0
2023,21,VER,Red Bull Racing,False,2.0,50.0,True,1.0,1.0,0.0,28,33.0,712.0,8,1,False,1.0
2023,21,ZHO,Kick Sauber,False,17.0,50.0,True,14.666666666666666,13.2,0.15,30,0.0,16.0,4,2,False,15.0
2023,22,ALB,Williams,False,14.0,58.0,True,13.333333333333334,12.4,0.19047619047619047,0,0.6666666666666666,26.0,9,1,False,14.0
2023,22,ALO,Aston Martin,False,7.0,58.0,True,10.0,10.4,0.09523809523809523,1,12.333333333333334,259.0,1,1,False,7.0
2023,22,BOT,Kick Sauber,False,18.0,58.0,True,16.0,13.6,0.14285714285714285,5,0.0,16.0,4,2,False,19.0
2023,22,GAS,Alpine,False,10.0,58.0,True,9.666666666666666,9.4,0.14285714285714285,9,6.666666666666667,110.0,0,1,False,13.0
2023,22,HAM,Mercedes,False,11.0,58.0,True,5.666666666666667,11.0,0.09523809523809523,11,13.666666666666666,357.0,6,1,False,9.0
2023,22,HUL,Haas F1 Team,False,8.0,58.0,True,14.666666666666666,14.2,0.09523809523809523,12,0.0,9.0,3,1,False,15.0
2023,22,LEC,Ferrari,False,2.0,58.0,True,8.333333333333334,6.8,0.2,15,20.333333333333332,345.0,2,1,False,2.0
2023,22,MAG,Haas F1 Team,False,17.0,58.0,True,16.666666666666668,15.6,0.23809523809523808,16,0.0,9.0,3,1,False,20.0
2023,22,NOR,McLaren,False,5.0,58.0,True,9.0,6.4,0.047619047619047616,18,11.666666666666666,248.0,5,1,False,5.0
2023,22,OCO,Alpine,False,12.0,58.0,True,8.0,9.8,0.3333333333333333,19,6.666666666666667,110.0,0,1,False,12.0
2023,22,PER,Red Bull Racing,False,9.0,58.0,True,9.0,8.2,0.09523809523809523,20,34.0,752.0,8,1,False,4.0
2023,22,PIA,McLaren,False,3.0,58.0,True,10.666666666666666,10.2,0.14285714285714285,21,11.666666666666666,248.0,5,1,False,6.0
2023,22,RIC,RB,False,15.0,58.0,True,11.333333333333334,13.0,0.0,22,2.6666666666666665,18.0,7,1,False,11.0
2023,22,RUS,Mercedes,False,4.0,58.0,True,9.666666666666666,7.6,0.19047619047619047,23,13.666666666666666,357.0,6,1,False,3.0
2023,22,SAI,Ferrari,True,16.0,58.0,True,5.333333333333333,5.0,0.05,24,20.333333333333332,345.0,2,2,False,18.0
2023,22,SAR,Williams,False,20.0,58.0,True,14.333333333333334,14.2,0.3333333333333333,25,0.6666666666666666,26.0,9,1,False,16.0
2023,22,STR,Aston Martin,False,13.0,58.0,True,9.0,9.0,0.2,26,12.333333333333334,259.0,1,2,False,10.0
2023,22,TSU,RB,False,6.0,58.0,True,13.0,12.4,0.1,27,2.6666666666666665,18.0,7,1,False,8.0
2023,22,VER,Red Bull Racing,False,1.0,58.0,True,1.0,1.0,0.0,28,34.0,752.0,8,1,False,1.0
2023,22,ZHO,Kick Sauber,False,19.0,58.0,True,15.333333333333334,13.6,0.14285714285714285,30,0.0,16.0,4,1,False,17.0
2024,1,ALB,Williams,False,13.0,57.0,False,15.0,12.6,,0,0.0,,9,0,False,15.0
2024,1,ALO,Aston Martin,False,6.0,57.0,False,6.333333333333333,10.6,,1,14.666666666666666,,1,0,False,9.0
2024,1,BOT,Kick Sauber,False,16.0,57.0,False,17.333333333333332,15.8,,5,0.0,,4,0,False,19.0
2024,1,GAS,Alpine,False,20.0,57.0,False,10.333333333333334,9.6,,9,6.333333333333333,,0,0,False,18.0
2024,1,HAM,Mercedes,False,9.0,57.0,False,8.0,9.0,,11,10.333333333333334,,6,0,False,7.0
2024,1,HUL,Haas F1 Team,False,10.0,57.0,False,15.333333333333334,14.0,,12,0.0,,3,0,False,16.0
2024,1,LEC,Ferrari,False,2.0,57.0,False,2.3333333333333335,6.4,,15,17.333333333333332,,2,0,False,4.0
2024,1,MAG,Haas F1 Team,False,15.0,57.0,False,17.0,16.8,,16,0.0,,3,0,False,12.0
2024,1,NOR,McLaren,False,7.0,57.0,False,9.0,6.8,,18,13.0,,5,0,False,6.0
2024,1,OCO,Alpine,False,19.0,57.0,False,8.666666666666666,10.8,,19,6.333333333333333,,0,0,False,17.0
2024,1,PER,Red Bull Racing,False,5.0,57.0,False,3.6666666666666665,7.0,,20,38.333333333333336,,8,0,False,2.0
2024,1,PIA,McLaren,False,8.0,57.0,False,10.0,11.0,,21,13.0,,5,0,False,8.0
2024,1,RIC,RB,False,14.0,57.0,False,12.666666666666666,12.0,,22,2.0,,7,0,False,13.0
2024,1,RUS,Mercedes,False,3.0,57.0,False,8.666666666666666,7.4,,23,10.333333333333334,,6,0,False,5.0
2024,1,SAI,Ferrari,False,4.0,57.0,False,10.0,7.4,,24,17.333333333333332,,2,0,False,3.0
2024,1,SAR,Williams,False,18.0,57.0,False,14.333333333333334,13.8,,25,0.0,,9,0,False,20.0
2024,1,STR,Aston Martin,False,12.0,57.0,False,6.666666666666667,8.8,,26,14.666666666666666,,1,0,False,10.0
2024,1,TSU,RB,False,11.0,57.0,False,11.666666666666666,11.0,,27,2.0,,7,0,False,14.0
2024,1,VER,Red Bull Racing,False,1.0,57.0,False,1.0,1.0,,28,38.333333333333336,,8,0,False,1.0
2024,1,ZHO,Kick Sauber,False,17.0,57.0,False,16.333333333333332,15.2,,30,0.0,,4,0,False,11.0
2024,2,ALB,Williams,False,12.0,50.0,True,13.666666666666666,13.8,0.0,0,0.0,0.0,9,1,False,11.0
2024,2,ALO,Aston Martin,False,4.0,50.0,True,8.333333333333334,9.2,0.0,1,7.333333333333333,3.0,1,1,False,5.0
2024,2,BEA,Ferrari,False,11.0,50.0,True,,,,3,23.666666666666668,27.0,2,0,False,7.0
2024,2,BOT,Kick Sauber,False,16.0,50.0,True,18.333333333333332,17.2,0.0,5,0.0,0.0,4,0,False,17.0
2024,2,GAS,Alpine,True,18.0,50.0,True,14.0,12.0,0.0,9,4.0,0.0,0,1,False,20.0
2024,2,HAM,Mercedes,False,8.0,50.0,True,7.666666666666667,6.6,0.0,11,14.333333333333334,16.0,6,1,False,9.0
2024,2,HUL,Haas F1 Team,False,15.0,50.0,True,16.666666666666668,15.0,0.0,12,0.0,0.0,3,1,False,10.0
2024,2,LEC,Ferrari,False,2.0,50.0,True,2.6666666666666665,6.2,0.0,15,23.666666666666668,27.0,2,1,False,3.0
2024,2,MAG,Haas F1 Team,False,13.0,50.0,True,15.0,16.4,0.0,16,0.0,0.0,3,1,False,12.0
2024,2,NOR,McLaren,False,6.0,50.0,True,10.333333333333334,7.6,0.0,18,10.666666666666666,12.0,5,1,False,8.0
2024,2,OCO,Alpine,False,17.0,50.0,True,11.0,10.6,0.0,19,4.0,0.0,0,1,False,13.0
2024,2,PER,Red Bull Racing,False,3.0,50.0,True,3.0,6.6,0.0,20,40.666666666666664,44.0,8,1,False,2.0
2024,2,PIA,McLaren,False,5.0,50.0,True,8.0,9.2,0.0,21,10.666666666666666,12.0,5,1,False,4.0
2024,2,RIC,RB,False,14.0,50.0,True,12.666666666666666,11.6,0.0,22,1.3333333333333333,0.0,7,1,False,16.0
2024,2,RUS,Mercedes,False,7.0,50.0,True,5.333333333333333,7.4,0.0,23,14.333333333333334,16.0,6,1,False,6.0
2024,2,SAR,Williams,False,19.0,50.0,True,17.333333333333332,15.8,0.0,25,0.0,0.0,9,1,False,14.0
2024,2,STR,Aston Martin,True,10.0,50.0,True,8.333333333333334,9.4,0.0,26,7.333333333333333,3.0,1,1,False,19.0
2024,2,TSU,RB,False,9.0,50.0,True,13.333333333333334,12.2,0.0,27,1.3333333333333333,0.0,7,1,False,15.0
2024,2,VER,Red Bull Racing,False,1.0,50.0,True,1.0,1.0,0.0,28,40.666666666666664,44.0,8,1,False,1.0
2024,2,ZHO,Kick Sauber,False,20.0,50.0,True,14.333333333333334,14.8,0.0,30,0.0,0.0,4,1,False,18.0
2024,3,ALB,Williams,False,12.0,58.0,True,13.333333333333334,14.2,0.0,0,0.0,0.0,9,1,False,11.0
2024,3,ALO,Aston Martin,False,10.0,58.0,True,7.0,6.6,0.0,1,6.666666666666667,13.0,1,2,False,8.0
2024,3,BOT,Kick Sauber,False,13.0,58.0,True,18.333333333333332,17.6,0.0,5,0.0,0.0,4,1,False,14.0
2024,3,GAS,Alpine,False,17.0,58.0,True,17.0,13.8,0.5,9,0.0,0.0,0,1,False,13.0
2024,3,HAM,Mercedes,True,11.0,58.0,True,8.333333333333334,8.0,0.0,11,14.333333333333334,26.0,6,0,False,18.0
2024,3,HUL,Haas F1 Team,False,16.0,58.0,True,13.666666666666666,14.4,0.0,12,0.3333333333333333,1.0,3,2,False,9.0
2024,3,LEC,Ferrari,False,4.0,58.0,True,3.0,2.8,0.0,15,22.333333333333332,49.0,2,1,False,2.0
2024,3,MAG,Haas F1 Team,False,14.0,58.0,True,14.666666666666666,15.0,0.0,16,0.3333333333333333,1.0,3,1,False,10.0
2024,3,NOR,McLaren,False,3.0,58.0,True,6.333333333333333,8.2,0.0,18,15.333333333333334,28.0,5,1,False,3.0
2024,3,OCO,Alpine,False,15.0,58.0,True,14.0,11.2,0.0,19,0.0,0.0,0,1,False,16.0
2024,3,PER,Red Bull Racing,False,6.0,58.0,True,2.6666666666666665,3.0,0.0,20,41.666666666666664,87.0,8,1,False,5.0
2024,3,PIA,McLaren,False,5.0,58.0,True,6.0,8.4,0.0,21,15.333333333333334,28.0,5,1,False,4.0
2024,3,RIC,RB,False,18.0,58.0,True,13.333333333333334,13.4,0.0,22,1.3333333333333333,0.0,7,0,False,12.0
2024,3,RUS,Mercedes,True,7.0,58.0,True,4.666666666666667,7.4,0.0,23,14.333333333333334,26.0,6,1,False,17.0
2024,3,SAI,Ferrari,False,2.0,58.0,True,9.0,7.4,0.0,24,22.333333333333332,49.0,2,1,False,1.0
2024,3,STR,Aston Martin,False,9.0,58.0,True,13.0,9.8,0.5,26,6.666666666666667,13.0,1,1,False,6.0
2024,3,TSU,RB,False,8.0,58.0,True,12.333333333333334,12.8,0.0,27,1.3333333333333333,0.0,7,1,False,7.0
2024,3,VER,Red Bull Racing,True,1.0,58.0,True,1.0,1.0,0.0,28,41.666666666666664,87.0,8,1,False,19.0
2024,3,ZHO,Kick Sauber,False,19.0,58.0,True,15.333333333333334,15.6,0.0,30,0.0,0.0,4,0,False,15.0
2024,4,ALB,Williams,True,14.0,53.0,False,12.333333333333334,12.6,0.0,0,0.0,0.0,9,0,False,20.0
2024,4,ALO,Aston Martin,False,5.0,53.0,False,7.333333333333333,7.6,0.0,1,8.333333333333334,25.0,1,0,False,6.0
2024,4,BOT,Kick Sauber,False,13.0,53.0,False,16.666666666666668,17.2,0.0,5,0.0,0.0,4,0,False,14.0
2024,4,GAS,Alpine,False,17.0,53.0,False,17.0,15.0,0.3333333333333333,9,0.0,0.0,0,0,False,16.0
2024,4,HAM,Mercedes,False,7.0,53.0,False,11.333333333333334,10.0,0.3333333333333333,11,8.666666666666666,26.0,6,1,False,9.0
2024,4,HUL,Haas F1 Team,False,12.0,53.0,False,11.666666666666666,13.8,0.0,12,1.3333333333333333,4.0,3,0,False,11.0
2024,4,LEC,Ferrari,False,8.0,53.0,False,3.0,2.6,0.0,15,31.0,93.0,2,1,False,4.0
2024,4,MAG,Haas F1 Team,False,18.0,53.0,False,11.333333333333334,13.4,0.0,16,1.3333333333333333,4.0,3,1,False,13.0
2024,4,NOR,McLaren,False,3.0,53.0,False,5.666666666666667,8.4,0.0,18,18.333333333333332,55.0,5,1,False,5.0
2024,4,OCO,Alpine,False,15.0,53.0,False,15.333333333333334,12.4,0.0,19,0.0,0.0,0,0,False,15.0
2024,4,PER,Red Bull Racing,False,2.0,53.0,False,3.0,3.2,0.0,20,32.333333333333336,97.0,8,1,False,2.0
2024,4,PIA,McLaren,False,6.0,53.0,False,5.333333333333333,6.4,0.0,21,18.333333333333332,55.0,5,1,False,8.0
2024,4,RIC,RB,True,11.0,53.0,False,13.666666666666666,13.2,0.0,22,2.0,6.0,7,1,False,19.0
2024,4,RUS,Mercedes,False,9.0,53.0,False,9.333333333333334,7.8,0.3333333333333333,23,8.666666666666666,26.0,6,1,False,7.0
2024,4,SAI,Ferrari,False,4.0,53.0,False,7.333333333333333,6.8,0.0,24,31.0,93.0,2,1,False,3.0
2024,4,SAR,Williams,False,19.0,53.0,False,16.666666666666668,15.4,0.0,25,0.0,0.0,9,0,False,17.0
2024,4,STR,Aston Martin,False,16.0,53.0,False,11.666666666666666,10.0,0.3333333333333333,26,8.333333333333334,25.0,1,0,False,12.0
2024,4,TSU,RB,False,10.0,53.0,False,12.0,12.4,0.0,27,2.0,6.0,7,1,False,10.0
2024,4,VER,Red Bull Racing,False,1.0,53.0,False,7.0,4.6,0.3333333333333333,28,32.333333333333336,97.0,8,1,False,1.0
2024,4,ZHO,Kick Sauber,True,20.0,53.0,False,14.666666666666666,15.2,0.0,30,0.0,0.0,4,1,False,18.0
2024,5,ALB,Williams,False,14.0,56.0,False,14.0,14.2,0.25,0,0.0,0.0,9,1,False,12.0
2024,5,ALO,Aston Martin,False,3.0,56.0,False,6.333333333333333,7.0,0.0,1,10.0,33.0,1,1,False,7.0
2024,5,BOT,Kick Sauber,True,10.0,56.0,False,15.0,16.6,0.0,5,0.0,0.0,4,1,False,20.0
2024,5,GAS,Alpine,False,15.0,56.0,False,16.333333333333332,16.0,0.25,9,0.0,0.0,0,1,False,13.0
2024,5,HAM,Mercedes,False,18.0,56.0,False,12.0,10.4,0.25,11,6.0,34.0,6,0,False,9.0
2024,5,HUL,Haas F1 Team,False,9.0,56.0,False,10.0,12.2,0.0,12,1.3333333333333333,4.0,3,1,False,10.0
2024,5,LEC,Ferrari,False,6.0,56.0,False,3.0,3.0,0.0,15,31.0,120.0,2,1,False,4.0
2024,5,MAG,Haas F1 Team,False,17.0,56.0,False,11.666666666666666,13.4,0.0,16,1.3333333333333333,4.0,3,2,False,16.0
2024,5,NOR,McLaren,False,4.0,56.0,False,5.333333333333333,5.4,0.0,18,19.0,69.0,5,1,False,2.0
2024,5,OCO,Alpine,False,13.0,56.0,False,14.666666666666666,14.6,0.0,19,0.0,0.0,0,1,False,11.0
2024,5,PER,Red Bull Racing,False,2.0,56.0,False,3.0,3.0,0.0,20,32.333333333333336,141.0,8,1,False,3.0
2024,5,PIA,McLaren,False,5.0,56.0,False,5.333333333333333,6.0,0.0,21,19.0,69.0,5,1,False,8.0
2024,5,RIC,RB,True,12.0,56.0,False,15.666666666666666,14.2,0.25,22,2.3333333333333335,7.0,7,1,False,18.0
2024,5,RUS,Mercedes,False,8.0,56.0,False,10.0,7.6,0.25,23,6.0,34.0,6,1,False,6.0
2024,5,SAI,Ferrari,False,7.0,56.0,False,2.3333333333333335,6.2,0.0,24,31.0,120.0,2,1,False,5.0
2024,5,SAR,Williams,False,20.0,56.0,False,17.0,16.6,0.0,25,0.0,0.0,9,0,False,17.0
2024,5,STR,Aston Martin,False,11.0,56.0,False,12.333333333333334,11.4,0.25,26,10.0,33.0,1,0,False,15.0
2024,5,TSU,RB,True,19.0,56.0,False,10.666666666666666,10.8,0.0,27,2.3333333333333335,7.0,7,0,False,19.0
2024,5,VER,Red Bull Racing,False,1.0,56.0,False,7.0,4.6,0.25,28,32.333333333333336,141.0,8,1,False,1.0
2024,5,ZHO,Kick Sauber,False,16.0,56.0,False,17.0,15.8,0.25,30,0.0,0.0,4,1,False,14.0
2024,6,ALB,Williams,False,14.0,57.0,True,14.333333333333334,13.8,0.2,0,0.0,0.0,9,1,False,18.0
2024,6,ALO,Aston Martin,False,15.0,57.0,True,7.0,7.0,0.0,1,9.0,40.0,1,2,False,9.0
2024,6,BOT,Kick Sauber,False,16.0,57.0,True,16.0,16.8,0.2,5,0.0,0.0,4,0,False,16.0
2024,6,GAS,Alpine,False,12.0,57.0,True,14.0,16.0,0.2,9,0.0,0.0,0,1,False,12.0
2024,6,HAM,Mercedes,False,8.0,57.0,True,12.0,10.4,0.2,11,6.0,44.0,6,2,False,6.0
2024,6,HUL,Haas F1 Team,False,9.0,57.0,True,10.0,11.2,0.0,12,1.3333333333333333,5.0,3,1,False,11.0
2024,6,LEC,Ferrari,False,2.0,57.0,True,3.3333333333333335,3.4,0.0,15,31.0,142.0,2,1,False,3.0
2024,6,MAG,Haas F1 Team,False,18.0,57.0,True,13.0,12.6,0.0,16,1.3333333333333333,5.0,3,2,False,19.0
2024,6,NOR,McLaren,False,5.0,57.0,True,3.3333333333333335,4.8,0.0,18,21.0,91.0,5,1,False,1.0
2024,6,OCO,Alpine,False,13.0,57.0,True,14.0,14.4,0.0,19,0.0,0.0,0,1,False,10.0
2024,6,PER,Red Bull Racing,False,4.0,57.0,True,3.3333333333333335,2.8,0.0,20,31.333333333333332,181.0,8,1,False,4.0
2024,6,PIA,McLaren,False,6.0,57.0,True,6.666666666666667,6.4,0.0,21,21.0,91.0,5,1,False,13.0
2024,6,RIC,RB,False,20.0,57.0,True,16.333333333333332,15.6,0.4,22,2.3333333333333335,7.0,7,2,False,15.0
2024,6,RUS,Mercedes,False,7.0,57.0,True,10.0,8.2,0.2,23,6.0,44.0,6,1,False,8.0
2024,6,SAI,Ferrari,False,3.0,57.0,True,3.0,6.0,0.0,24,31.0,142.0,2,1,False,5.0
2024,6,SAR,Williams,True,17.0,57.0,True,16.0,16.8,0.0,25,0.0,0.0,9,1,False,20.0
2024,6,STR,Aston Martin,False,11.0,57.0,True,11.0,12.4,0.2,26,9.0,40.0,1,1,False,17.0
2024,6,TSU,RB,False,10.0,57.0,True,12.0,13.0,0.2,27,2.3333333333333335,7.0,7,1,False,7.0
2024,6,VER,Red Bull Racing,False,1.0,57.0,True,7.0,4.6,0.2,28,31.333333333333332,181.0,8,1,False,2.0
2024,6,ZHO,Kick Sauber,False,19.0,57.0,True,15.666666666666666,15.2,0.2,30,0.0,0.0,4,1,False,14.0
2024,7,ALB,Williams,True,14.0,63.0,False,16.666666666666668,14.4,0.16666666666666666,0,0.0,0.0,9,1,False,20.0
2024,7,ALO,Aston Martin,False,20.0,63.0,False,7.333333333333333,7.0,0.0,1,5.666666666666667,42.0,1,0,False,19.0
2024,7,BOT,Kick Sauber,False,16.0,63.0,False,16.666666666666668,16.2,0.16666666666666666,5,0.0,0.0,4,1,False,18.0
2024,7,GAS,Alpine,False,15.0,63.0,False,13.666666666666666,14.8,0.16666666666666666,9,0.3333333333333333,1.0,0,0,False,16.0
2024,7,HAM,Mercedes,False,8.0,63.0,False,8.0,10.2,0.16666666666666666,11,10.0,56.0,6,1,False,6.0
2024,7,HUL,Haas F1 Team,False,10.0,63.0,False,10.666666666666666,10.2,0.0,12,0.3333333333333333,5.0,3,1,False,11.0
2024,7,LEC,Ferrari,False,3.0,63.0,False,3.6666666666666665,3.2,0.0,15,24.666666666666668,167.0,2,1,False,3.0
2024,7,MAG,Haas F1 Team,False,18.0,63.0,False,16.0,14.0,0.0,16,0.3333333333333333,5.0,3,1,False,12.0
2024,7,NOR,McLaren,False,2.0,63.0,False,2.6666666666666665,3.8,0.0,18,20.333333333333332,116.0,5,1,False,2.0
2024,7,OCO,Alpine,False,12.0,63.0,False,12.0,13.0,0.0,19,0.3333333333333333,1.0,0,1,False,14.0
2024,7,PER,Red Bull Racing,False,11.0,63.0,False,3.0,3.2,0.0,20,38.0,211.0,8,2,False,8.0
2024,7,PIA,McLaren,False,5.0,63.0,False,9.666666666666666,7.4,0.0,21,20.333333333333332,116.0,5,1,False,4.0
2024,7,RIC,RB,False,9.0,63.0,False,17.333333333333332,16.0,0.3333333333333333,22,2.3333333333333335,13.0,7,1,False,13.0
2024,7,RUS,Mercedes,False,6.0,63.0,False,7.0,8.8,0.16666666666666666,23,10.0,56.0,6,1,False,7.0
2024,7,SAI,Ferrari,False,4.0,63.0,False,4.333333333333333,3.4,0.0,24,24.666666666666668,167.0,2,1,False,5.0
2024,7,SAR,Williams,False,19.0,63.0,False,18.0,17.6,0.2,25,0.0,0.0,9,2,False,17.0
2024,7,STR,Aston Martin,False,13.0,63.0,False,14.666666666666666,13.8,0.16666666666666666,26,5.666666666666667,42.0,1,1,False,9.0
2024,7,TSU,RB,False,7.0,63.0,False,12.0,11.6,0.16666666666666666,27,2.3333333333333335,13.0,7,1,False,10.0
2024,7,VER,Red Bull Racing,False,1.0,63.0,False,1.3333333333333333,4.8,0.16666666666666666,28,38.0,211.0,8,1,False,1.0
2024,7,ZHO,Kick Sauber,False,17.0,63.0,False,15.333333333333334,15.8,0.16666666666666666,30,0.0,0.0,4,2,False,15.0
2024,8,ALB,Williams,False,9.0,78.0,True,16.666666666666668,16.2,0.2857142857142857,0,0.0,0.0,9,1,False,9.0
2024,8,ALO,Aston Martin,False,14.0,78.0,True,11.666666666666666,9.8,0.0,1,3.6666666666666665,44.0,1,2,False,11.0
2024,8,BOT,Kick Sauber,False,17.0,78.0,True,18.0,16.4,0.14285714285714285,5,0.0,0.0,4,2,False,13.0
2024,8,GAS,Alpine,False,10.0,78.0,True,13.666666666666666,14.0,0.14285714285714285,9,0.3333333333333333,1.0,0,2,False,10.0
2024,8,HAM,Mercedes,False,7.0,78.0,True,7.0,9.6,0.14285714285714285,11,12.333333333333334,71.0,6,2,False,7.0
2024,8,HUL,Haas F1 Team,True,19.0,78.0,True,10.666666666666666,10.4,0.0,12,0.3333333333333333,5.0,3,1,False,19.0
2024,8,LEC,Ferrari,False,1.0,78.0,True,3.3333333333333335,3.2,0.0,15,24.0,192.0,2,1,False,1.0
2024,8,MAG,Haas F1 Team,True,20.0,78.0,True,15.666666666666666,14.0,0.0,16,0.3333333333333333,5.0,3,2,False,20.0
2024,8,NOR,McLaren,False,4.0,78.0,True,1.6666666666666667,2.6,0.0,18,25.666666666666668,146.0,5,1,False,4.0
2024,8,OCO,Alpine,True,11.0,78.0,True,11.666666666666666,13.2,0.0,19,0.3333333333333333,1.0,0,2,False,17.0
2024,8,PER,Red Bull Racing,True,16.0,78.0,True,5.0,4.4,0.0,20,33.0,240.0,8,2,False,18.0
2024,8,PIA,McLaren,False,2.0,78.0,True,8.333333333333334,7.4,0.0,21,25.666666666666668,146.0,5,1,False,2.0
2024,8,RIC,RB,False,12.0,78.0,True,15.333333333333334,15.4,0.2857142857142857,22,2.3333333333333335,14.0,7,1,False,12.0
2024,8,RUS,Mercedes,False,5.0,78.0,True,7.0,9.0,0.14285714285714285,23,12.333333333333334,71.0,6,2,False,5.0
2024,8,SAI,Ferrari,False,3.0,78.0,True,5.0,3.8,0.0,24,24.0,192.0,2,1,False,3.0
2024,8,SAR,Williams,False,15.0,78.0,True,18.0,17.0,0.16666666666666666,25,0.0,0.0,9,2,False,15.0
2024,8,STR,Aston Martin,False,13.0,78.0,True,13.666666666666666,11.8,0.14285714285714285,26,3.6666666666666665,44.0,1,2,False,14.0
2024,8,TSU,RB,False,8.0,78.0,True,12.0,10.6,0.14285714285714285,27,2.3333333333333335,14.0,7,1,False,8.0
2024,8,VER,Red Bull Racing,False,6.0,78.0,True,1.3333333333333333,4.8,0.14285714285714285,28,33.0,240.0,8,2,False,6.0
2024,8,ZHO,Kick Sauber,False,18.0,78.0,True,14.333333333333334,15.2,0.14285714285714285,30,0.0,0.0,4,1,False,16.0
2024,9,ALB,Williams,True,10.0,70.0,False,15.666666666666666,15.8,0.25,0,0.6666666666666666,2.0,9,3,True,17.0
2024,9,ALO,Aston Martin,False,6.0,70.0,False,13.0,10.4,0.0,1,1.3333333333333333,44.0,1,3,True,6.0
2024,9,BOT,Kick Sauber,False,19.0,70.0,False,15.666666666666666,16.2,0.125,5,0.0,0.0,4,3,True,13.0
2024,9,GAS,Alpine,False,15.0,70.0,False,12.666666666666666,13.4,0.125,9,0.6666666666666666,2.0,0,3,True,9.0
2024,9,HAM,Mercedes,False,7.0,70.0,False,6.333333333333333,7.4,0.125,11,14.666666666666666,88.0,6,3,True,4.0
2024,9,HUL,Haas F1 Team,False,17.0,70.0,False,13.666666666666666,12.4,0.125,12,0.0,5.0,3,4,True,11.0
2024,9,LEC,Ferrari,True,11.0,70.0,False,2.3333333333333335,3.0,0.0,15,30.0,232.0,2,3,True,19.0
2024,9,MAG,Haas F1 Team,False,14.0,70.0,False,17.0,16.0,0.125,16,0.0,5.0,3,4,True,12.0
2024,9,NOR,McLaren,False,3.0,70.0,False,2.3333333333333335,2.8,0.0,18,28.333333333333332,176.0,5,3,True,2.0
2024,9,OCO,Alpine,False,18.0,70.0,False,13.666666666666666,13.4,0.125,19,0.6666666666666666,2.0,0,3,True,10.0
2024,9,PER,Red Bull Racing,True,16.0,70.0,False,10.0,7.0,0.125,20,22.333333333333332,248.0,8,3,True,18.0
2024,9,PIA,McLaren,False,4.0,70.0,False,6.333333333333333,7.0,0.0,21,28.333333333333332,176.0,5,3,True,5.0
2024,9,RIC,RB,False,5.0,70.0,False,13.333333333333334,15.4,0.25,22,3.6666666666666665,18.0,7,3,True,8.0
2024,9,RUS,Mercedes,False,1.0,70.0,False,6.666666666666667,6.6,0.125,23,14.666666666666666,88.0,6,3,True,3.0
2024,9,SAI,Ferrari,True,12.0,70.0,False,4.333333333333333,4.2,0.0,24,30.0,232.0,2,3,True,16.0
2024,9,SAR,Williams,True,13.0,70.0,False,17.333333333333332,17.2,0.14285714285714285,25,0.6666666666666666,2.0,9,3,True,20.0
2024,9,STR,Aston Martin,False,9.0,70.0,False,13.333333333333334,13.4,0.125,26,1.3333333333333333,44.0,1,3,True,7.0
2024,9,TSU,RB,False,8.0,70.0,False,8.333333333333334,10.8,0.125,27,3.6666666666666665,18.0,7,3,True,14.0
2024,9,VER,Red Bull Racing,False,2.0,70.0,False,3.0,2.2,0.125,28,22.333333333333332,248.0,8,3,True,1.0
2024,9,ZHO,Kick Sauber,False,20.0,70.0,False,15.0,15.4,0.125,30,0.0,0.0,4,3,True,15.0
2024,10,ALB,Williams,False,20.0,66.0,False,15.333333333333334,15.2,0.3333333333333333,0,0.6666666666666666,2.0,9,1,True,18.0
2024,10,ALO,Aston Martin,False,10.0,66.0,False,12.0,10.4,0.0,1,5.333333333333333,58.0,1,0,True,12.0
2024,10,BOT,Kick Sauber,False,12.0,66.0,False,14.666666666666666,16.0,0.1111111111111111,5,0.0,0.0,4,0,True,16.0
2024,10,GAS,Alpine,False,7.0,66.0,False,11.666666666666666,12.0,0.1111111111111111,9,1.3333333333333333,5.0,0,0,True,9.0
2024,10,HAM,Mercedes,False,3.0,66.0,False,5.666666666666667,6.4,0.1111111111111111,11,20.0,116.0,6,0,True,3.0
2024,10,HUL,Haas F1 Team,False,13.0,66.0,False,13.666666666666666,12.4,0.1111111111111111,12,0.0,5.0,3,0,True,11.0
2024,10,LEC,Ferrari,False,5.0,66.0,False,7.666666666666667,6.0,0.1111111111111111,15,21.666666666666668,232.0,2,0,True,5.0
2024,10,MAG,Haas F1 Team,False,16.0,66.0,False,14.666666666666666,15.8,0.1111111111111111,16,0.0,5.0,3,0,True,17.0
2024,10,NOR,McLaren,False,1.0,66.0,False,2.6666666666666665,2.2,0.0,18,29.333333333333332,204.0,5,0,True,2.0
2024,10,OCO,Alpine,False,8.0,66.0,False,13.666666666666666,12.4,0.1111111111111111,19,1.3333333333333333,5.0,0,0,True,10.0
2024,10,PER,Red Bull Racing,False,11.0,66.0,False,14.666666666666666,10.2,0.2222222222222222,20,20.666666666666668,273.0,8,0,True,8.0
2024,10,PIA,McLaren,False,9.0,66.0,False,3.6666666666666665,6.4,0.0,21,29.333333333333332,204.0,5,0,True,7.0
2024,10,RIC,RB,False,18.0,66.0,False,11.0,13.2,0.2222222222222222,22,3.0,22.0,7,0,True,15.0
2024,10,RUS,Mercedes,False,4.0,66.0,False,5.0,5.8,0.1111111111111111,23,20.0,116.0,6,0,True,4.0
2024,10,SAI,Ferrari,False,6.0,66.0,False,8.0,6.8,0.125,24,21.666666666666668,232.0,2,0,True,6.0
2024,10,SAR,Williams,False,19.0,66.0,False,17.333333333333332,17.8,0.25,25,0.6666666666666666,2.0,9,0,True,20.0
2024,10,STR,Aston Martin,False,14.0,66.0,False,10.0,12.4,0.1111111111111111,26,5.333333333333333,58.0,1,0,True,14.0
2024,10,TSU,RB,False,17.0,66.0,False,10.666666666666666,11.6,0.1111111111111111,27,3.0,22.0,7,0,True,19.0
2024,10,VER,Red Bull Racing,False,2.0,66.0,False,2.6666666666666665,2.2,0.1111111111111111,28,20.666666666666668,273.0,8,0,True,1.0
2024,10,ZHO,Kick Sauber,False,15.0,66.0,False,15.333333333333334,14.8,0.1111111111111111,30,0.0,0.0,4,0,True,13.0
2024,11,ALB,Williams,False,16.0,71.0,False,14.666666666666666,16.4,0.3,0,0.6666666666666666,2.0,9,1,False,15.0
2024,11,ALO,Aston Martin,False,15.0,71.0,False,9.666666666666666,11.4,0.0,1,4.666666666666667,58.0,1,1,False,18.0
2024,11,BOT,Kick Sauber,False,18.0,71.0,False,14.0,15.2,0.1,5,0.0,0.0,4,1,False,16.0
2024,11,GAS,Alpine,False,13.0,71.0,False,9.333333333333334,11.2,0.1,9,2.3333333333333335,8.0,0,1,False,10.0
2024,11,HAM,Mercedes,False,5.0,71.0,False,4.666666666666667,5.2,0.1,11,24.0,143.0,6,1,False,4.0
2024,11,HUL,Haas F1 Team,False,9.0,71.0,False,13.666666666666666,12.6,0.1,12,0.0,5.0,3,1,False,6.0
2024,11,LEC,Ferrari,False,6.0,71.0,False,8.333333333333334,6.2,0.1,15,19.333333333333332,250.0,2,1,False,11.0
2024,11,MAG,Haas F1 Team,False,12.0,71.0,False,16.333333333333332,16.0,0.1,16,0.0,5.0,3,1,False,8.0
2024,11,NOR,McLaren,False,2.0,71.0,False,2.6666666666666665,2.2,0.0,18,27.666666666666668,229.0,5,1,False,20.0
2024,11,OCO,Alpine,False,10.0,71.0,False,12.333333333333334,12.2,0.1,19,2.3333333333333335,8.0,0,1,False,12.0
2024,11,PER,Red Bull Racing,False,8.0,71.0,False,14.666666666666666,11.2,0.2,20,20.666666666666668,302.0,8,1,False,7.0
2024,11,PIA,McLaren,False,7.0,71.0,False,4.666666666666667,6.2,0.0,21,27.666666666666668,229.0,5,1,False,2.0
2024,11,RIC,RB,False,11.0,71.0,False,11.666666666666666,12.6,0.2,22,2.6666666666666665,22.0,7,1,False,9.0
2024,11,RUS,Mercedes,False,3.0,71.0,False,4.0,5.4,0.1,23,24.0,143.0,6,1,False,1.0
2024,11,SAI,Ferrari,False,4.0,71.0,False,8.333333333333334,7.0,0.1111111111111111,24,19.333333333333332,250.0,2,1,False,3.0
2024,11,SAR,Williams,False,19.0,71.0,False,18.333333333333332,18.4,0.2222222222222222,25,0.6666666666666666,2.0,9,1,False,19.0
2024,11,STR,Aston Martin,False,17.0,71.0,False,11.666666666666666,12.2,0.1,26,4.666666666666667,58.0,1,1,False,13.0
2024,11,TSU,RB,False,14.0,71.0,False,13.666666666666666,11.6,0.1,27,2.6666666666666665,22.0,7,1,False,14.0
2024,11,VER,Red Bull Racing,False,1.0,71.0,False,2.6666666666666665,2.2,0.1,28,20.666666666666668,302.0,8,1,False,5.0
2024,11,ZHO,Kick Sauber,False,20.0,71.0,False,14.666666666666666,14.6,0.1,30,0.0,0.0,4,2,False,17.0
2024,12,ALB,Williams,False,9.0,52.0,False,16.666666666666668,15.8,0.2727272727272727,0,0.0,2.0,9,1,True,9.0
2024,12,ALO,Aston Martin,False,10.0,52.0,False,12.0,13.2,0.0,1,4.666666666666667,58.0,1,1,True,8.0
2024,12,BOT,Kick Sauber,False,16.0,52.0,False,15.0,15.2,0.09090909090909091,5,0.0,0.0,4,1,True,15.0
2024,12,HAM,Mercedes,False,2.0,52.0,False,3.6666666666666665,4.8,0.09090909090909091,11,30.666666666666668,180.0,6,1,True,1.0
2024,12,HUL,Haas F1 Team,False,6.0,52.0,False,9.333333333333334,11.6,0.09090909090909091,12,4.0,17.0,3,1,True,6.0
2024,12,LEC,Ferrari,False,11.0,52.0,False,11.666666666666666,7.8,0.09090909090909091,15,11.0,265.0,2,1,True,14.0
2024,12,MAG,Haas F1 Team,False,17.0,52.0,False,12.333333333333334,13.8,0.09090909090909091,16,4.0,17.0,3,1,True,12.0
2024,12,NOR,McLaren,False,3.0,52.0,False,8.0,6.0,0.0,18,23.666666666666668,247.0,5,1,True,3.0
2024,12,OCO,Alpine,False,18.0,52.0,False,10.666666666666666,12.6,0.09090909090909091,19,2.3333333333333335,9.0,0,0,True,16.0
2024,12,PER,Red Bull Racing,False,20.0,52.0,False,11.0,11.8,0.18181818181818182,20,23.333333333333332,318.0,8,2,True,17.0
2024,12,PIA,McLaren,False,5.0,52.0,False,4.666666666666667,4.0,0.0,21,23.666666666666668,247.0,5,1,True,4.0
2024,12,RIC,RB,False,15.0,52.0,False,10.666666666666666,11.4,0.18181818181818182,22,2.0,24.0,7,1,True,13.0
2024,12,RUS,Mercedes,True,1.0,52.0,False,2.6666666666666665,4.0,0.09090909090909091,23,30.666666666666668,180.0,6,1,True,19.0
2024,12,SAI,Ferrari,False,7.0,52.0,False,8.333333333333334,6.6,0.1,24,11.0,265.0,2,1,True,5.0
2024,12,SAR,Williams,False,12.0,52.0,False,19.666666666666668,18.2,0.2,25,0.0,2.0,9,1,True,11.0
2024,12,STR,Aston Martin,False,8.0,52.0,False,11.333333333333334,11.4,0.09090909090909091,26,4.666666666666667,58.0,1,1,True,7.0
2024,12,TSU,RB,False,13.0,52.0,False,15.666666666666666,13.0,0.09090909090909091,27,2.0,24.0,7,1,True,10.0
2024,12,VER,Red Bull Racing,False,4.0,52.0,False,2.3333333333333335,2.8,0.09090909090909091,28,23.333333333333332,318.0,8,1,True,2.0
2024,12,ZHO,Kick Sauber,False,14.0,52.0,False,15.0,15.2,0.09090909090909091,30,0.0,0.0,4,0,True,18.0
2024,13,ALB,Williams,False,13.0,70.0,False,14.0,13.6,0.25,0,0.6666666666666666,4.0,9,0,False,14.0
2024,13,ALO,Aston Martin,False,7.0,70.0,False,12.666666666666666,11.0,0.0,1,3.3333333333333335,68.0,1,0,False,11.0
2024,13,BOT,Kick Sauber,False,12.0,70.0,False,15.666666666666666,14.6,0.08333333333333333,5,0.0,0.0,4,1,False,16.0
2024,13,GAS,Alpine,True,20.0,70.0,False,9.333333333333334,10.8,0.09090909090909091,9,1.3333333333333333,9.0,0,2,False,20.0
2024,13,HAM,Mercedes,False,5.0,70.0,False,2.6666666666666665,3.8,0.08333333333333333,11,29.666666666666668,205.0,6,1,False,3.0
2024,13,HUL,Haas F1 Team,False,11.0,70.0,False,7.666666666666667,10.6,0.08333333333333333,12,6.666666666666667,25.0,3,1,False,13.0
2024,13,LEC,Ferrari,False,6.0,70.0,False,10.0,10.0,0.08333333333333333,15,14.666666666666666,276.0,2,1,False,4.0
2024,13,MAG,Haas F1 Team,False,15.0,70.0,False,12.333333333333334,13.8,0.08333333333333333,16,6.666666666666667,25.0,3,0,False,15.0
2024,13,NOR,McLaren,False,1.0,70.0,False,8.333333333333334,6.2,0.0,18,23.333333333333332,274.0,5,1,False,2.0
2024,13,OCO,Alpine,False,19.0,70.0,False,12.666666666666666,13.0,0.08333333333333333,19,1.3333333333333333,9.0,0,1,False,18.0
2024,13,PER,Red Bull Racing,False,16.0,70.0,False,10.666666666666666,13.6,0.16666666666666666,20,21.0,336.0,8,2,False,7.0
2024,13,PIA,McLaren,False,2.0,70.0,False,4.333333333333333,4.0,0.0,21,23.333333333333332,274.0,5,1,False,1.0
2024,13,RIC,RB,False,9.0,70.0,False,12.333333333333334,11.4,0.16666666666666666,22,1.0,25.0,7,1,False,12.0
2024,13,RUS,Mercedes,False,17.0,70.0,False,8.0,6.4,0.16666666666666666,23,29.666666666666668,205.0,6,2,False,8.0
2024,13,SAI,Ferrari,False,4.0,70.0,False,4.666666666666667,6.6,0.09090909090909091,24,14.666666666666666,276.0,2,1,False,6.0
2024,13,SAR,Williams,False,14.0,70.0,False,16.666666666666668,17.0,0.18181818181818182,25,0.6666666666666666,4.0,9,1,False,17.0
2024,13,STR,Aston Martin,False,8.0,70.0,False,11.333333333333334,11.0,0.08333333333333333,26,3.3333333333333335,68.0,1,0,False,10.0
2024,13,TSU,RB,False,10.0,70.0,False,14.333333333333334,13.0,0.08333333333333333,27,1.0,25.0,7,1,False,9.0
2024,13,VER,Red Bull Racing,False,3.0,70.0,False,2.6666666666666665,3.0,0.08333333333333333,28,21.0,336.0,8,1,False,5.0
2024,13,ZHO,Kick Sauber,False,18.0,70.0,False,16.0,15.8,0.08333333333333333,30,0.0,0.0,4,1,False,19.0
2024,14,ALB,Williams,False,10.0,44.0,False,12.666666666666666,14.6,0.23076923076923078,0,0.6666666666666666,4.0,9,1,False,12.0
2024,14,ALO,Aston Martin,False,8.0,44.0,False,12.333333333333334,11.0,0.0,1,3.6666666666666665,69.0,1,1,False,8.0
2024,14,BOT,Kick Sauber,False,14.0,44.0,False,15.666666666666666,15.2,0.07692307692307693,5,0.0,0.0,4,1,False,15.0
2024,14,GAS,Alpine,False,12.0,44.0,False,13.0,11.6,0.16666666666666666,9,0.3333333333333333,9.0,0,1,False,13.0
2024,14,HAM,Mercedes,False,3.0,44.0,False,2.6666666666666665,3.0,0.07692307692307693,11,27.333333333333332,225.0,6,1,False,1.0
2024,14,HUL,Haas F1 Team,False,16.0,44.0,False,8.333333333333334,9.4,0.07692307692307693,12,6.666666666666667,25.0,3,1,False,18.0
2024,14,LEC,Ferrari,False,1.0,44.0,False,9.666666666666666,10.6,0.07692307692307693,15,15.333333333333334,296.0,2,1,False,3.0
2024,14,MAG,Haas F1 Team,False,17.0,44.0,False,11.666666666666666,12.8,0.07692307692307693,16,6.666666666666667,25.0,3,1,False,14.0
2024,14,NOR,McLaren,False,4.0,44.0,False,8.333333333333334,5.8,0.0,18,29.333333333333332,317.0,5,1,False,5.0
2024,14,OCO,Alpine,False,9.0,44.0,False,15.333333333333334,13.2,0.07692307692307693,19,0.3333333333333333,9.0,0,1,False,9.0
2024,14,PER,Red Bull Racing,False,2.0,44.0,False,10.333333333333334,11.4,0.15384615384615385,20,16.666666666666668,352.0,8,1,False,7.0
2024,14,PIA,McLaren,False,5.0,44.0,False,2.3333333333333335,3.8,0.0,21,29.333333333333332,317.0,5,1,False,2.0
2024,14,RIC,RB,False,13.0,44.0,False,11.333333333333334,11.4,0.15384615384615385,22,1.6666666666666667,27.0,7,0,False,10.0
2024,14,RUS,Mercedes,True,6.0,44.0,False,9.333333333333334,7.0,0.15384615384615385,23,27.333333333333332,225.0,6,1,False,20.0
2024,14,SAI,Ferrari,False,7.0,44.0,False,4.666666666666667,7.2,0.08333333333333333,24,15.333333333333334,296.0,2,2,False,6.0
2024,14,SAR,Williams,False,18.0,44.0,False,15.666666666666666,17.4,0.16666666666666666,25,0.6666666666666666,4.0,9,1,False,17.0
2024,14,STR,Aston Martin,False,15.0,44.0,False,10.0,10.2,0.07692307692307693,26,3.6666666666666665,69.0,1,1,False,11.0
2024,14,TSU,RB,False,20.0,44.0,False,11.0,13.2,0.07692307692307693,27,1.6666666666666667,27.0,7,1,False,16.0
2024,14,VER,Red Bull Racing,False,11.0,44.0,False,4.0,2.8,0.07692307692307693,28,16.666666666666668,352.0,8,1,False,4.0
2024,14,ZHO,Kick Sauber,True,19.0,44.0,False,18.0,16.4,0.07692307692307693,30,0.0,0.0,4,2,False,19.0
2024,15,ALB,Williams,False,19.0,72.0,False,11.666666666666666,13.6,0.21428571428571427,0,0.6666666666666666,4.0,9,1,False,14.0
2024,15,ALO,Aston Martin,False,7.0,72.0,False,9.0,11.4,0.0,1,5.0,73.0,1,1,False,10.0
2024,15,BOT,Kick Sauber,False,16.0,72.0,False,15.333333333333334,15.6,0.07142857142857142,5,0.0,0.0,4,0,False,19.0
2024,15,GAS,Alpine,False,9.0,72.0,False,14.333333333333334,12.2,0.15384615384615385,9,0.6666666666666666,11.0,0,1,False,9.0
2024,15,HAM,Mercedes,False,14.0,72.0,False,1.6666666666666667,2.4,0.07142857142857142,11,23.333333333333332,250.0,6,0,False,8.0
2024,15,HUL,Haas F1 Team,False,12.0,72.0,False,12.333333333333334,10.8,0.07142857142857142,12,2.6666666666666665,25.0,3,1,False,11.0
2024,15,LEC,Ferrari,False,6.0,72.0,False,7.0,7.4,0.07142857142857142,15,18.0,319.0,2,1,False,3.0
2024,15,MAG,Haas F1 Team,False,20.0,72.0,False,13.666666666666666,13.2,0.07142857142857142,16,2.6666666666666665,25.0,3,2,False,18.0
2024,15,NOR,McLaren,False,1.0,72.0,False,3.3333333333333335,6.4,0.0,18,32.666666666666664,345.0,5,1,False,1.0
2024,15,OCO,Alpine,False,15.0,72.0,False,14.333333333333334,13.0,0.07142857142857142,19,0.6666666666666666,11.0,0,1,False,15.0
2024,15,PER,Red Bull Racing,False,5.0,72.0,False,10.333333333333334,9.2,0.14285714285714285,20,17.666666666666668,371.0,8,1,False,6.0
2024,15,PIA,McLaren,False,3.0,72.0,False,2.3333333333333335,3.2,0.0,21,32.666666666666664,345.0,5,1,False,4.0
2024,15,RIC,RB,False,13.0,72.0,False,11.666666666666666,11.8,0.14285714285714285,22,1.3333333333333333,28.0,7,1,False,12.0
2024,15,RUS,Mercedes,False,4.0,72.0,False,15.666666666666666,10.4,0.21428571428571427,23,23.333333333333332,250.0,6,1,False,7.0
2024,15,SAI,Ferrari,False,10.0,72.0,False,5.666666666666667,5.2,0.07692307692307693,24,18.0,319.0,2,1,False,5.0
2024,15,SAR,Williams,False,18.0,72.0,False,15.0,16.8,0.15384615384615385,25,0.6666666666666666,4.0,9,1,False,16.0
2024,15,STR,Aston Martin,False,8.0,72.0,False,9.333333333333334,11.0,0.07142857142857142,26,5.0,73.0,1,1,False,13.0
2024,15,TSU,RB,False,11.0,72.0,False,11.666666666666666,13.6,0.07142857142857142,27,1.3333333333333333,28.0,7,0,False,17.0
2024,15,VER,Red Bull Racing,False,2.0,72.0,False,3.6666666666666665,3.4,0.07142857142857142,28,17.666666666666668,371.0,8,1,False,2.0
2024,15,ZHO,Kick Sauber,False,17.0,72.0,False,18.666666666666668,17.2,0.14285714285714285,30,0.0,0.0,4,1,False,20.0
2024,16,ALB,Williams,False,9.0,53.0,False,13.333333333333334,12.8,0.2,0,0.0,4.0,9,1,False,9.0
2024,16,ALO,Aston Martin,False,11.0,53.0,False,9.666666666666666,11.0,0.0,1,2.0,74.0,1,1,False,11.0
2024,16,BOT,Kick Sauber,False,19.0,53.0,False,16.666666666666668,16.2,0.06666666666666667,5,0.0,0.0,4,2,False,16.0
2024,16,COL,Williams,False,18.0,53.0,False,,,,6,0.0,4.0,9,1,False,12.0
2024,16,GAS,Alpine,False,14.0,53.0,False,14.0,12.2,0.14285714285714285,9,1.3333333333333333,13.0,0,1,False,15.0
2024,16,HAM,Mercedes,False,6.0,53.0,False,4.0,3.4,0.06666666666666667,11,18.333333333333332,260.0,6,1,False,5.0
2024,16,HUL,Haas F1 Team,False,10.0,53.0,False,14.0,10.8,0.06666666666666667,12,0.0,25.0,3,1,False,17.0
2024,16,LEC,Ferrari,False,4.0,53.0,False,3.3333333333333335,7.0,0.06666666666666667,15,22.666666666666668,344.0,2,1,False,1.0
2024,16,MAG,Haas F1 Team,False,13.0,53.0,False,15.666666666666666,13.4,0.06666666666666667,16,0.0,25.0,3,1,False,10.0
2024,16,NOR,McLaren,False,1.0,53.0,False,2.6666666666666665,6.2,0.0,18,36.333333333333336,383.0,5,1,False,3.0
2024,16,OCO,Alpine,False,15.0,53.0,False,14.0,14.0,0.06666666666666667,19,1.3333333333333333,13.0,0,2,False,14.0
2024,16,PER,Red Bull Racing,False,8.0,53.0,False,6.666666666666667,8.8,0.13333333333333333,20,20.333333333333332,397.0,8,2,False,8.0
2024,16,PIA,McLaren,False,2.0,53.0,False,2.3333333333333335,2.6,0.0,21,36.333333333333336,383.0,5,1,False,2.0
2024,16,RIC,RB,False,12.0,53.0,False,11.333333333333334,11.2,0.13333333333333333,22,1.0,28.0,7,1,False,13.0
2024,16,RUS,Mercedes,False,3.0,53.0,False,11.666666666666666,11.0,0.2,23,18.333333333333332,260.0,6,1,False,7.0
2024,16,SAI,Ferrari,False,5.0,53.0,False,5.666666666666667,5.0,0.07142857142857142,24,22.666666666666668,344.0,2,1,False,4.0
2024,16,STR,Aston Martin,False,17.0,53.0,False,11.333333333333334,10.8,0.06666666666666667,26,2.0,74.0,1,2,False,19.0
2024,16,TSU,RB,True,16.0,53.0,False,14.0,13.2,0.06666666666666667,27,1.0,28.0,7,2,False,20.0
2024,16,VER,Red Bull Racing,False,7.0,53.0,False,3.6666666666666665,3.6,0.06666666666666667,28,20.333333333333332,397.0,8,2,False,6.0
2024,16,ZHO,Kick Sauber,False,20.0,53.0,False,19.333333333333332,18.6,0.13333333333333333,30,0.0,0.0,4,1,False,18.0
2024,17,ALB,Williams,False,9.0,51.0,True,11.666666666666666,11.6,0.1875,0,0.6666666666666666,6.0,9,2,False,7.0
2024,17,ALO,Aston Martin,False,7.0,51.0,True,9.666666666666666,9.6,0.0,1,1.6666666666666667,74.0,1,1,False,6.0
2024,17,BEA,Haas F1 Team,False,10.0,51.0,True,7.0,7.0,0.0,3,0.3333333333333333,26.0,3,1,False,10.0
2024,17,BOT,Kick Sauber,False,16.0,51.0,True,16.666666666666668,16.2,0.0625,5,0.0,0.0,4,1,False,16.0
2024,17,COL,Williams,False,8.0,51.0,True,12.0,12.0,0.0,6,0.6666666666666666,6.0,9,1,False,8.0
2024,17,GAS,Alpine,False,18.0,51.0,True,12.333333333333334,13.4,0.13333333333333333,9,1.3333333333333333,13.0,0,2,False,12.0
2024,17,HAM,Mercedes,False,19.0,51.0,True,4.666666666666667,3.6,0.0625,11,17.0,276.0,6,1,False,9.0
2024,17,HUL,Haas F1 Team,False,12.0,51.0,True,15.333333333333334,13.0,0.0625,12,0.3333333333333333,26.0,3,1,False,11.0
2024,17,LEC,Ferrari,False,1.0,51.0,True,2.3333333333333335,5.0,0.0625,15,28.333333333333332,381.0,2,1,False,2.0
2024,17,NOR,McLaren,False,15.0,51.0,True,3.0,2.8,0.0,18,33.333333333333336,417.0,5,2,False,4.0
2024,17,OCO,Alpine,False,20.0,51.0,True,12.666666666666666,14.4,0.0625,19,1.3333333333333333,13.0,0,2,False,15.0
2024,17,PER,Red Bull Racing,True,4.0,51.0,True,7.0,9.0,0.125,20,19.0,409.0,8,1,False,17.0
2024,17,PIA,McLaren,False,2.0,51.0,True,2.6666666666666665,2.6,0.0,21,33.333333333333336,417.0,5,1,False,1.0
2024,17,RIC,RB,False,14.0,51.0,True,11.666666666666666,12.0,0.125,22,0.3333333333333333,28.0,7,2,False,13.0
2024,17,RUS,Mercedes,False,5.0,51.0,True,11.333333333333334,12.2,0.1875,23,17.0,276.0,6,1,False,3.0
2024,17,SAI,Ferrari,True,3.0,51.0,True,5.0,5.2,0.06666666666666667,24,28.333333333333332,381.0,2,1,False,18.0
2024,17,STR,Aston Martin,True,13.0,51.0,True,14.333333333333334,12.0,0.0625,26,1.6666666666666667,74.0,1,1,False,19.0
2024,17,TSU,RB,True,11.0,51.0,True,17.666666666666668,14.4,0.125,27,0.3333333333333333,28.0,7,1,False,20.0
2024,17,VER,Red Bull Racing,False,6.0,51.0,True,4.0,3.8,0.0625,28,19.0,409.0,8,1,False,5.0
2024,17,ZHO,Kick Sauber,False,17.0,51.0,True,19.0,18.8,0.125,30,0.0,0.0,4,2,False,14.0
2024,18,ALB,Williams,True,11.0,62.0,True,10.0,11.2,0.17647058823529413,0,4.0,16.0,9,1,False,20.0
2024,18,ALO,Aston Martin,False,7.0,62.0,True,9.0,9.2,0.0,1,3.0,82.0,1,1,False,8.0
2024,18,BOT,Kick Sauber,False,19.0,62.0,True,17.0,16.4,0.058823529411764705,5,0.0,0.0,4,2,False,16.0
2024,18,COL,Williams,False,12.0,62.0,True,10.0,10.0,0.0,6,4.0,16.0,9,1,False,11.0
2024,18,GAS,Alpine,False,18.0,62.0,True,12.0,13.8,0.125,9,0.6666666666666666,13.0,0,1,False,17.0
2024,18,HAM,Mercedes,False,3.0,62.0,True,7.333333333333333,5.2,0.058823529411764705,11,14.333333333333334,293.0,6,0,False,6.0
2024,18,HUL,Haas F1 Team,False,6.0,62.0,True,13.0,14.0,0.058823529411764705,12,0.6666666666666666,27.0,3,1,False,9.0
2024,18,LEC,Ferrari,False,9.0,62.0,True,2.0,2.6,0.058823529411764705,15,26.666666666666668,399.0,2,1,False,5.0
2024,18,MAG,Haas F1 Team,True,14.0,62.0,True,14.0,13.8,0.0625,16,0.6666666666666666,27.0,3,2,False,19.0
2024,18,NOR,McLaren,False,1.0,62.0,True,2.6666666666666665,3.0,0.0,18,36.666666666666664,455.0,5,1,False,1.0
2024,18,OCO,Alpine,False,15.0,62.0,True,14.666666666666666,14.2,0.058823529411764705,19,0.6666666666666666,13.0,0,1,False,13.0
2024,18,PER,Red Bull Racing,False,13.0,62.0,True,10.333333333333334,9.0,0.17647058823529413,20,16.0,419.0,8,1,False,10.0
2024,18,PIA,McLaren,False,5.0,62.0,True,2.3333333333333335,2.0,0.0,21,36.666666666666664,455.0,5,1,False,3.0
2024,18,RIC,RB,False,16.0,62.0,True,12.666666666666666,12.0,0.11764705882352941,22,0.0,28.0,7,0,False,18.0
2024,18,RUS,Mercedes,False,4.0,62.0,True,5.666666666666667,9.0,0.17647058823529413,23,14.333333333333334,293.0,6,1,False,4.0
2024,18,SAI,Ferrari,False,10.0,62.0,True,9.0,7.8,0.125,24,26.666666666666668,399.0,2,1,False,7.0
2024,18,STR,Aston Martin,False,17.0,62.0,True,17.0,14.4,0.11764705882352941,26,3.0,82.0,1,2,False,14.0
2024,18,TSU,RB,False,8.0,62.0,True,19.0,16.4,0.17647058823529413,27,0.0,28.0,7,1,False,12.0
2024,18,VER,Red Bull Racing,False,2.0,62.0,True,4.333333333333333,4.4,0.058823529411764705,28,16.0,419.0,8,1,False,2.0
2024,18,ZHO,Kick Sauber,False,20.0,62.0,True,17.333333333333332,18.0,0.11764705882352941,30,0.0,0.0,4,2,False,15.0
2024,19,ALB,Williams,False,14.0,56.0,False,12.0,12.4,0.2222222222222222,0,4.0,16.0,9,1,False,16.0
2024,19,ALO,Aston Martin,False,7.0,56.0,False,8.333333333333334,8.6,0.0,1,4.0,86.0,1,1,False,13.0
2024,19,BOT,Kick Sauber,False,16.0,56.0,False,16.0,16.4,0.05555555555555555,5,0.0,0.0,4,1,False,17.0
2024,19,COL,Williams,False,15.0,56.0,False,10.333333333333334,10.333333333333334,0.0,6,4.0,16.0,9,2,False,10.0
2024,19,GAS,Alpine,False,6.0,56.0,False,14.666666666666666,13.2,0.11764705882352941,9,0.0,13.0,0,1,False,12.0
2024,19,HAM,Mercedes,True,17.0,56.0,False,6.666666666666667,5.8,0.05555555555555555,11,17.666666666666668,313.0,6,2,False,20.0
2024,19,HUL,Haas F1 Team,False,11.0,56.0,False,12.333333333333334,13.2,0.05555555555555555,12,1.3333333333333333,29.0,3,1,False,8.0
2024,19,LAW,RB,False,19.0,56.0,False,12.333333333333334,12.2,,14,0.0,28.0,7,2,False,9.0
2024,19,LEC,Ferrari,False,4.0,56.0,False,2.6666666666666665,2.8,0.05555555555555555,15,23.666666666666668,415.0,2,1,False,1.0
2024,19,MAG,Haas F1 Team,False,8.0,56.0,False,15.666666666666666,15.2,0.11764705882352941,16,1.3333333333333333,29.0,3,1,False,11.0
2024,19,NOR,McLaren,False,1.0,56.0,False,2.6666666666666665,2.8,0.0,18,37.333333333333336,495.0,5,1,False,4.0
2024,19,OCO,Alpine,False,12.0,56.0,False,14.0,13.2,0.05555555555555555,19,0.0,13.0,0,1,False,18.0
2024,19,PER,Red Bull Racing,False,9.0,56.0,False,11.666666666666666,9.6,0.16666666666666666,20,13.666666666666666,438.0,8,1,False,7.0
2024,19,PIA,McLaren,False,5.0,56.0,False,2.0,2.4,0.0,21,37.333333333333336,495.0,5,1,False,5.0
2024,19,RUS,Mercedes,False,20.0,56.0,False,4.666666666666667,8.2,0.16666666666666666,23,17.666666666666668,313.0,6,2,False,6.0
2024,19,SAI,Ferrari,False,3.0,56.0,False,9.666666666666666,8.0,0.11764705882352941,24,23.666666666666668,415.0,2,1,False,2.0
2024,19,STR,Aston Martin,False,13.0,56.0,False,17.333333333333332,15.2,0.1111111111111111,26,4.0,86.0,1,2,False,15.0
2024,19,TSU,RB,False,10.0,56.0,False,17.333333333333332,17.0,0.16666666666666666,27,0.0,28.0,7,1,False,14.0
2024,19,VER,Red Bull Racing,False,2.0,56.0,False,4.333333333333333,3.8,0.05555555555555555,28,13.666666666666666,438.0,8,1,False,3.0
2024,19,ZHO,Kick Sauber,False,18.0,56.0,False,15.666666666666666,17.2,0.1111111111111111,30,0.0,0.0,4,1,False,19.0
2024,20,ALB,Williams,True,9.0,71.0,False,14.333333333333334,13.2,0.21052631578947367,0,3.6666666666666665,17.0,9,1,False,19.0
2024,20,ALO,Aston Martin,True,13.0,71.0,False,9.0,9.6,0.0,1,4.0,86.0,1,1,False,18.0
2024,20,BOT,Kick Sauber,False,15.0,71.0,False,16.333333333333332,16.8,0.05263157894736842,5,0.0,0.0,4,2,False,14.0
2024,20,COL,Williams,False,16.0,71.0,False,9.666666666666666,10.25,0.0,6,3.6666666666666665,17.0,9,2,False,12.0
2024,20,GAS,Alpine,False,8.0,71.0,False,13.666666666666666,13.0,0.1111111111111111,9,0.0,13.0,0,1,False,10.0
2024,20,HAM,Mercedes,False,6.0,71.0,False,11.666666666666666,9.6,0.10526315789473684,11,15.0,321.0,6,1,False,4.0
2024,20,HUL,Haas F1 Team,False,10.0,71.0,False,9.333333333333334,11.2,0.05263157894736842,12,2.3333333333333335,33.0,3,1,False,9.0
2024,20,LAW,RB,False,12.0,71.0,False,12.333333333333334,11.4,0.0,14,0.6666666666666666,30.0,7,2,False,16.0
2024,20,LEC,Ferrari,False,4.0,71.0,False,2.6666666666666665,2.4,0.05263157894736842,15,25.666666666666668,458.0,2,1,False,3.0
2024,20,MAG,Haas F1 Team,False,7.0,71.0,False,13.333333333333334,14.4,0.1111111111111111,16,2.3333333333333335,33.0,3,1,False,7.0
2024,20,NOR,McLaren,False,3.0,71.0,False,3.0,2.6,0.0,18,33.333333333333336,517.0,5,1,False,2.0
2024,20,OCO,Alpine,False,21.0,71.0,False,15.333333333333334,15.0,0.05263157894736842,19,0.0,13.0,0,2,False,13.0
2024,20,PER,Red Bull Racing,False,18.0,71.0,False,11.333333333333334,9.6,0.15789473684210525,20,16.666666666666668,459.0,8,2,False,17.0
2024,20,PIA,McLaren,False,17.0,71.0,False,3.0,3.0,0.0,21,33.333333333333336,517.0,5,1,False,8.0
2024,20,RUS,Mercedes,False,5.0,71.0,False,4.333333333333333,5.4,0.15789473684210525,23,15.0,321.0,6,1,False,5.0
2024,20,SAI,Ferrari,False,1.0,71.0,False,9.0,7.2,0.1111111111111111,24,25.666666666666668,458.0,2,1,False,1.0
2024,20,STR,Aston Martin,False,14.0,71.0,False,16.0,16.0,0.10526315789473684,26,4.0,86.0,1,1,False,11.0
2024,20,TSU,RB,True,11.0,71.0,False,15.333333333333334,16.6,0.15789473684210525,27,0.6666666666666666,30.0,7,1,False,20.0
2024,20,VER,Red Bull Racing,False,2.0,71.0,False,3.3333333333333335,3.6,0.05263157894736842,28,16.666666666666668,459.0,8,1,False,6.0
2024,20,ZHO,Kick Sauber,False,19.0,71.0,False,16.0,17.2,0.10526315789473684,30,0.0,0.0,4,2,False,15.0
2024,21,ALO,Aston Martin,False,9.0,69.0,False,13.0,11.2,0.05,1,1.3333333333333333,86.0,1,3,True,14.0
2024,21,BEA,Haas F1 Team,False,15.0,69.0,False,8.5,8.5,0.0,3,4.666666666666667,41.0,3,3,True,12.0
2024,21,BOT,Kick Sauber,False,11.0,69.0,False,15.666666666666666,15.8,0.05,5,0.0,0.0,4,3,True,13.0
2024,21,COL,Williams,True,16.0,69.0,False,11.0,10.6,0.0,6,0.3333333333333333,17.0,9,3,True,17.0
2024,21,GAS,Alpine,False,13.0,69.0,False,13.0,13.2,0.10526315789473684,9,0.3333333333333333,14.0,0,3,True,3.0
2024,21,HAM,Mercedes,False,14.0,69.0,False,10.0,8.8,0.1,11,16.666666666666668,343.0,6,3,True,10.0
2024,21,HUL,Haas F1 Team,True,18.0,69.0,False,8.666666666666666,10.8,0.05,12,4.666666666666667,41.0,3,3,True,20.0
2024,21,LAW,RB,False,5.0,69.0,False,14.0,12.4,0.0,14,0.6666666666666666,30.0,7,3,True,9.0
2024,21,LEC,Ferrari,False,6.0,69.0,False,3.0,2.4,0.05,15,33.333333333333336,499.0,2,3,True,5.0
2024,21,NOR,McLaren,False,1.0,69.0,False,2.3333333333333335,2.8,0.0,18,28.0,539.0,5,3,True,6.0
2024,21,OCO,Alpine,False,4.0,69.0,False,14.666666666666666,14.6,0.05,19,0.3333333333333333,14.0,0,3,True,2.0
2024,21,PER,Red Bull Racing,False,12.0,69.0,False,11.333333333333334,11.8,0.15,20,16.0,467.0,8,3,True,11.0
2024,21,PIA,McLaren,False,8.0,69.0,False,5.333333333333333,3.8,0.0,21,28.0,539.0,5,3,True,8.0
2024,21,RUS,Mercedes,False,2.0,69.0,False,5.0,5.0,0.15,23,16.666666666666668,343.0,6,3,True,4.0
2024,21,SAI,Ferrari,True,20.0,69.0,False,3.3333333333333335,6.4,0.10526315789473684,24,33.333333333333336,499.0,2,3,True,16.0
2024,21,TSU,RB,False,3.0,69.0,False,15.333333333333334,17.2,0.2,27,0.6666666666666666,30.0,7,3,True,7.0
2024,21,VER,Red Bull Racing,False,17.0,69.0,False,3.6666666666666665,4.4,0.05,28,16.0,467.0,8,3,True,1.0
2024,21,ZHO,Kick Sauber,False,19.0,69.0,False,16.333333333333332,16.2,0.1,30,0.0,0.0,4,3,True,15.0
2024,22,ALB,Williams,True,17.0,50.0,True,18.333333333333332,14.2,0.25,0,0.3333333333333333,17.0,9,1,False,19.0
2024,22,ALO,Aston Martin,False,16.0,50.0,True,15.0,11.8,0.047619047619047616,1,0.0,86.0,1,0,False,11.0
2024,22,BOT,Kick Sauber,False,19.0,50.0,True,14.666666666666666,15.2,0.047619047619047616,5,0.0,0.0,4,2,False,18.0
2024,22,COL,Williams,False,20.0,50.0,True,13.0,11.6,0.16666666666666666,6,0.3333333333333333,17.0,9,2,False,14.0
2024,22,GAS,Alpine,True,3.0,50.0,True,8.333333333333334,10.8,0.1,9,11.333333333333334,47.0,0,1,False,20.0
2024,22,HAM,Mercedes,False,10.0,50.0,True,11.333333333333334,9.8,0.09523809523809523,11,14.333333333333334,356.0,6,1,False,2.0
2024,22,HUL,Haas F1 Team,False,9.0,50.0,True,12.333333333333334,11.4,0.09523809523809523,12,4.0,41.0,3,1,False,8.0
2024,22,LAW,RB,False,14.0,50.0,True,11.333333333333334,12.4,0.0,14,3.3333333333333335,38.0,7,1,False,16.0
2024,22,LEC,Ferrari,False,4.0,50.0,True,3.0,3.2,0.047619047619047616,15,31.333333333333332,509.0,2,1,False,4.0
2024,22,MAG,Haas F1 Team,False,12.0,50.0,True,12.333333333333334,13.0,0.10526315789473684,16,4.0,41.0,3,1,False,12.0
2024,22,NOR,McLaren,False,6.0,50.0,True,4.0,3.4,0.0,18,18.666666666666668,551.0,5,1,False,6.0
2024,22,OCO,Alpine,False,11.0,50.0,True,11.0,12.2,0.047619047619047616,19,11.333333333333334,47.0,0,1,False,17.0
2024,22,PER,Red Bull Racing,False,15.0,50.0,True,11.666666666666666,12.4,0.14285714285714285,20,18.333333333333332,493.0,8,2,False,10.0
2024,22,PIA,McLaren,False,8.0,50.0,True,7.0,5.0,0.0,21,18.666666666666668,551.0,5,1,False,7.0
2024,22,RUS,Mercedes,False,1.0,50.0,True,5.0,4.4,0.14285714285714285,23,14.333333333333334,356.0,6,1,False,1.0
2024,22,SAI,Ferrari,False,2.0,50.0,True,6.333333333333333,8.8,0.15,24,31.333333333333332,509.0,2,1,False,3.0
2024,22,STR,Aston Martin,False,18.0,50.0,True,13.333333333333334,15.6,0.1,26,0.0,86.0,1,1,False,15.0
2024,22,TSU,RB,False,7.0,50.0,True,13.666666666666666,14.6,0.19047619047619047,27,3.3333333333333335,38.0,7,1,False,9.0
2024,22,VER,Red Bull Racing,False,5.0,50.0,True,3.3333333333333335,3.4,0.047619047619047616,28,18.333333333333332,493.0,8,1,False,5.0
2024,22,ZHO,Kick Sauber,False,13.0,50.0,True,16.333333333333332,15.6,0.09523809523809523,30,0.0,0.0,4,1,False,13.0
2024,23,ALB,Williams,False,16.0,57.0,False,18.0,16.2,0.2857142857142857,0,0.0,17.0,9,1,False,15.0
2024,23,ALO,Aston Martin,False,8.0,57.0,False,14.333333333333334,12.8,0.045454545454545456,1,0.0,86.0,1,1,False,7.0
2024,23,BOT,Kick Sauber,False,13.0,57.0,False,15.0,15.6,0.045454545454545456,5,0.0,0.0,4,1,False,11.0
2024,23,COL,Williams,True,19.0,57.0,False,14.333333333333334,12.8,0.14285714285714285,6,0.0,17.0,9,1,False,19.0
2024,23,GAS,Alpine,False,11.0,57.0,False,11.0,12.4,0.14285714285714285,9,11.333333333333334,47.0,0,1,False,5.0
2024,23,HAM,Mercedes,False,6.0,57.0,False,5.333333333333333,8.4,0.09090909090909091,11,26.0,399.0,6,1,False,12.0
2024,23,HUL,Haas F1 Team,True,18.0,57.0,False,12.333333333333334,10.8,0.09090909090909091,12,4.0,45.0,3,2,False,16.0
2024,23,LAW,RB,False,17.0,57.0,False,13.666666666666666,13.4,0.0,14,3.3333333333333335,40.0,7,1,False,14.0
2024,23,LEC,Ferrari,False,5.0,57.0,False,4.0,3.6,0.045454545454545456,15,26.0,536.0,2,1,False,2.0
2024,23,MAG,Haas F1 Team,False,10.0,57.0,False,10.0,11.8,0.1,16,4.0,45.0,3,1,False,9.0
2024,23,NOR,McLaren,False,3.0,57.0,False,4.666666666666667,3.8,0.0,18,16.333333333333332,566.0,5,1,False,10.0
2024,23,OCO,Alpine,True,20.0,57.0,False,10.666666666666666,12.6,0.045454545454545456,19,11.333333333333334,47.0,0,1,False,20.0
2024,23,PER,Red Bull Racing,True,9.0,57.0,False,12.666666666666666,11.0,0.13636363636363635,20,15.0,504.0,8,1,False,17.0
2024,23,PIA,McLaren,False,4.0,57.0,False,7.666666666666667,6.2,0.0,21,16.333333333333332,566.0,5,1,False,3.0
2024,23,RUS,Mercedes,False,1.0,57.0,False,3.3333333333333335,4.0,0.13636363636363635,23,26.0,399.0,6,1,False,4.0
2024,23,SAI,Ferrari,False,7.0,57.0,False,6.666666666666667,5.8,0.14285714285714285,24,26.0,536.0,2,1,False,6.0
2024,23,STR,Aston Martin,True,15.0,57.0,False,13.666666666666666,14.8,0.09523809523809523,26,0.0,86.0,1,1,False,18.0
2024,23,TSU,RB,False,14.0,57.0,False,12.0,12.4,0.18181818181818182,27,3.3333333333333335,40.0,7,1,False,13.0
2024,23,VER,Red Bull Racing,False,2.0,57.0,False,4.0,3.4,0.045454545454545456,28,15.0,504.0,8,1,False,1.0
2024,23,ZHO,Kick Sauber,False,12.0,57.0,False,14.333333333333334,15.4,0.09090909090909091,30,0.0,0.0,4,1,False,8.0
2024,24,ALB,Williams,False,18.0,58.0,True,17.666666666666668,17.8,0.2727272727272727,0,0.0,17.0,9,1,False,11.0
2024,24,ALO,Aston Martin,False,8.0,58.0,True,10.666666666666666,12.6,0.043478260869565216,1,2.0,92.0,1,1,False,9.0
2024,24,BOT,Kick Sauber,True,9.0,58.0,True,14.0,14.6,0.043478260869565216,5,1.3333333333333333,4.0,4,1,False,18.0
2024,24,COL,Williams,True,20.0,58.0,True,16.666666666666668,14.4,0.25,6,0.0,17.0,9,1,False,19.0
2024,24,DOO,Alpine,False,17.0,58.0,True,,,,8,14.333333333333334,57.0,0,1,False,15.0
2024,24,GAS,Alpine,False,5.0,58.0,True,9.333333333333334,10.0,0.13636363636363635,9,14.333333333333334,57.0,0,1,False,7.0
2024,24,HAM,Mercedes,False,16.0,58.0,True,8.0,9.6,0.08695652173913043,11,22.666666666666668,411.0,6,2,False,4.0
2024,24,HUL,Haas F1 Team,False,7.0,58.0,True,14.666666666666666,12.2,0.13043478260869565,12,2.0,47.0,3,1,False,8.0
2024,24,LAW,RB,True,12.0,58.0,True,13.0,12.8,0.0,14,3.3333333333333335,40.0,7,1,False,17.0
2024,24,LEC,Ferrari,False,19.0,58.0,True,3.6666666666666665,3.0,0.043478260869565216,15,21.0,562.0,2,1,False,3.0
2024,24,MAG,Haas F1 Team,False,14.0,58.0,True,9.333333333333334,11.6,0.09523809523809523,16,2.0,47.0,3,1,False,16.0
2024,24,NOR,McLaren,False,1.0,58.0,True,7.333333333333333,5.6,0.0,18,14.666666666666666,583.0,5,1,False,1.0
2024,24,PER,Red Bull Racing,True,10.0,58.0,True,12.666666666666666,12.4,0.17391304347826086,20,20.666666666666668,529.0,8,1,False,20.0
2024,24,PIA,McLaren,False,2.0,58.0,True,6.0,6.2,0.0,21,14.666666666666666,583.0,5,1,False,10.0
2024,24,RUS,Mercedes,False,6.0,58.0,True,3.0,4.0,0.13043478260869565,23,22.666666666666668,411.0,6,1,False,5.0
2024,24,SAI,Ferrari,False,3.0,58.0,True,8.333333333333334,5.6,0.13636363636363635,24,21.0,562.0,2,1,False,2.0
2024,24,STR,Aston Martin,False,13.0,58.0,True,14.666666666666666,14.6,0.13636363636363635,26,2.0,92.0,1,1,False,14.0
2024,24,TSU,RB,False,11.0,58.0,True,9.666666666666666,12.6,0.17391304347826086,27,3.3333333333333335,40.0,7,1,False,12.0
2024,24,VER,Red Bull Racing,False,4.0,58.0,True,2.3333333333333335,3.2,0.043478260869565216,28,20.666666666666668,529.0,8,1,False,6.0
2024,24,ZHO,Kick Sauber,False,15.0,58.0,True,12.0,14.0,0.08695652173913043,30,1.3333333333333333,4.0,4,1,False,13.0
2025,1,ALB,Williams,False,6.0,57.0,True,15.0,16.0,,0,0.0,,9,3,True,5.0
2025,1,ALO,Aston Martin,True,12.0,57.0,True,9.0,11.8,,1,2.6666666666666665,,1,3,True,17.0
2025,1,ANT,Mercedes,False,16.0,57.0,True,,,,2,25.666666666666668,,6,3,True,4.0
2025,1,BEA,Haas F1 Team,False,20.0,57.0,True,9.666666666666666,9.666666666666666,,3,3.3333333333333335,,3,3,True,14.0
2025,1,BOR,Kick Sauber,True,15.0,57.0,True,,,,4,1.3333333333333333,,4,3,True,16.0
2025,1,DOO,Alpine,True,14.0,57.0,True,15.0,15.0,,8,5.333333333333333,,0,3,True,19.0
2025,1,GAS,Alpine,False,9.0,57.0,True,10.666666666666666,9.0,,9,5.333333333333333,,0,3,True,11.0
2025,1,HAD,RB,True,11.0,57.0,True,,,,10,0.6666666666666666,,7,3,True,20.0
2025,1,HAM,Ferrari,False,8.0,57.0,True,6.0,6.4,,11,28.666666666666668,,2,3,True,10.0
2025,1,HUL,Kick Sauber,False,17.0,57.0,True,10.666666666666666,12.2,,12,1.3333333333333333,,4,3,True,7.0
2025,1,LAW,Red Bull Racing,True,18.0,57.0,True,15.666666666666666,14.4,,14,14.666666666666666,,8,3,True,15.0
2025,1,LEC,Ferrari,False,7.0,57.0,True,3.0,3.4,,15,28.666666666666668,,2,3,True,8.0
2025,1,NOR,McLaren,False,1.0,57.0,True,5.666666666666667,5.0,,18,19.333333333333332,,5,3,True,1.0
2025,1,OCO,Haas F1 Team,False,19.0,57.0,True,13.0,14.0,,19,3.3333333333333335,,3,3,True,13.0
2025,1,PIA,McLaren,False,2.0,57.0,True,6.666666666666667,7.2,,21,19.333333333333332,,5,3,True,9.0
2025,1,RUS,Mercedes,False,4.0,57.0,True,3.3333333333333335,3.8,,23,25.666666666666668,,6,3,True,3.0
2025,1,SAI,Williams,True,10.0,57.0,True,3.6666666666666665,5.6,,24,0.0,,9,3,True,18.0
2025,1,STR,Aston Martin,False,13.0,57.0,True,15.666666666666666,14.6,,26,2.6666666666666665,,1,3,True,6.0
2025,1,TSU,RB,False,5.0,57.0,True,11.333333333333334,12.2,,27,0.6666666666666666,,7,3,True,12.0
2025,1,VER,Red Bull Racing,False,3.0,57.0,True,4.0,3.8,,28,14.666666666666666,,8,3,True,2.0
2025,2,ALB,Williams,False,10.0,56.0,False,10.333333333333334,13.8,0.0,0,3.3333333333333335,10.0,9,1,False,7.0
2025,2,ALO,Aston Martin,True,13.0,56.0,False,11.0,11.6,1.0,1,5.333333333333333,8.0,1,1,False,17.0
2025,2,ANT,Mercedes,False,8.0,56.0,False,4.0,4.0,0.0,2,20.333333333333332,27.0,6,1,False,6.0
2025,2,BEA,Haas F1 Team,False,17.0,56.0,False,12.0,10.75,0.0,3,2.0,0.0,3,2,False,8.0
2025,2,BOR,Kick Sauber,False,19.0,56.0,False,16.0,16.0,1.0,4,3.3333333333333335,6.0,4,1,False,14.0
2025,2,DOO,Alpine,False,18.0,56.0,False,17.0,17.0,1.0,8,5.333333333333333,0.0,0,1,False,13.0
2025,2,GAS,Alpine,True,16.0,56.0,False,7.666666666666667,9.2,0.0,9,5.333333333333333,0.0,0,1,False,20.0
2025,2,HAD,RB,False,7.0,56.0,False,20.0,20.0,1.0,10,0.0,0.0,7,1,False,11.0
2025,2,HAM,Ferrari,True,5.0,56.0,False,8.666666666666666,7.6,0.0,11,21.333333333333332,5.0,2,1,False,19.0
2025,2,HUL,Kick Sauber,False,12.0,56.0,False,10.333333333333334,11.8,0.0,12,3.3333333333333335,6.0,4,1,False,15.0
2025,2,LAW,Red Bull Racing,False,20.0,56.0,False,15.333333333333334,14.2,1.0,14,17.0,18.0,8,2,False,12.0
2025,2,LEC,Ferrari,True,6.0,56.0,False,4.333333333333333,4.4,0.0,15,21.333333333333332,5.0,2,1,False,18.0
2025,2,NOR,McLaren,False,3.0,56.0,False,4.0,4.8,0.0,18,23.333333333333332,27.0,5,1,False,2.0
2025,2,OCO,Haas F1 Team,False,11.0,56.0,False,16.666666666666668,13.0,0.0,19,2.0,0.0,3,1,False,5.0
2025,2,PIA,McLaren,False,1.0,56.0,False,7.333333333333333,7.4,0.0,21,23.333333333333332,27.0,5,1,False,1.0
2025,2,RUS,Mercedes,False,2.0,56.0,False,4.0,3.4,0.0,23,20.333333333333332,27.0,6,1,False,3.0
2025,2,SAI,Williams,False,15.0,56.0,False,8.666666666666666,9.0,1.0,24,3.3333333333333335,10.0,9,1,False,10.0
2025,2,STR,Aston Martin,False,14.0,56.0,False,12.666666666666666,12.8,0.0,26,5.333333333333333,8.0,1,2,False,9.0
2025,2,TSU,RB,False,9.0,56.0,False,12.333333333333334,10.6,0.0,27,0.0,0.0,7,1,False,16.0
2025,2,VER,Red Bull Racing,False,4.0,56.0,False,3.0,3.0,0.0,28,17.0,18.0,8,1,False,4.0
2025,3,ALB,Williams,False,9.0,53.0,False,7.666666666666667,11.4,0.0,0,5.666666666666667,17.0,9,1,False,9.0
2025,3,ALO,Aston Martin,False,12.0,53.0,False,14.333333333333334,12.2,1.0,1,4.0,10.0,1,1,False,11.0
2025,3,ANT,Mercedes,False,6.0,53.0,False,5.0,5.0,0.0,2,24.0,50.0,6,1,False,6.0
2025,3,BEA,Haas F1 Team,False,10.0,53.0,False,11.333333333333334,10.2,0.0,3,6.0,14.0,3,1,False,10.0
2025,3,BOR,Kick Sauber,False,17.0,53.0,False,15.0,15.0,0.5,4,2.0,6.0,4,2,False,19.0
2025,3,DOO,Alpine,False,19.0,53.0,False,15.666666666666666,15.666666666666666,0.5,8,2.0,0.0,0,0,False,15.0
2025,3,GAS,Alpine,False,11.0,53.0,False,12.666666666666666,12.6,0.5,9,2.0,0.0,0,1,False,13.0
2025,3,HAD,RB,False,7.0,53.0,False,15.5,15.5,0.5,10,0.0,0.0,7,1,False,8.0
2025,3,HAM,Ferrari,False,8.0,53.0,False,11.0,9.4,0.5,11,12.666666666666666,5.0,2,2,False,7.0
2025,3,HUL,Kick Sauber,False,16.0,53.0,False,10.0,10.8,0.0,12,2.0,6.0,4,1,False,16.0
2025,3,LAW,RB,False,13.0,53.0,False,14.666666666666666,14.8,0.5,14,0.0,0.0,7,1,False,17.0
2025,3,LEC,Ferrari,False,4.0,53.0,False,9.666666666666666,7.0,0.5,15,12.666666666666666,5.0,2,1,False,4.0
2025,3,NOR,McLaren,False,2.0,53.0,False,1.3333333333333333,4.0,0.0,18,32.0,70.0,5,1,False,2.0
2025,3,OCO,Haas F1 Team,False,18.0,53.0,False,12.666666666666666,11.4,0.0,19,6.0,14.0,3,2,False,18.0
2025,3,PIA,McLaren,False,3.0,53.0,False,6.666666666666667,6.0,0.0,21,32.0,70.0,5,1,False,3.0
2025,3,RUS,Mercedes,False,5.0,53.0,False,3.6666666666666665,3.2,0.0,23,24.0,50.0,6,1,False,5.0
2025,3,SAI,Williams,False,15.0,53.0,False,10.0,7.8,0.5,24,5.666666666666667,17.0,9,1,False,14.0
2025,3,STR,Aston Martin,False,20.0,53.0,False,9.666666666666666,12.4,0.0,26,4.0,10.0,1,0,False,20.0
2025,3,TSU,Red Bull Racing,False,14.0,53.0,False,13.333333333333334,12.4,0.0,27,12.666666666666666,30.0,8,1,False,12.0
2025,3,VER,Red Bull Racing,False,1.0,53.0,False,4.0,3.6,0.0,28,12.666666666666666,30.0,8,1,False,1.0
2025,4,ALB,Williams,False,15.0,57.0,False,7.0,9.4,0.0,0,6.333333333333333,19.0,9,0,False,12.0
2025,4,ALO,Aston Martin,False,13.0,57.0,False,15.0,12.2,0.6666666666666666,1,3.3333333333333335,10.0,1,1,False,15.0
2025,4,ANT,Mercedes,False,5.0,57.0,False,5.333333333333333,5.333333333333333,0.0,2,22.666666666666668,68.0,6,0,False,11.0
2025,4,BEA,Haas F1 Team,False,20.0,57.0,False,10.666666666666666,10.8,0.0,3,5.0,15.0,3,0,False,10.0
2025,4,BOR,Kick Sauber,False,18.0,57.0,False,16.333333333333332,16.333333333333332,0.3333333333333333,4,2.0,6.0,4,1,False,18.0
2025,4,DOO,Alpine,False,11.0,57.0,False,15.666666666666666,15.5,0.3333333333333333,8,0.0,0.0,0,0,False,14.0
2025,4,GAS,Alpine,False,4.0,57.0,False,14.666666666666666,11.2,0.3333333333333333,9,0.0,0.0,0,0,False,7.0
2025,4,HAD,RB,False,12.0,57.0,False,13.0,13.0,0.3333333333333333,10,1.3333333333333333,4.0,7,0,False,13.0
2025,4,HAM,Ferrari,False,9.0,57.0,False,12.0,10.4,0.3333333333333333,11,7.666666666666667,23.0,2,1,False,5.0
2025,4,HUL,Kick Sauber,True,16.0,57.0,False,12.666666666666666,12.4,0.0,12,2.0,6.0,4,0,False,20.0
2025,4,LAW,RB,False,17.0,57.0,False,14.666666666666666,15.0,0.3333333333333333,14,1.3333333333333333,4.0,7,1,False,16.0
2025,4,LEC,Ferrari,False,2.0,57.0,False,10.0,7.0,0.3333333333333333,15,7.666666666666667,23.0,2,1,False,4.0
2025,4,NOR,McLaren,False,6.0,57.0,False,1.6666666666666667,3.2,0.0,18,34.333333333333336,103.0,5,0,False,3.0
2025,4,OCO,Haas F1 Team,False,14.0,57.0,False,12.0,14.6,0.0,19,5.0,15.0,3,0,False,8.0
2025,4,PIA,McLaren,False,1.0,57.0,False,4.333333333333333,5.2,0.0,21,34.333333333333336,103.0,5,0,False,1.0
2025,4,RUS,Mercedes,False,3.0,57.0,False,3.6666666666666665,4.0,0.0,23,22.666666666666668,68.0,6,0,False,2.0
2025,4,SAI,Williams,True,8.0,57.0,False,14.0,10.0,0.3333333333333333,24,6.333333333333333,19.0,9,0,False,19.0
2025,4,STR,Aston Martin,False,19.0,57.0,False,11.666666666666666,13.4,0.0,26,3.3333333333333335,10.0,1,0,False,17.0
2025,4,TSU,Red Bull Racing,False,10.0,57.0,False,13.333333333333334,13.0,0.0,27,18.333333333333332,55.0,8,0,False,9.0
2025,4,VER,Red Bull Racing,False,7.0,57.0,False,2.3333333333333335,2.8,0.0,28,18.333333333333332,55.0,8,0,False,6.0
2025,5,ALB,Williams,False,11.0,50.0,True,9.333333333333334,8.8,0.0,0,3.0,19.0,9,1,False,9.0
2025,5,ALO,Aston Martin,False,13.0,50.0,True,14.333333333333334,13.8,0.5,1,0.6666666666666666,10.0,1,1,False,11.0
2025,5,ANT,Mercedes,False,5.0,50.0,True,7.666666666666667,6.75,0.0,2,19.666666666666668,86.0,6,1,False,6.0
2025,5,BEA,Haas F1 Team,False,15.0,50.0,True,9.333333333333334,10.8,0.0,3,6.666666666666667,20.0,3,1,False,13.0
2025,5,BOR,Kick Sauber,False,20.0,50.0,True,17.0,16.75,0.25,4,0.0,6.0,4,1,False,18.0
2025,5,DOO,Alpine,False,17.0,50.0,True,14.0,15.2,0.25,8,2.0,6.0,0,1,False,17.0
2025,5,GAS,Alpine,True,9.0,50.0,True,13.333333333333334,11.6,0.25,9,2.0,6.0,0,1,False,20.0
2025,5,HAD,RB,False,14.0,50.0,True,10.666666666666666,13.0,0.25,10,1.3333333333333333,4.0,7,2,False,10.0
2025,5,HAM,Ferrari,False,7.0,50.0,True,10.333333333333334,9.0,0.25,11,13.333333333333334,45.0,2,1,False,7.0
2025,5,HUL,Kick Sauber,False,18.0,50.0,True,17.0,13.2,0.25,12,0.0,6.0,4,2,False,15.0
2025,5,LAW,RB,False,12.0,50.0,True,15.0,15.4,0.25,14,1.3333333333333333,4.0,7,1,False,12.0
2025,5,LEC,Ferrari,False,4.0,50.0,True,8.666666666666666,7.4,0.25,15,13.333333333333334,45.0,2,1,False,3.0
2025,5,NOR,McLaren,False,10.0,50.0,True,2.3333333333333335,1.8,0.0,18,38.666666666666664,143.0,5,2,False,4.0
2025,5,OCO,Haas F1 Team,False,19.0,50.0,True,10.333333333333334,12.8,0.0,19,6.666666666666667,20.0,3,1,False,14.0
2025,5,PIA,McLaren,False,2.0,50.0,True,1.6666666666666667,4.8,0.0,21,38.666666666666664,143.0,5,1,False,1.0
2025,5,RUS,Mercedes,False,3.0,50.0,True,3.3333333333333335,3.6,0.0,23,19.666666666666668,86.0,6,1,False,5.0
2025,5,SAI,Williams,False,6.0,50.0,True,14.333333333333334,12.6,0.5,24,3.0,19.0,9,1,False,8.0
2025,5,STR,Aston Martin,False,16.0,50.0,True,15.333333333333334,13.2,0.0,26,0.6666666666666666,10.0,1,2,False,16.0
2025,5,TSU,Red Bull Racing,True,8.0,50.0,True,12.333333333333334,12.2,0.0,27,15.666666666666666,65.0,8,1,False,19.0
2025,5,VER,Red Bull Racing,False,1.0,50.0,True,3.6666666666666665,3.8,0.0,28,15.666666666666666,65.0,8,1,False,2.0
2025,6,ALB,Williams,False,7.0,57.0,True,10.0,8.4,0.0,0,2.6666666666666665,25.0,9,1,True,5.0
2025,6,ALO,Aston Martin,False,17.0,57.0,True,12.333333333333334,14.2,0.4,1,0.0,10.0,1,2,True,15.0
2025,6,ANT,Mercedes,False,3.0,57.0,True,7.666666666666667,6.6,0.0,2,18.0,104.0,6,1,True,6.0
2025,6,BEA,Haas F1 Team,True,19.0,57.0,True,11.0,11.0,0.0,3,2.0,20.0,3,2,True,19.0
2025,6,BOR,Kick Sauber,True,13.0,57.0,True,18.333333333333332,17.0,0.2,4,0.0,6.0,4,1,True,18.0
2025,6,DOO,Alpine,True,14.0,57.0,True,15.333333333333334,15.6,0.2,8,2.0,6.0,0,1,True,20.0
2025,6,GAS,Alpine,False,20.0,57.0,True,13.333333333333334,14.2,0.4,9,2.0,6.0,0,2,True,13.0
2025,6,HAD,RB,False,11.0,57.0,True,10.333333333333334,12.4,0.2,10,1.6666666666666667,5.0,7,1,True,11.0
2025,6,HAM,Ferrari,False,12.0,57.0,True,6.333333333333333,9.6,0.2,11,20.333333333333332,66.0,2,2,True,8.0
2025,6,HUL,Kick Sauber,False,16.0,57.0,True,17.0,14.6,0.2,12,0.0,6.0,4,2,True,14.0
2025,6,LAW,RB,True,15.0,57.0,True,15.0,14.4,0.2,14,1.6666666666666667,5.0,7,2,True,17.0
2025,6,LEC,Ferrari,False,8.0,57.0,True,3.6666666666666665,7.4,0.2,15,20.333333333333332,66.0,2,1,True,7.0
2025,6,NOR,McLaren,False,2.0,57.0,True,3.0,2.4,0.0,18,36.666666666666664,180.0,5,1,True,2.0
2025,6,OCO,Haas F1 Team,False,9.0,57.0,True,13.333333333333334,11.6,0.0,19,2.0,20.0,3,1,True,12.0
2025,6,PIA,McLaren,False,4.0,57.0,True,1.6666666666666667,3.0,0.0,21,36.666666666666664,180.0,5,1,True,1.0
2025,6,RUS,Mercedes,False,5.0,57.0,True,4.0,3.6,0.0,23,18.0,104.0,6,2,True,3.0
2025,6,SAI,Williams,False,6.0,57.0,True,13.666666666666666,13.8,0.4,24,2.6666666666666665,25.0,9,1,True,9.0
2025,6,STR,Aston Martin,False,18.0,57.0,True,17.666666666666668,13.6,0.0,26,0.0,10.0,1,1,True,16.0
2025,6,TSU,Red Bull Racing,False,10.0,57.0,True,13.333333333333334,13.6,0.2,27,17.666666666666668,83.0,8,1,True,10.0
2025,6,VER,Red Bull Racing,False,1.0,57.0,True,3.0,3.0,0.0,28,17.666666666666668,83.0,8,1,True,4.0
2025,7,ALB,Williams,False,7.0,63.0,False,8.666666666666666,8.4,0.0,0,6.0,37.0,9,1,False,5.0
2025,7,ALO,Aston Martin,False,5.0,63.0,False,13.666666666666666,13.8,0.3333333333333333,1,0.0,10.0,1,1,False,11.0
2025,7,ANT,Mercedes,True,13.0,63.0,False,7.666666666666667,7.0,0.0,2,19.666666666666668,127.0,6,2,False,19.0
2025,7,BEA,Haas F1 Team,False,19.0,63.0,False,14.0,12.0,0.16666666666666666,3,1.6666666666666667,20.0,3,2,False,17.0
2025,7,BOR,Kick Sauber,False,14.0,63.0,False,18.0,17.4,0.3333333333333333,4,0.0,6.0,4,1,False,18.0
2025,7,COL,Alpine,False,16.0,63.0,False,17.333333333333332,16.2,,6,2.0,6.0,0,1,False,16.0
2025,7,GAS,Alpine,False,10.0,63.0,False,13.333333333333334,14.6,0.3333333333333333,9,2.0,6.0,0,1,False,13.0
2025,7,HAD,RB,False,9.0,63.0,False,11.333333333333334,10.6,0.16666666666666666,10,0.3333333333333333,5.0,7,1,False,9.0
2025,7,HAM,Ferrari,False,12.0,63.0,False,6.666666666666667,9.2,0.16666666666666666,11,17.666666666666668,76.0,2,2,False,4.0
2025,7,HUL,Kick Sauber,False,17.0,63.0,False,16.333333333333332,16.0,0.16666666666666666,12,0.0,6.0,4,2,False,12.0
2025,7,LAW,RB,False,15.0,63.0,False,15.0,14.8,0.3333333333333333,14,0.3333333333333333,5.0,7,1,False,14.0
2025,7,LEC,Ferrari,False,11.0,63.0,False,4.666666666666667,7.2,0.16666666666666666,15,17.666666666666668,76.0,2,1,False,6.0
2025,7,NOR,McLaren,False,4.0,63.0,False,3.0,2.6,0.0,18,40.0,223.0,5,1,False,2.0
2025,7,OCO,Haas F1 Team,True,18.0,63.0,False,11.333333333333334,11.4,0.0,19,1.6666666666666667,20.0,3,1,False,20.0
2025,7,PIA,McLaren,False,1.0,63.0,False,1.0,1.4,0.0,21,40.0,223.0,5,1,False,3.0
2025,7,RUS,Mercedes,False,3.0,63.0,False,3.3333333333333335,3.6,0.0,23,19.666666666666668,127.0,6,1,False,7.0
2025,7,SAI,Williams,False,6.0,63.0,False,12.0,12.0,0.3333333333333333,24,6.0,37.0,9,1,False,8.0
2025,7,STR,Aston Martin,False,8.0,63.0,False,16.333333333333332,15.6,0.0,26,0.0,10.0,1,1,False,15.0
2025,7,TSU,Red Bull Racing,False,20.0,63.0,False,12.666666666666666,13.2,0.16666666666666666,27,13.666666666666666,96.0,8,2,False,10.0
2025,7,VER,Red Bull Racing,False,2.0,63.0,False,4.0,3.4,0.0,28,13.666666666666666,96.0,8,1,False,1.0
2025,8,ALB,Williams,False,10.0,78.0,True,6.333333333333333,8.0,0.0,0,10.666666666666666,51.0,9,1,False,9.0
2025,8,ALO,Aston Martin,True,6.0,78.0,True,12.333333333333334,12.6,0.2857142857142857,1,0.0,10.0,1,2,False,19.0
2025,8,ANT,Mercedes,False,15.0,78.0,True,10.333333333333334,9.6,0.14285714285714285,2,15.666666666666666,133.0,6,2,False,18.0
2025,8,BEA,Haas F1 Team,False,20.0,78.0,True,16.333333333333332,13.8,0.14285714285714285,3,0.0,20.0,3,1,False,12.0
2025,8,BOR,Kick Sauber,False,16.0,78.0,True,18.0,18.2,0.2857142857142857,4,0.0,6.0,4,1,False,14.0
2025,8,COL,Alpine,False,18.0,78.0,True,18.0,17.0,0.0,6,0.0,6.0,0,2,False,13.0
2025,8,GAS,Alpine,True,17.0,78.0,True,15.333333333333334,13.2,0.2857142857142857,9,0.0,6.0,0,1,False,20.0
2025,8,HAD,RB,False,5.0,78.0,True,10.0,10.2,0.14285714285714285,10,1.0,7.0,7,1,False,6.0
2025,8,HAM,Ferrari,False,7.0,78.0,True,6.333333333333333,6.2,0.14285714285714285,11,17.0,96.0,2,2,False,5.0
2025,8,HUL,Kick Sauber,False,13.0,78.0,True,13.666666666666666,15.4,0.14285714285714285,12,0.0,6.0,4,1,False,16.0
2025,8,LAW,RB,False,9.0,78.0,True,14.333333333333334,15.2,0.2857142857142857,14,1.0,7.0,7,1,False,8.0
2025,8,LEC,Ferrari,False,2.0,78.0,True,5.333333333333333,4.8,0.14285714285714285,15,17.0,96.0,2,1,False,2.0
2025,8,NOR,McLaren,False,1.0,78.0,True,2.6666666666666665,2.6,0.0,18,37.666666666666664,256.0,5,1,False,1.0
2025,8,OCO,Haas F1 Team,False,8.0,78.0,True,15.333333333333334,14.4,0.14285714285714285,19,0.0,20.0,3,1,False,7.0
2025,8,PIA,McLaren,False,3.0,78.0,True,1.6666666666666667,1.8,0.0,21,37.666666666666664,256.0,5,1,False,3.0
2025,8,RUS,Mercedes,False,14.0,78.0,True,5.0,4.4,0.0,23,15.666666666666666,133.0,6,2,False,11.0
2025,8,SAI,Williams,False,11.0,78.0,True,8.333333333333334,11.6,0.2857142857142857,24,10.666666666666666,51.0,9,2,False,10.0
2025,8,STR,Aston Martin,False,19.0,78.0,True,15.666666666666666,16.8,0.0,26,0.0,10.0,1,2,False,15.0
2025,8,TSU,Red Bull Racing,False,12.0,78.0,True,13.0,12.0,0.14285714285714285,27,19.0,122.0,8,0,False,17.0
2025,8,VER,Red Bull Racing,False,4.0,78.0,True,2.3333333333333335,2.8,0.0,28,19.0,122.0,8,2,False,4.0
2025,9,ALB,Williams,True,11.0,66.0,False,6.333333333333333,8.0,0.0,0,9.666666666666666,54.0,9,0,False,19.0
2025,9,ALO,Aston Martin,False,10.0,66.0,False,15.0,14.2,0.375,1,0.0,10.0,1,0,False,9.0
2025,9,ANT,Mercedes,True,6.0,66.0,False,14.333333333333334,12.0,0.125,2,9.666666666666666,133.0,6,0,False,18.0
2025,9,BEA,Haas F1 Team,False,14.0,66.0,False,16.0,14.2,0.125,3,2.0,26.0,3,0,False,17.0
2025,9,BOR,Kick Sauber,False,12.0,66.0,False,16.666666666666668,17.2,0.25,4,0.0,6.0,4,0,False,12.0
2025,9,COL,Alpine,False,18.0,66.0,False,16.0,16.2,0.0,6,0.0,6.0,0,0,False,15.0
2025,9,GAS,Alpine,False,8.0,66.0,False,15.333333333333334,14.6,0.375,9,0.0,6.0,0,0,False,8.0
2025,9,HAD,RB,False,9.0,66.0,False,8.666666666666666,9.8,0.125,10,4.666666666666667,19.0,7,0,False,7.0
2025,9,HAM,Ferrari,False,5.0,66.0,False,5.666666666666667,5.8,0.125,11,19.333333333333332,124.0,2,0,False,6.0
2025,9,HUL,Kick Sauber,False,15.0,66.0,False,14.0,15.4,0.125,12,0.0,6.0,4,0,False,5.0
2025,9,LAW,RB,False,13.0,66.0,False,13.0,13.4,0.25,14,4.666666666666667,19.0,7,0,False,11.0
2025,9,LEC,Ferrari,False,7.0,66.0,False,5.0,4.4,0.125,15,19.333333333333332,124.0,2,0,False,3.0
2025,9,NOR,McLaren,False,2.0,66.0,False,1.6666666666666667,2.4,0.0,18,38.666666666666664,296.0,5,0,False,2.0
2025,9,OCO,Haas F1 Team,False,16.0,66.0,False,13.0,12.2,0.125,19,2.0,26.0,3,0,False,16.0
2025,9,PIA,McLaren,False,1.0,66.0,False,2.3333333333333335,1.8,0.0,21,38.666666666666664,296.0,5,0,False,1.0
2025,9,RUS,Mercedes,False,4.0,66.0,False,7.0,5.6,0.0,23,9.666666666666666,133.0,6,0,False,4.0
2025,9,SAI,Williams,False,17.0,66.0,False,9.0,10.8,0.25,24,9.666666666666666,54.0,9,0,False,14.0
2025,9,TSU,Red Bull Racing,False,19.0,66.0,False,12.333333333333334,13.0,0.125,27,17.0,134.0,8,1,False,13.0
2025,9,VER,Red Bull Racing,False,3.0,66.0,False,3.0,3.4,0.0,28,17.0,134.0,8,0,False,10.0
2025,10,ALB,Williams,True,9.0,70.0,False,11.0,9.4,0.1111111111111111,0,5.666666666666667,54.0,9,1,False,20.0
2025,10,ALO,Aston Martin,False,6.0,70.0,False,13.0,13.0,0.3333333333333333,1,0.6666666666666666,12.0,1,1,False,7.0
2025,10,ANT,Mercedes,False,4.0,70.0,False,18.333333333333332,13.4,0.2222222222222222,2,6.0,145.0,6,1,False,3.0
2025,10,BEA,Haas F1 Team,False,13.0,70.0,False,15.333333333333334,15.6,0.1111111111111111,3,2.0,26.0,3,1,False,11.0
2025,10,BOR,Kick Sauber,False,15.0,70.0,False,14.666666666666666,16.0,0.2222222222222222,4,3.3333333333333335,16.0,4,2,False,14.0
2025,10,COL,Alpine,False,10.0,70.0,False,14.666666666666666,16.4,0.0,6,1.3333333333333333,10.0,0,1,False,13.0
2025,10,GAS,Alpine,False,20.0,70.0,False,13.666666666666666,14.8,0.3333333333333333,9,1.3333333333333333,10.0,0,2,False,15.0
2025,10,HAD,RB,False,12.0,70.0,False,7.333333333333333,8.6,0.1111111111111111,10,6.666666666666667,25.0,7,1,False,16.0
2025,10,HAM,Ferrari,False,5.0,70.0,False,5.0,6.0,0.1111111111111111,11,23.666666666666668,147.0,2,1,False,6.0
2025,10,HUL,Kick Sauber,False,11.0,70.0,False,11.0,12.4,0.1111111111111111,12,3.3333333333333335,16.0,4,1,False,8.0
2025,10,LAW,RB,True,19.0,70.0,False,11.0,12.4,0.2222222222222222,14,6.666666666666667,25.0,7,2,False,19.0
2025,10,LEC,Ferrari,False,8.0,70.0,False,3.6666666666666665,4.2,0.1111111111111111,15,23.666666666666668,147.0,2,2,False,5.0
2025,10,NOR,McLaren,True,7.0,70.0,False,1.6666666666666667,2.2,0.0,18,38.666666666666664,339.0,5,2,False,18.0
2025,10,OCO,Haas F1 Team,False,14.0,70.0,False,14.333333333333334,13.8,0.1111111111111111,19,2.0,26.0,3,2,False,9.0
2025,10,PIA,McLaren,False,3.0,70.0,False,2.3333333333333335,1.8,0.0,21,38.666666666666664,339.0,5,1,False,4.0
2025,10,RUS,Mercedes,False,1.0,70.0,False,7.333333333333333,6.0,0.0,23,6.0,145.0,6,1,False,1.0
2025,10,SAI,Williams,False,16.0,70.0,False,10.666666666666666,9.8,0.2222222222222222,24,5.666666666666667,54.0,9,2,False,10.0
2025,10,STR,Aston Martin,False,17.0,70.0,False,15.333333333333334,15.8,0.0,26,0.6666666666666666,12.0,1,2,False,17.0
2025,10,TSU,Red Bull Racing,False,18.0,70.0,False,13.333333333333334,13.8,0.1111111111111111,27,13.0,135.0,8,2,False,12.0
2025,10,VER,Red Bull Racing,False,2.0,70.0,False,5.0,4.2,0.0,28,13.0,135.0,8,1,False,2.0
2025,11,ALB,Williams,True,12.0,70.0,False,16.0,11.6,0.2,0,1.3333333333333333,55.0,9,1,False,17.0
2025,11,ALO,Aston Martin,False,11.0,70.0,False,11.666666666666666,12.2,0.3,1,2.6666666666666665,18.0,1,1,False,7.0
2025,11,ANT,Mercedes,True,9.0,70.0,False,13.0,12.8,0.2,2,17.333333333333332,185.0,6,1,False,19.0
2025,11,BEA,Haas F1 Team,False,15.0,70.0,False,13.333333333333334,15.2,0.1,3,2.6666666666666665,28.0,3,0,False,11.0
2025,11,BOR,Kick Sauber,False,8.0,70.0,False,13.333333333333334,15.2,0.2,4,4.666666666666667,20.0,4,1,False,8.0
2025,11,COL,Alpine,False,14.0,70.0,False,13.666666666666666,15.2,0.0,6,1.3333333333333333,10.0,0,0,False,15.0
2025,11,GAS,Alpine,False,10.0,70.0,False,14.333333333333334,13.8,0.3,9,1.3333333333333333,10.0,0,0,False,13.0
2025,11,HAD,RB,False,13.0,70.0,False,9.666666666666666,9.8,0.1,10,6.0,25.0,7,0,False,12.0
2025,11,HAM,Ferrari,False,4.0,70.0,False,5.666666666666667,5.8,0.1,11,23.0,165.0,2,1,False,4.0
2025,11,HUL,Kick Sauber,False,20.0,70.0,False,9.666666666666666,11.0,0.1,12,4.666666666666667,20.0,4,0,False,9.0
2025,11,LAW,RB,False,6.0,70.0,False,12.666666666666666,13.8,0.3,14,6.0,25.0,7,1,False,6.0
2025,11,LEC,Ferrari,False,2.0,70.0,False,3.3333333333333335,4.6,0.1,15,23.0,165.0,2,1,False,3.0
2025,11,NOR,McLaren,False,1.0,70.0,False,7.0,5.0,0.1,18,31.666666666666668,351.0,5,1,False,1.0
2025,11,OCO,Haas F1 Team,False,17.0,70.0,False,10.666666666666666,12.8,0.1,19,2.6666666666666665,28.0,3,1,False,10.0
2025,11,PIA,McLaren,False,3.0,70.0,False,2.6666666666666665,2.4,0.0,21,31.666666666666668,351.0,5,1,False,2.0
2025,11,RUS,Mercedes,False,5.0,70.0,False,5.333333333333333,5.2,0.0,23,17.333333333333332,185.0,6,1,False,5.0
2025,11,STR,Aston Martin,False,16.0,70.0,False,15.666666666666666,15.8,0.0,26,2.6666666666666665,18.0,1,1,False,14.0
2025,11,TSU,Red Bull Racing,False,18.0,70.0,False,14.0,12.4,0.1,27,10.333333333333334,153.0,8,1,False,16.0
2025,11,VER,Red Bull Racing,True,7.0,70.0,False,5.333333333333333,4.2,0.0,28,10.333333333333334,153.0,8,1,False,18.0
2025,12,ALB,Williams,False,13.0,52.0,False,18.666666666666668,14.0,0.2727272727272727,0,0.3333333333333333,55.0,9,3,True,8.0
2025,12,ALO,Aston Martin,False,7.0,52.0,False,7.666666666666667,10.6,0.2727272727272727,1,4.666666666666667,24.0,1,3,True,9.0
2025,12,ANT,Mercedes,True,10.0,52.0,False,13.333333333333334,15.4,0.2727272727272727,2,20.666666666666668,195.0,6,3,True,16.0
2025,12,BEA,Haas F1 Team,False,18.0,52.0,False,13.0,13.6,0.09090909090909091,3,1.0,29.0,3,2,True,11.0
2025,12,BOR,Kick Sauber,True,16.0,52.0,False,11.333333333333334,13.2,0.18181818181818182,4,6.666666666666667,26.0,4,1,True,18.0
2025,12,GAS,Alpine,False,8.0,52.0,False,12.0,13.8,0.2727272727272727,9,1.3333333333333333,10.0,0,3,True,6.0
2025,12,HAD,RB,True,12.0,52.0,False,11.666666666666666,10.0,0.09090909090909091,10,4.666666666666667,33.0,7,1,True,17.0
2025,12,HAM,Ferrari,False,5.0,52.0,False,5.333333333333333,5.0,0.09090909090909091,11,22.666666666666668,192.0,2,3,True,4.0
2025,12,HUL,Kick Sauber,False,19.0,52.0,False,7.333333333333333,10.0,0.09090909090909091,12,6.666666666666667,26.0,4,3,True,3.0
2025,12,LAW,RB,True,15.0,52.0,False,12.0,11.6,0.2727272727272727,14,4.666666666666667,33.0,7,3,True,19.0
2025,12,LEC,Ferrari,False,6.0,52.0,False,3.6666666666666665,3.8,0.09090909090909091,15,22.666666666666668,192.0,2,1,True,14.0
2025,12,NOR,McLaren,False,3.0,52.0,False,7.0,4.8,0.09090909090909091,18,32.666666666666664,394.0,5,3,True,1.0
2025,12,OCO,Haas F1 Team,False,14.0,52.0,False,11.666666666666666,12.4,0.09090909090909091,19,1.0,29.0,3,3,True,13.0
2025,12,PIA,McLaren,False,2.0,52.0,False,2.3333333333333335,2.6,0.0,21,32.666666666666664,394.0,5,3,True,2.0
2025,12,RUS,Mercedes,False,4.0,52.0,False,3.3333333333333335,5.6,0.0,23,20.666666666666668,195.0,6,2,True,10.0
2025,12,SAI,Williams,False,9.0,52.0,False,11.333333333333334,10.2,0.2,24,0.3333333333333333,55.0,9,3,True,12.0
2025,12,STR,Aston Martin,False,17.0,52.0,False,15.333333333333334,15.4,0.0,26,4.666666666666667,24.0,1,3,True,7.0
2025,12,TSU,Red Bull Racing,False,11.0,52.0,False,13.666666666666666,13.6,0.09090909090909091,27,6.333333333333333,153.0,8,3,True,15.0
2025,12,VER,Red Bull Racing,False,1.0,52.0,False,10.0,7.0,0.09090909090909091,28,6.333333333333333,153.0,8,3,True,5.0
2025,13,ALB,Williams,False,5.0,44.0,False,15.0,14.6,0.25,0,1.6666666666666667,59.0,9,3,False,6.0
2025,13,ALO,Aston Martin,False,20.0,44.0,False,7.666666666666667,10.2,0.25,1,6.666666666666667,32.0,1,3,False,17.0
2025,13,ANT,Mercedes,False,19.0,44.0,False,12.666666666666666,14.8,0.3333333333333333,2,17.0,196.0,6,3,False,16.0
2025,13,BEA,Haas F1 Team,False,12.0,44.0,False,11.0,12.4,0.08333333333333333,3,1.0,29.0,3,3,False,11.0
2025,13,BOR,Kick Sauber,False,10.0,44.0,False,13.333333333333334,13.2,0.25,4,8.333333333333334,41.0,4,3,False,9.0
2025,13,COL,Alpine,False,15.0,44.0,False,14.333333333333334,14.4,0.0,6,2.6666666666666665,18.0,0,3,False,19.0
2025,13,GAS,Alpine,False,13.0,44.0,False,11.333333333333334,12.4,0.25,9,2.6666666666666665,18.0,0,3,False,10.0
2025,13,HAD,RB,False,8.0,44.0,False,15.0,11.6,0.16666666666666666,10,2.6666666666666665,33.0,7,3,False,20.0
2025,13,HAM,Ferrari,False,18.0,44.0,False,4.666666666666667,5.0,0.08333333333333333,11,19.0,204.0,2,3,False,7.0
2025,13,HUL,Kick Sauber,False,14.0,44.0,False,6.666666666666667,8.2,0.08333333333333333,12,8.333333333333334,41.0,4,3,False,12.0
2025,13,LAW,RB,False,9.0,44.0,False,14.666666666666666,12.6,0.3333333333333333,14,2.6666666666666665,33.0,7,3,False,8.0
2025,13,LEC,Ferrari,False,3.0,44.0,False,7.333333333333333,5.4,0.08333333333333333,15,19.0,204.0,2,3,False,3.0
2025,13,NOR,McLaren,False,1.0,44.0,False,6.666666666666667,4.6,0.08333333333333333,18,32.666666666666664,437.0,5,3,False,2.0
2025,13,OCO,Haas F1 Team,False,11.0,44.0,False,10.666666666666666,11.0,0.08333333333333333,19,1.0,29.0,3,3,False,15.0
2025,13,PIA,McLaren,False,2.0,44.0,False,2.6666666666666665,2.4,0.0,21,32.666666666666664,437.0,5,3,False,1.0
2025,13,RUS,Mercedes,False,6.0,44.0,False,5.333333333333333,6.2,0.0,23,17.0,196.0,6,3,False,5.0
2025,13,SAI,Williams,False,17.0,44.0,False,12.0,10.8,0.18181818181818182,24,1.6666666666666667,59.0,9,3,False,18.0
2025,13,STR,Aston Martin,False,16.0,44.0,False,12.666666666666666,13.6,0.0,26,6.666666666666667,32.0,1,3,False,14.0
2025,13,TSU,Red Bull Racing,False,7.0,44.0,False,14.333333333333334,14.6,0.08333333333333333,27,9.333333333333334,163.0,8,3,False,13.0
2025,13,VER,Red Bull Racing,False,4.0,44.0,False,8.333333333333334,7.8,0.08333333333333333,28,9.333333333333334,163.0,8,3,False,4.0
2025,14,ALB,Williams,False,19.0,70.0,False,10.333333333333334,14.0,0.23076923076923078,0,4.0,67.0,9,0,False,15.0
2025,14,ALO,Aston Martin,False,5.0,70.0,False,11.0,9.8,0.23076923076923078,1,4.666666666666667,32.0,1,1,False,5.0
2025,14,ANT,Mercedes,False,15.0,70.0,False,17.0,14.4,0.3076923076923077,2,7.0,206.0,6,1,False,10.0
2025,14,BEA,Haas F1 Team,True,11.0,70.0,False,11.0,12.2,0.07692307692307693,3,0.3333333333333333,29.0,3,1,False,20.0
2025,14,BOR,Kick Sauber,False,7.0,70.0,False,11.666666666666666,12.2,0.23076923076923078,4,7.666666666666667,43.0,4,1,False,6.0
2025,14,COL,Alpine,False,14.0,70.0,False,15.666666666666666,15.0,0.0,6,3.0,19.0,0,1,False,18.0
2025,14,GAS,Alpine,False,16.0,70.0,False,9.666666666666666,10.4,0.23076923076923078,9,3.0,19.0,0,2,False,19.0
2025,14,HAD,RB,False,10.0,70.0,False,16.333333333333332,14.4,0.15384615384615385,10,4.0,37.0,7,1,False,11.0
2025,14,HAM,Ferrari,False,12.0,70.0,False,5.0,5.4,0.07692307692307693,11,20.0,225.0,2,2,False,12.0
2025,14,HUL,Kick Sauber,False,18.0,70.0,False,8.0,7.4,0.07692307692307693,12,7.666666666666667,43.0,4,0,False,13.0
2025,14,LAW,RB,False,9.0,70.0,False,11.0,12.6,0.3076923076923077,14,4.0,37.0,7,1,False,8.0
2025,14,LEC,Ferrari,False,1.0,70.0,False,6.666666666666667,5.6,0.07692307692307693,15,20.0,225.0,2,1,False,4.0
2025,14,NOR,McLaren,False,3.0,70.0,False,1.3333333333333333,4.8,0.07692307692307693,18,43.0,480.0,5,1,False,1.0
2025,14,OCO,Haas F1 Team,False,17.0,70.0,False,12.666666666666666,12.6,0.07692307692307693,19,0.3333333333333333,29.0,3,1,False,16.0
2025,14,PIA,McLaren,False,2.0,70.0,False,1.6666666666666667,2.0,0.0,21,43.0,480.0,5,1,False,2.0
2025,14,RUS,Mercedes,False,4.0,70.0,False,6.666666666666667,5.0,0.0,23,7.0,206.0,6,1,False,3.0
2025,14,SAI,Williams,False,13.0,70.0,False,13.333333333333334,12.8,0.16666666666666666,24,4.0,67.0,9,0,False,14.0
2025,14,STR,Aston Martin,False,6.0,70.0,False,11.666666666666666,13.4,0.0,26,4.666666666666667,32.0,1,1,False,7.0
2025,14,TSU,Red Bull Racing,False,20.0,70.0,False,14.666666666666666,13.8,0.07692307692307693,27,7.333333333333333,175.0,8,1,False,17.0
2025,14,VER,Red Bull Racing,False,8.0,70.0,False,9.0,7.8,0.07692307692307693,28,7.333333333333333,175.0,8,1,False,9.0
2025,15,ALB,Williams,False,15.0,72.0,False,9.666666666666666,13.2,0.21428571428571427,0,4.0,67.0,9,1,False,5.0
2025,15,ALO,Aston Martin,False,10.0,72.0,False,10.333333333333334,9.0,0.21428571428571427,1,8.0,48.0,1,1,False,8.0
2025,15,ANT,Mercedes,False,11.0,72.0,False,14.0,12.8,0.2857142857142857,2,9.0,222.0,6,1,False,16.0
2025,15,BEA,Haas F1 Team,False,20.0,72.0,False,14.0,12.8,0.14285714285714285,3,0.0,29.0,3,2,False,6.0
2025,15,BOR,Kick Sauber,False,13.0,72.0,False,11.0,11.0,0.21428571428571427,4,8.333333333333334,51.0,4,1,False,15.0
2025,15,COL,Alpine,False,16.0,72.0,False,17.333333333333332,16.0,0.0,6,3.0,19.0,0,0,False,11.0
2025,15,GAS,Alpine,False,14.0,72.0,False,11.666666666666666,12.6,0.21428571428571427,9,3.0,19.0,0,1,False,17.0
2025,15,HAD,RB,False,4.0,72.0,False,16.0,15.2,0.14285714285714285,10,2.6666666666666665,41.0,7,1,False,3.0
2025,15,HAM,Ferrari,True,7.0,72.0,False,7.666666666666667,6.6,0.07142857142857142,11,15.0,237.0,2,1,False,20.0
2025,15,HUL,Kick Sauber,False,17.0,72.0,False,9.333333333333334,9.0,0.07142857142857142,12,8.333333333333334,51.0,4,0,False,14.0
2025,15,LAW,RB,False,8.0,72.0,False,11.666666666666666,12.0,0.2857142857142857,14,2.6666666666666665,41.0,7,1,False,12.0
2025,15,LEC,Ferrari,True,6.0,72.0,False,7.0,5.8,0.07142857142857142,15,15.0,237.0,2,1,False,19.0
2025,15,NOR,McLaren,True,2.0,72.0,False,1.3333333333333333,4.6,0.07142857142857142,18,43.0,523.0,5,1,False,18.0
2025,15,OCO,Haas F1 Team,False,18.0,72.0,False,14.666666666666666,12.6,0.07142857142857142,19,0.0,29.0,3,2,False,10.0
2025,15,PIA,McLaren,False,1.0,72.0,False,1.6666666666666667,2.2,0.0,21,43.0,523.0,5,1,False,1.0
2025,15,RUS,Mercedes,False,5.0,72.0,False,6.0,4.8,0.0,23,9.0,222.0,6,1,False,4.0
2025,15,SAI,Williams,False,9.0,72.0,False,14.666666666666666,13.6,0.15384615384615385,24,4.0,67.0,9,1,False,13.0
2025,15,STR,Aston Martin,False,19.0,72.0,False,9.333333333333334,11.8,0.0,26,8.0,48.0,1,1,False,7.0
2025,15,TSU,Red Bull Racing,False,12.0,72.0,False,15.0,14.6,0.07142857142857142,27,8.0,177.0,8,0,False,9.0
2025,15,VER,Red Bull Racing,False,3.0,72.0,False,6.0,7.6,0.07142857142857142,28,8.0,177.0,8,0,False,2.0
2025,16,ALB,Williams,False,14.0,53.0,False,8.666666666666666,10.2,0.2,0,6.0,77.0,9,2,False,7.0
2025,16,ALO,Aston Martin,True,8.0,53.0,False,10.0,9.2,0.2,1,8.666666666666666,58.0,1,1,False,19.0
2025,16,ANT,Mercedes,False,6.0,53.0,False,14.0,15.4,0.26666666666666666,2,12.666666666666666,234.0,6,1,False,9.0
2025,16,BEA,Haas F1 Team,False,11.0,53.0,False,12.333333333333334,11.8,0.13333333333333333,3,3.0,38.0,3,1,False,12.0
2025,16,BOR,Kick Sauber,False,7.0,53.0,False,10.0,11.2,0.2,4,3.3333333333333335,51.0,4,1,False,8.0
2025,16,COL,Alpine,False,17.0,53.0,False,16.0,15.2,0.0,6,0.3333333333333333,19.0,0,1,False,17.0
2025,16,GAS,Alpine,False,20.0,53.0,False,15.333333333333334,13.0,0.2,9,0.3333333333333333,19.0,0,2,False,16.0
2025,16,HAD,RB,False,19.0,53.0,False,11.333333333333334,12.6,0.13333333333333333,10,7.666666666666667,56.0,7,2,False,10.0
2025,16,HAM,Ferrari,False,10.0,53.0,False,13.0,9.4,0.13333333333333333,11,11.0,237.0,2,1,False,6.0
2025,16,LAW,RB,False,18.0,53.0,False,9.333333333333334,10.6,0.26666666666666666,14,7.666666666666667,56.0,7,0,False,14.0
2025,16,LEC,Ferrari,False,4.0,53.0,False,8.666666666666666,8.6,0.13333333333333333,15,11.0,237.0,2,1,False,4.0
2025,16,NOR,McLaren,False,2.0,53.0,False,7.0,4.6,0.13333333333333333,18,37.0,548.0,5,1,False,2.0
2025,16,OCO,Haas F1 Team,False,15.0,53.0,False,13.666666666666666,12.8,0.06666666666666667,19,3.0,38.0,3,2,False,15.0
2025,16,PIA,McLaren,False,3.0,53.0,False,1.3333333333333333,1.6,0.0,21,37.0,548.0,5,1,False,3.0
2025,16,RUS,Mercedes,False,5.0,53.0,False,4.0,5.4,0.0,23,12.666666666666666,234.0,6,1,False,5.0
2025,16,SAI,Williams,False,13.0,53.0,False,15.0,13.4,0.14285714285714285,24,6.0,77.0,9,1,False,11.0
2025,16,STR,Aston Martin,False,16.0,53.0,False,9.333333333333334,9.8,0.0,26,8.666666666666666,58.0,1,2,False,18.0
2025,16,TSU,Red Bull Racing,False,9.0,53.0,False,13.0,14.0,0.06666666666666667,27,11.333333333333334,197.0,8,1,False,13.0
2025,16,VER,Red Bull Racing,False,1.0,53.0,False,5.0,7.6,0.06666666666666667,28,11.333333333333334,197.0,8,1,False,1.0
2025,17,ALB,Williams,False,19.0,51.0,True,9.0,8.2,0.1875,0,5.333333333333333,83.0,9,1,False,13.0
2025,17,ALO,Aston Martin,False,11.0,51.0,True,10.666666666666666,11.6,0.25,1,8.666666666666666,58.0,1,1,False,15.0
2025,17,ANT,Mercedes,False,4.0,51.0,True,11.666666666666666,13.4,0.25,2,13.333333333333334,246.0,6,1,False,4.0
2025,17,BEA,Haas F1 Team,False,15.0,51.0,True,12.666666666666666,12.0,0.125,3,3.0,38.0,3,2,False,12.0
2025,17,BOR,Kick Sauber,False,13.0,51.0,True,9.666666666666666,11.2,0.1875,4,4.0,55.0,4,2,False,11.0
2025,17,COL,Alpine,False,16.0,51.0,True,15.333333333333334,16.0,0.0,6,0.0,19.0,0,1,False,19.0
2025,17,GAS,Alpine,False,18.0,51.0,True,17.333333333333332,13.6,0.1875,9,0.0,19.0,0,2,False,18.0
2025,17,HAD,RB,False,8.0,51.0,True,8.0,12.2,0.125,10,6.666666666666667,57.0,7,1,False,10.0
2025,17,HAM,Ferrari,False,12.0,51.0,True,12.666666666666666,9.8,0.125,11,10.666666666666666,257.0,2,2,False,8.0
2025,17,HUL,Kick Sauber,False,17.0,51.0,True,13.0,10.2,0.06666666666666667,12,4.0,55.0,4,2,False,16.0
2025,17,LAW,RB,False,3.0,51.0,True,11.333333333333334,12.2,0.25,14,6.666666666666667,57.0,7,1,False,5.0
2025,17,LEC,Ferrari,False,10.0,51.0,True,9.0,8.8,0.125,15,10.666666666666666,257.0,2,1,False,9.0
2025,17,NOR,McLaren,False,7.0,51.0,True,7.0,4.8,0.125,18,33.666666666666664,581.0,5,1,False,7.0
2025,17,OCO,Haas F1 Team,False,20.0,51.0,True,13.666666666666666,13.8,0.0625,19,3.0,38.0,3,2,False,14.0
2025,17,PIA,McLaren,True,9.0,51.0,True,2.0,1.8,0.0,21,33.666666666666664,581.0,5,1,False,20.0
2025,17,RUS,Mercedes,False,5.0,51.0,True,4.0,5.4,0.0,23,13.333333333333334,246.0,6,2,False,2.0
2025,17,SAI,Williams,False,2.0,51.0,True,12.666666666666666,13.6,0.13333333333333333,24,5.333333333333333,83.0,9,1,False,3.0
2025,17,STR,Aston Martin,False,14.0,51.0,True,10.666666666666666,10.6,0.0,26,8.666666666666666,58.0,1,1,False,17.0
2025,17,TSU,Red Bull Racing,False,6.0,51.0,True,13.0,13.4,0.0625,27,15.666666666666666,222.0,8,2,False,6.0
2025,17,VER,Red Bull Racing,False,1.0,51.0,True,4.0,4.2,0.0625,28,15.666666666666666,222.0,8,2,False,1.0
2025,18,ALB,Williams,False,20.0,62.0,True,8.333333333333334,9.2,0.17647058823529413,0,10.333333333333334,98.0,9,1,False,14.0
2025,18,ALO,Aston Martin,False,10.0,62.0,True,14.0,12.8,0.23529411764705882,1,3.3333333333333335,58.0,1,0,False,7.0
2025,18,ANT,Mercedes,False,4.0,62.0,True,9.666666666666666,11.0,0.23529411764705882,2,18.0,276.0,6,1,False,5.0
2025,18,BEA,Haas F1 Team,False,9.0,62.0,True,10.0,12.2,0.11764705882352941,3,3.0,38.0,3,1,False,9.0
2025,18,BOR,Kick Sauber,False,14.0,62.0,True,11.333333333333334,9.8,0.17647058823529413,4,1.3333333333333333,55.0,4,1,False,17.0
2025,18,COL,Alpine,False,16.0,62.0,True,15.666666666666666,16.8,0.0,6,0.0,19.0,0,0,False,16.0
2025,18,GAS,Alpine,False,19.0,62.0,True,17.0,16.0,0.17647058823529413,9,0.0,19.0,0,1,False,19.0
2025,18,HAD,RB,False,8.0,62.0,True,7.666666666666667,10.8,0.11764705882352941,10,9.0,68.0,7,0,False,11.0
2025,18,HAM,Ferrari,False,6.0,62.0,True,11.333333333333334,10.6,0.11764705882352941,11,8.666666666666666,263.0,2,1,False,8.0
2025,18,HUL,Kick Sauber,False,11.0,62.0,True,14.333333333333334,11.6,0.0625,12,1.3333333333333333,55.0,4,1,False,20.0
2025,18,LAW,RB,False,12.0,62.0,True,10.333333333333334,9.4,0.23529411764705882,14,9.0,68.0,7,1,False,15.0
2025,18,LEC,Ferrari,False,7.0,62.0,True,10.666666666666666,7.8,0.11764705882352941,15,8.666666666666666,263.0,2,1,False,6.0
2025,18,NOR,McLaren,False,5.0,62.0,True,9.0,6.0,0.11764705882352941,18,21.333333333333332,587.0,5,1,False,3.0
2025,18,OCO,Haas F1 Team,False,17.0,62.0,True,13.0,14.0,0.058823529411764705,19,3.0,38.0,3,1,False,18.0
2025,18,PIA,McLaren,False,3.0,62.0,True,8.0,5.4,0.058823529411764705,21,21.333333333333332,587.0,5,1,False,4.0
2025,18,RUS,Mercedes,False,1.0,62.0,True,3.6666666666666665,3.8,0.0,23,18.0,276.0,6,1,False,1.0
2025,18,SAI,Williams,False,18.0,62.0,True,9.0,11.8,0.125,24,10.333333333333334,98.0,9,1,False,10.0
2025,18,STR,Aston Martin,False,15.0,62.0,True,14.0,12.6,0.0,26,3.3333333333333335,58.0,1,0,False,13.0
2025,18,TSU,Red Bull Racing,False,13.0,62.0,True,9.333333333333334,11.6,0.058823529411764705,27,26.0,255.0,8,0,False,12.0
2025,18,VER,Red Bull Racing,False,2.0,62.0,True,1.3333333333333333,3.4,0.058823529411764705,28,26.0,255.0,8,0,False,2.0
2025,19,ALB,Williams,False,18.0,56.0,False,11.333333333333334,10.8,0.16666666666666666,0,7.333333333333333,99.0,9,2,False,14.0
2025,19,ALO,Aston Martin,False,10.0,56.0,False,13.666666666666666,10.8,0.2222222222222222,1,2.0,64.0,1,1,False,10.0
2025,19,ANT,Mercedes,False,7.0,56.0,False,6.0,8.8,0.2222222222222222,2,25.666666666666668,311.0,6,1,False,13.0
2025,19,BEA,Haas F1 Team,False,8.0,56.0,False,11.0,11.8,0.1111111111111111,3,0.6666666666666666,40.0,3,1,False,9.0
2025,19,BOR,Kick Sauber,False,16.0,56.0,False,12.0,11.4,0.16666666666666666,4,1.3333333333333333,55.0,4,0,False,18.0
2025,19,COL,Alpine,False,15.0,56.0,False,17.333333333333332,16.2,0.0,6,0.0,19.0,0,1,False,17.0
2025,19,GAS,Alpine,False,14.0,56.0,False,17.666666666666668,17.8,0.16666666666666666,9,0.0,19.0,0,1,False,19.0
2025,19,HAD,RB,False,20.0,56.0,False,10.333333333333334,9.0,0.1111111111111111,10,4.0,68.0,7,2,False,16.0
2025,19,HAM,Ferrari,False,5.0,56.0,False,7.333333333333333,10.8,0.1111111111111111,11,12.666666666666666,275.0,2,1,False,4.0
2025,19,HUL,Kick Sauber,False,11.0,56.0,False,16.666666666666668,15.0,0.058823529411764705,12,1.3333333333333333,55.0,4,1,False,8.0
2025,19,LAW,RB,False,12.0,56.0,False,11.333333333333334,10.8,0.2222222222222222,14,4.0,68.0,7,1,False,11.0
2025,19,LEC,Ferrari,False,3.0,56.0,False,6.333333333333333,8.4,0.1111111111111111,15,12.666666666666666,275.0,2,0,False,3.0
2025,19,NOR,McLaren,False,2.0,56.0,False,4.0,6.2,0.1111111111111111,18,22.0,614.0,5,1,False,2.0
2025,19,OCO,Haas F1 Team,False,17.0,56.0,False,15.666666666666666,14.6,0.05555555555555555,19,0.6666666666666666,40.0,3,2,False,15.0
2025,19,PIA,McLaren,False,6.0,56.0,False,9.0,6.0,0.05555555555555555,21,22.0,614.0,5,1,False,5.0
2025,19,RUS,Mercedes,False,4.0,56.0,False,2.6666666666666665,3.0,0.0,23,25.666666666666668,311.0,6,1,False,6.0
2025,19,SAI,Williams,True,9.0,56.0,False,8.0,10.2,0.11764705882352941,24,7.333333333333333,99.0,9,1,False,20.0
2025,19,STR,Aston Martin,False,19.0,56.0,False,16.0,12.4,0.0,26,2.0,64.0,1,0,False,12.0
2025,19,TSU,Red Bull Racing,False,13.0,56.0,False,10.333333333333334,11.4,0.05555555555555555,27,25.333333333333332,273.0,8,1,False,7.0
2025,19,VER,Red Bull Racing,False,1.0,56.0,False,1.3333333333333333,3.0,0.05555555555555555,28,25.333333333333332,273.0,8,1,False,1.0
2025,20,ALB,Williams,False,17.0,71.0,False,13.666666666666666,10.6,0.15789473684210525,0,5.333333333333333,99.0,9,2,False,12.0
2025,20,ALO,Aston Martin,True,14.0,71.0,False,10.666666666666666,11.8,0.21052631578947367,1,2.3333333333333335,65.0,1,0,False,18.0
2025,20,ANT,Mercedes,False,6.0,71.0,False,7.333333333333333,9.4,0.21052631578947367,2,24.333333333333332,319.0,6,0,False,6.0
2025,20,BEA,Haas F1 Team,False,9.0,71.0,False,10.0,9.6,0.10526315789473684,3,1.3333333333333333,42.0,3,0,False,4.0
2025,20,BOR,Kick Sauber,False,16.0,71.0,False,15.333333333333334,13.8,0.15789473684210525,4,1.3333333333333333,59.0,4,1,False,10.0
2025,20,COL,Alpine,False,20.0,71.0,False,17.333333333333332,16.0,0.0,6,0.0,19.0,0,2,False,16.0
2025,20,GAS,Alpine,False,18.0,71.0,False,18.666666666666668,17.8,0.15789473684210525,9,0.0,19.0,0,1,False,15.0
2025,20,HAD,RB,False,8.0,71.0,False,12.333333333333334,10.0,0.10526315789473684,10,3.6666666666666665,68.0,7,1,False,13.0
2025,20,HAM,Ferrari,False,3.0,71.0,False,6.666666666666667,9.2,0.10526315789473684,11,15.0,302.0,2,0,False,8.0
2025,20,HUL,Kick Sauber,True,13.0,71.0,False,14.666666666666666,14.2,0.05555555555555555,12,1.3333333333333333,59.0,4,0,False,19.0
2025,20,LAW,RB,True,15.0,71.0,False,10.333333333333334,11.4,0.21052631578947367,14,3.6666666666666665,68.0,7,0,False,20.0
2025,20,LEC,Ferrari,False,2.0,71.0,False,6.0,8.2,0.10526315789473684,15,15.0,302.0,2,0,False,2.0
2025,20,NOR,McLaren,False,1.0,71.0,False,4.0,6.4,0.10526315789473684,18,20.333333333333332,642.0,5,0,False,1.0
2025,20,OCO,Haas F1 Team,False,11.0,71.0,False,15.666666666666666,14.4,0.05263157894736842,19,1.3333333333333333,42.0,3,0,False,9.0
2025,20,PIA,McLaren,False,7.0,71.0,False,9.666666666666666,6.6,0.05263157894736842,21,20.333333333333332,642.0,5,0,False,5.0
2025,20,RUS,Mercedes,False,4.0,71.0,False,3.0,3.6,0.0,23,24.333333333333332,319.0,6,0,False,7.0
2025,20,SAI,Williams,True,12.0,71.0,False,11.0,11.4,0.16666666666666666,24,5.333333333333333,99.0,9,1,False,17.0
2025,20,STR,Aston Martin,False,19.0,71.0,False,14.0,13.4,0.0,26,2.3333333333333335,65.0,1,0,False,14.0
2025,20,TSU,Red Bull Racing,False,10.0,71.0,False,8.333333333333334,9.4,0.05263157894736842,27,27.333333333333332,304.0,8,1,False,11.0
2025,20,VER,Red Bull Racing,False,5.0,71.0,False,1.3333333333333333,1.4,0.05263157894736842,28,27.333333333333332,304.0,8,1,False,3.0
2025,21,ALB,Williams,False,12.0,71.0,False,13.333333333333334,12.0,0.15,0,0.3333333333333333,99.0,9,1,False,11.0
2025,21,ALO,Aston Martin,False,11.0,71.0,False,11.666666666666666,13.8,0.25,1,2.3333333333333335,65.0,1,2,False,14.0
2025,21,ANT,Mercedes,False,2.0,71.0,False,8.0,7.4,0.2,2,19.0,333.0,6,0,False,2.0
2025,21,BEA,Haas F1 Team,False,8.0,71.0,False,7.333333333333333,9.2,0.1,3,6.0,56.0,3,0,False,6.0
2025,21,BOR,Kick Sauber,True,18.0,71.0,False,15.0,12.8,0.15,4,1.6666666666666667,60.0,4,0,False,20.0
2025,21,COL,Alpine,False,16.0,71.0,False,16.333333333333332,17.0,0.0,6,0.0,19.0,0,1,False,15.0
2025,21,GAS,Alpine,False,9.0,71.0,False,17.666666666666668,17.4,0.15,9,0.0,19.0,0,0,False,10.0
2025,21,HAD,RB,False,5.0,71.0,False,13.333333333333334,12.0,0.1,10,0.0,68.0,7,0,False,8.0
2025,21,HAM,Ferrari,True,13.0,71.0,False,6.666666666666667,6.8,0.1,11,20.333333333333332,324.0,2,0,False,18.0
2025,21,HUL,Kick Sauber,False,10.0,71.0,False,15.666666666666666,15.4,0.10526315789473684,12,1.6666666666666667,60.0,4,1,False,9.0
2025,21,LAW,RB,False,7.0,71.0,False,15.333333333333334,13.0,0.25,14,0.0,68.0,7,0,False,7.0
2025,21,LEC,Ferrari,True,3.0,71.0,False,3.6666666666666665,4.8,0.1,15,20.333333333333332,324.0,2,1,False,19.0
2025,21,NOR,McLaren,False,1.0,71.0,False,2.0,3.0,0.1,18,30.0,677.0,5,1,False,1.0
2025,21,OCO,Haas F1 Team,False,20.0,71.0,False,14.0,14.2,0.05,19,6.0,56.0,3,2,False,12.0
2025,21,PIA,McLaren,False,4.0,71.0,False,4.666666666666667,7.4,0.05,21,30.0,677.0,5,1,False,5.0
2025,21,RUS,Mercedes,False,6.0,71.0,False,4.666666666666667,4.2,0.0,23,19.0,333.0,6,1,False,4.0
2025,21,SAI,Williams,False,15.0,71.0,False,15.666666666666666,12.2,0.21052631578947367,24,0.3333333333333333,99.0,9,0,False,13.0
2025,21,STR,Aston Martin,False,14.0,71.0,False,13.0,14.8,0.0,26,2.3333333333333335,65.0,1,2,False,16.0
2025,21,TSU,Red Bull Racing,False,17.0,71.0,False,10.0,9.8,0.05,27,21.333333333333332,319.0,8,2,False,17.0
2025,21,VER,Red Bull Racing,False,19.0,71.0,False,2.0,1.6,0.05,28,21.333333333333332,319.0,8,2,False,3.0
2025,22,ALB,Williams,True,16.0,50.0,True,12.333333333333334,12.8,0.14285714285714285,0,0.0,99.0,9,2,False,16.0
2025,22,ALO,Aston Martin,False,7.0,50.0,True,14.0,12.8,0.23809523809523808,1,0.3333333333333333,65.0,1,1,False,11.0
2025,22,ANT,Mercedes,False,17.0,50.0,True,7.0,6.0,0.19047619047619047,2,17.333333333333332,363.0,6,0,False,3.0
2025,22,BEA,Haas F1 Team,False,14.0,50.0,True,6.333333333333333,8.0,0.09523809523809523,3,8.0,64.0,3,1,False,10.0
2025,22,BOR,Kick Sauber,True,18.0,50.0,True,16.0,15.2,0.19047619047619047,4,2.3333333333333335,62.0,4,2,False,17.0
2025,22,COL,Alpine,False,15.0,50.0,True,16.0,16.6,0.0,6,0.3333333333333333,20.0,0,2,False,15.0
2025,22,GAS,Alpine,False,10.0,50.0,True,14.666666666666666,16.2,0.14285714285714285,9,0.3333333333333333,20.0,0,1,False,13.0
2025,22,HAD,RB,False,8.0,50.0,True,12.333333333333334,11.6,0.09523809523809523,10,3.3333333333333335,78.0,7,1,False,6.0
2025,22,HAM,Ferrari,False,19.0,50.0,True,10.0,9.2,0.14285714285714285,11,16.333333333333332,324.0,2,2,False,8.0
2025,22,HUL,Kick Sauber,False,11.0,50.0,True,12.0,14.4,0.1,12,2.3333333333333335,62.0,4,2,False,7.0
2025,22,LAW,RB,False,6.0,50.0,True,12.666666666666666,11.6,0.23809523809523808,14,3.3333333333333335,78.0,7,1,False,14.0
2025,22,LEC,Ferrari,False,9.0,50.0,True,8.0,7.8,0.14285714285714285,15,16.333333333333332,324.0,2,1,False,4.0
2025,22,NOR,McLaren,True,1.0,50.0,True,1.3333333333333333,2.8,0.09523809523809523,18,32.666666666666664,712.0,5,1,False,19.0
2025,22,OCO,Haas F1 Team,False,13.0,50.0,True,12.0,13.6,0.047619047619047616,19,8.0,64.0,3,1,False,9.0
2025,22,PIA,McLaren,True,5.0,50.0,True,5.0,7.8,0.047619047619047616,21,32.666666666666664,712.0,5,1,False,20.0
2025,22,RUS,Mercedes,False,4.0,50.0,True,5.666666666666667,4.0,0.0,23,17.333333333333332,363.0,6,1,False,2.0
2025,22,SAI,Williams,False,3.0,50.0,True,16.666666666666668,12.6,0.2,24,0.0,99.0,9,1,False,5.0
2025,22,STR,Aston Martin,True,12.0,50.0,True,14.0,14.4,0.0,26,0.3333333333333333,65.0,1,1,False,18.0
2025,22,TSU,Red Bull Racing,False,20.0,50.0,True,11.666666666666666,10.6,0.047619047619047616,27,20.333333333333332,334.0,8,1,False,12.0
2025,22,VER,Red Bull Racing,False,2.0,50.0,True,2.3333333333333335,2.0,0.047619047619047616,28,20.333333333333332,334.0,8,1,False,1.0
2025,23,ALB,Williams,False,14.0,57.0,False,13.0,13.4,0.18181818181818182,0,3.3333333333333335,109.0,9,2,False,11.0
2025,23,ALO,Aston Martin,False,8.0,57.0,False,14.333333333333334,12.0,0.22727272727272727,1,0.0,65.0,1,1,False,7.0
2025,23,ANT,Mercedes,False,5.0,57.0,False,3.6666666666666665,5.8,0.18181818181818182,2,25.666666666666668,396.0,6,1,False,5.0
2025,23,BEA,Haas F1 Team,True,13.0,57.0,False,6.666666666666667,7.6,0.09090909090909091,3,8.333333333333334,67.0,3,1,False,19.0
2025,23,BOR,Kick Sauber,False,19.0,57.0,False,15.666666666666666,16.4,0.22727272727272727,4,3.0,68.0,4,1,False,13.0
2025,23,COL,Alpine,False,20.0,57.0,False,15.333333333333334,15.8,0.0,6,0.3333333333333333,20.0,0,2,False,14.0
2025,23,GAS,Alpine,False,9.0,57.0,False,12.666666666666666,15.2,0.13636363636363635,9,0.3333333333333333,20.0,0,1,False,16.0
2025,23,HAD,RB,True,6.0,57.0,False,9.0,10.8,0.09090909090909091,10,6.0,86.0,7,1,False,18.0
2025,23,HAM,Ferrari,False,17.0,57.0,False,11.333333333333334,9.2,0.13636363636363635,11,12.666666666666666,340.0,2,0,False,12.0
2025,23,HUL,Kick Sauber,True,11.0,57.0,False,11.666666666666666,12.6,0.09523809523809523,12,3.0,68.0,4,0,False,20.0
2025,23,LAW,RB,False,12.0,57.0,False,13.666666666666666,13.4,0.22727272727272727,14,6.0,86.0,7,1,False,9.0
2025,23,LEC,Ferrari,False,10.0,57.0,False,8.333333333333334,6.8,0.13636363636363635,15,12.666666666666666,340.0,2,1,False,8.0
2025,23,NOR,McLaren,False,2.0,57.0,False,7.0,5.2,0.13636363636363635,18,23.333333333333332,712.0,5,1,False,4.0
2025,23,OCO,Haas F1 Team,False,16.0,57.0,False,10.0,12.6,0.045454545454545456,19,8.333333333333334,67.0,3,1,False,15.0
2025,23,PIA,McLaren,False,1.0,57.0,False,10.0,7.8,0.09090909090909091,21,23.333333333333332,712.0,5,1,False,2.0
2025,23,RUS,Mercedes,False,4.0,57.0,False,4.333333333333333,4.0,0.0,23,25.666666666666668,396.0,6,1,False,6.0
2025,23,SAI,Williams,False,7.0,57.0,False,11.666666666666666,13.0,0.19047619047619047,24,3.3333333333333335,109.0,9,1,False,3.0
2025,23,STR,Aston Martin,True,18.0,57.0,False,16.0,14.6,0.047619047619047616,26,0.0,65.0,1,1,False,17.0
2025,23,TSU,Red Bull Racing,False,15.0,57.0,False,13.333333333333334,11.8,0.045454545454545456,27,18.333333333333332,359.0,8,1,False,10.0
2025,23,VER,Red Bull Racing,False,3.0,57.0,False,2.3333333333333335,2.0,0.045454545454545456,28,18.333333333333332,359.0,8,1,False,1.0
2025,24,ALB,Williams,False,17.0,58.0,True,12.666666666666666,12.8,0.17391304347826086,0,8.333333333333334,124.0,9,0,False,16.0
2025,24,ALO,Aston Martin,False,6.0,58.0,True,10.666666666666666,12.0,0.21739130434782608,1,2.0,71.0,1,1,False,6.0
2025,24,ANT,Mercedes,False,14.0,58.0,True,3.3333333333333335,5.8,0.17391304347826086,2,27.0,414.0,6,2,False,15.0
2025,24,BEA,Haas F1 Team,False,11.0,58.0,True,11.666666666666666,9.6,0.13043478260869565,3,3.6666666666666665,67.0,3,1,False,12.0
2025,24,BOR,Kick Sauber,False,7.0,58.0,True,16.666666666666668,15.6,0.21739130434782608,4,2.6666666666666665,68.0,4,1,False,11.0
2025,24,COL,Alpine,False,20.0,58.0,True,14.666666666666666,15.4,0.0,6,0.3333333333333333,20.0,0,1,False,20.0
2025,24,GAS,Alpine,False,19.0,58.0,True,13.0,14.6,0.13043478260869565,9,0.3333333333333333,20.0,0,1,False,19.0
2025,24,HAD,RB,False,9.0,58.0,True,10.666666666666666,12.2,0.13043478260869565,10,6.666666666666667,88.0,7,1,False,17.0
2025,24,HAM,Ferrari,False,16.0,58.0,True,12.666666666666666,10.0,0.13043478260869565,11,6.666666666666667,344.0,2,0,False,8.0
2025,24,HUL,Kick Sauber,False,18.0,58.0,True,12.0,12.6,0.13636363636363635,12,2.6666666666666665,68.0,4,0,False,9.0
2025,24,LAW,RB,False,13.0,58.0,True,10.0,12.2,0.21739130434782608,14,6.666666666666667,88.0,7,1,False,18.0
2025,24,LEC,Ferrari,False,5.0,58.0,True,10.333333333333334,7.2,0.13043478260869565,15,6.666666666666667,344.0,2,1,False,4.0
2025,24,NOR,McLaren,False,2.0,58.0,True,8.0,5.4,0.13043478260869565,18,21.666666666666668,742.0,5,1,False,3.0
2025,24,OCO,Haas F1 Team,False,8.0,58.0,True,12.0,12.0,0.043478260869565216,19,3.6666666666666665,67.0,3,1,False,7.0
2025,24,PIA,McLaren,False,3.0,58.0,True,9.0,7.4,0.08695652173913043,21,21.666666666666668,742.0,5,2,False,2.0
2025,24,RUS,Mercedes,False,4.0,58.0,True,4.0,5.0,0.0,23,27.0,414.0,6,1,False,5.0
2025,24,SAI,Williams,False,12.0,58.0,True,7.0,11.6,0.18181818181818182,24,8.333333333333334,124.0,9,1,False,13.0
2025,24,STR,Aston Martin,False,15.0,58.0,True,17.0,15.4,0.09090909090909091,26,2.0,71.0,1,2,False,10.0
2025,24,TSU,Red Bull Racing,False,10.0,58.0,True,13.0,11.4,0.043478260869565216,27,22.0,385.0,8,2,False,14.0
2025,24,VER,Red Bull Racing,False,1.0,58.0,True,1.6666666666666667,1.8,0.043478260869565216,28,22.0,385.0,8,1,False,1.0
